﻿line,akkadian,english,source
i' 1',<data> <data> <data> <data> u dannassu nagê šatti aṣabbata šum mahar ikkirā Kar-Sin-ahhe-eriba abbi nibīssun nišī māssu kišitte qāssa ina libba ašāb ina qāssa šūt rāšūʾa bēl Harhar amna lirappiš māssu,I took as and a fortress for th[at district then I chan[ged its former name and i´ 5´ ca]lled it Kār-Sennache[rib I settled therein the people of the lands that I had co]nquered I pla[ced it under the authori]ty of a eu[nuch of mine the gover[nor of the city Ḫarḫar and thus en]larged my la[nd,https://oracc.museum.upenn.edu/riao/Q003506?lang=en
i' 9',ina tayyarat ša Madaya rūqāti ša ina šar ab mamma lā ašmâ siqiršin māssu maddatta kabitta amdahhar,On my return march I received a substantial payment from the distant Medes of whose land no]ne of the kings my ancestors had heard mention,https://oracc.museum.upenn.edu/riao/Q003506?lang=en
ii' 1',amdahiṣ altakan dabdâšu bēl narkabat u mār šar Muṣuraya adi bēl narkabat ša šar Emeluhha balṭūssa ina qabal tamhāra akšud qāssa,I fou]ght with them and defeated them I[n the thick of battle I captured alive the Egyptian cha]rioteers and princes lit “the sons of the king” tog]ether with the charioteer[s of the king of the land Meluḫḫa,https://oracc.museum.upenn.edu/riao/Q003506?lang=en
ii' 5',Altaqu Tamna alme akšud ašallal šallassin ana Amqarruna aqribma šakkanak rubâtu ša hīṭātišu bašê addūk ina dimāte sihir āl ālul pagar <data> <data>,I surrounded conquered and plundered the cities Eltekeh and Ta[mnâ I approached the city Ekron and I killed the governors and nobles who had committed crime(s and hung their corpses on towers arou[nd the city,https://oracc.museum.upenn.edu/riao/Q003506?lang=en
