﻿line,akkadian,english,source
i 1,Aššur <data> <data> rabâ šar kiššat Igigi u <data> <data> <data> <data> <data> <data> bēl māssu <data> <data> <data> <data> <data> <data> <data> <data> Aššur <data> <data> <data> <data> <data> <data> Marduk bēl gamri ēpir kiššat nišī šārik <data> <data> Sin etel šamê u ereṣēti šaqû nannār il Šamaš <data> <data> namrāti <data> <data> <data> <data> <data> <data> zāmânī <data> <data> <data> <data> <data> <data> <data> <data> <data> <data> <data> <data> <data> <data> <data> <data> <data> <data> <data> <data> <data> <data>,The god Aššur great lord king of all the Igīgū god[s and Anunnakū gods lord of the lan[ds Aššur i 5 the god Marduk lord of all who provides all people with food and grants the god Sîn lord of heaven and netherworld exalted one divine li[gh]t of the gods the god Šamaš bright i 10 the fo[e,https://oracc.museum.upenn.edu/riao/Q006596?lang=en
i 15,il rabâ muttabbilūt šamê u ereṣēti ša tīb <data> tuqmāte u šašme nābû šum <data> srgn šar <data>,Great god]s ma[nagers of heaven and netherworld who]se attack means battle and strife who nam]ed Sargon II ki[ng in accordance with your heart’s desire,https://oracc.museum.upenn.edu/riao/Q006596?lang=en
i 19b,<data> <data> <data> <data> <data> bibil libba srgn šakin Enlil <data> <data> nêšak baʾʾīt Aššur nišīt ēna Anim u Dagan <data> <data> šar rabâ šar dannāku šar kiššat šar māssu Aššur <data> <data> šar kibrāt arbaʾi <data> <data>,Sargon II app[ointee of the god Enlil nešakku priest and desired object of the god Aššur chosen of the gods Anu and Dagān great king strong king king of the world king of Assyria king of the f[our quarters of the world favorite of the great god]s,https://oracc.museum.upenn.edu/riao/Q006596?lang=en
i 22b,migir il rabâ rēʾi kēni ša Aššur u Marduk šarrūssa lā išnunūšuma šutlimšu siqiršin aṣê,just shepherd one to whom the gods Aššur and Marduk granted a reign without eq]ua[l and whose reputation these gods exalt/exalted to the heights,https://oracc.museum.upenn.edu/riao/Q006596?lang=en
i 24b,ana rāšūʾa šākin šubarrâšun Sippar Nippur Babili mušallim hibiltašina šākin <data> <data> <data> <data> <data> <data> Enlil <data> <data> <data> <data> <data> <data> <data> <data> <data> <data> mušaššik tupšikki Deri <data> <data> <data> <data> mušapšihu nišī <data> Harran <data> <data> <data> nišī <data> <data> <data> <data> <data> <data> <data> <data> <data> <data> <data> ša ana amqutma <data> <data> ša ištu ūm bēlūssu malik gabarâšu lā bašê <data> <data> <data> <data> šamaš adi išlimma šamaš <data> <data> <data> baʾūlāt <data> <data> <data> <data> <data> <data> <data> <data> <data> <data> <data> <data> <data> <data>,who re)-established the šubarrû privileges of the cities Sippar Nippur and Babylon and made resti]tution for the wrongful damage suffered by them who re)-established the god Enlil who abolished corvée duty for the city Dēr who gave relief to their people the city Ḫarrān his people to strike down i 30 who from the first da]y of his reign has had no rul[er who could equal him from ea]st to we[st the subjects of the god Enlil,https://oracc.museum.upenn.edu/riao/Q006596?lang=en
ii 1,<data> <data> <data> <data> <data> <data> <data> <data> <data> <data> <data> <data> <data> <data> <data> <data> <data> <data> <data> <data> <data> <data> <data> <data> <data> <data> <data> <data> <data> <data> <data> <data> <data> <data> <data> <data> <data> <data> <data> <data> <data> <data>,Too poorly preserved to allow translation,https://oracc.museum.upenn.edu/riao/Q006596?lang=en
ii 4,<data> <data> <data> <data> Ilu-biʾdi Amataya <data> <data> <data> <data> <data> <data> <data> <data> <data> <data> <data> <data> <data> <data> <data> <data> <data> <data> <data> <data> azmarānê mušširannâti <data> <data> <data> <data> <data> <data> <data> <data> <data> <data> <data> <data> <data> <data> ṣāb ipahhurū māmīt il rabâ <data> <data> <data> <data> <data> <data> atūra ana emūq atkal ummān Aššur gapšāte adakkekama <data> <data> <data> <data> <data> <data> <data> <data> itbâ narkabat pēthal sisê ina <data> <data> <data> <data> <data> <data> <data> <data> <data> <data> nār nābali nabāsiš aṣruba <data> <data> <data> <data> <data> <data> <data> <data> <data> <data> ina ašibi dannāku dūr karpāniš uparrir <data> Qarqar ina gīri aqmi šâšu adi kimtašunu mundahṣē ana āl Aššur attabbal ina pān abul <data> mašak akūṣ <data> <data> <data> <data> <data> šūt rāšūʾa ana bēl el altakan Amataya <data>,Iaū-biʾdī Ilu-biʾdī of the land Hamath ii 5 spears he abandoned he assembled his troops and transgressed against the oath sworn by the great gods he brought them to his side and put his trust in his own forces I mustered the numer[ous troops of the god Aššur and he/they rose up Chariotry cavalry and horses in the city AB their I dyed both the river Orontes and the dry land as red as red wool ii 10 with a mighty battering ram I smas[hed his city wall like a pot and the city Qarqar I burned down with fire I took him together with his family and his fighting men to my city Aššur I flayed the skin from him in front of the city gate I set eunuchs of mine as provincial governors over them The people of the land Hamath,https://oracc.museum.upenn.edu/riao/Q006596?lang=en
ii 13b,<data> <data> <data> <data> <data> <data> ina šalši palâ Šuandahul Durdukka āl dannāku bīssu dūr <data> amēsma ardūssu ša Iransu Mannaya bēl alqâ šēṭūssu <data> <data> <data> mahirat ummān Aššur aṣabbata ana akšud āl šuātunu ana Mannaya alāk dīktaša maʾassi addūk <data> <data> <data> <data> <data> <data> <data> <data> <data> <data> <data> <data> <data> <data> <data> kī aban šamê izannun nišī adi maršīssunu <data>,In my third regnal year the cities Šundaḫul and Durdukka strong w[alled cities disregarded their position as vassal to Iranzi the Mannean their lord and held him in contempt I took the lead in front of the troops of Aššur and I marched to the land Mannea in order to conquer those cities I inflicted a ma[jor defeat upon it I caused to pour forth like hailstones I carried off as booty the people together with their property,https://oracc.museum.upenn.edu/riao/Q006596?lang=en
ii 17,ina rebê palâ ana Tabal alāk Šinuhti āl dannīti ša Kiakki akšud šâšu adi kimtašunu <data> mašak pīri šinni pīri ušî taskarinni lubulti birmē kitî tilli anūt tāhāz <data> <data> ṣēnašu sakullāt sisê imērī ana lā māni ašallal maddatta ša šar ša Tabal amdahhar <data>,In my fourth regnal year I marched to the land Tabal I conquered the city Šinuḫtu Kiakki’s fortified city That individual together with his fam[ily elephant hides elephant ivory ebony boxwood garments with multi-colored trim and linen garments equipment battle gear their sheep and goats herds of horses and donkeys I carried off as booty in countless numbers I received tribute from the kings of the land of Tabal,https://oracc.museum.upenn.edu/riao/Q006596?lang=en
ii 20,ina hamši palâ Galgameš ša kišād Puratte akšud Pisiri šar adi Šemtarru <data> <data> ittešunu makkūr ēkal mimma <data> <data> niṣirtašu šarrūssa ašallal ana āl Aššur attabbal nišī Galgameš <data> bilassun maddatta,In my fifth regnal year I conquered the city Carchemish which is located on the bank of the Euphrates River Pisīri(s its king together with Šemtarru along with the possessions of his palace every valuable object his royal treasure I carried off as booty and brought to my city Aššur I imposed upon the people of the city Car[chemish the same tribute and payment(s as if it were part of Assyria I presented to the gods Aššur and Marduk gods the gold and silver that I had personally seized at the city Carchemish,https://oracc.museum.upenn.edu/riao/Q006596?lang=en
ii 22b,kī māssu Aššur ēmid hurāṣ kasap ša Galgameš qāssa akšud ana Aššur Marduk <data> il <data> ina šadissu palâ Ullusuni Mannaya <data> šibsāt Aššur ša aspuh Mannaya u halāq nišī anaqqar dūr el bašê ana Rusa x <data> <data> <data> atkal Aššur-leʾi Karallaya Itti Allabraya ittešunu attabalkat pâ ēda altakan nīr Aššur aṣlima <data> <data> <data> <data> <data> alqâ maddatta akla <data> ša <data> ētattiqāāma nīssu kabitta lā aplah amšima māmīt <data> <data> amât šatti <data> <data> <data> <data> <data> <data> <data> <data> <data>,In my sixth regnal year the wrath of Aššur was directed against Ullusunu the Mannean ordaining the dissolution of the land Mannea the destruction of his people and the demolition of his city wall He Ullusunu then put his trust in Rusâ of the city He caused Aššur-lēʾi of the land Karalla and Ittî of the land Allabria to rebel against me and made them act in unison He threw off the yoke of the god Aššur and took He withheld his tribute and who transgressed did not respect his mighty oath and forgot his sworn agreement,https://oracc.museum.upenn.edu/riao/Q006596?lang=en
ii 26,libba arhuṣma elēṣ kabatsu ummān Aššur rapašti adakkekama ana Mannaya alāk <data> <data> <data> <data> <data> <data> <data> <data> <data> <data> <data> <data> <data> <data> <data> adi <data> bēr ūm lā ašquma dūr kīma karpat pahāri uparrir <data> ina qāssa aṣabbata nišī adi maršīssunu ina pān abul kīma minût ṣēnašu amna Izirte āl dannīti <data> <data> <data> <data> qutri naqmūt Izirte amār imāʾū martu arād inaššiquni šēp <data> ana <data> ētezib napištašu šēp aṣabbata sisê alap ṣēnašu maddatta amdahhar <data> <data> <data> <data> <data> Aššur-leʾi Karallaya ēpissa lemnēte šâšu adi ṣāb ina qerbeša ušmannātešunu addâ birâti parzilla <data> assuh ana āl māssu Aššur attabbal Karalla adi nagê el pāhāt Lullume arde <data> <data> <data> Bel-aplu-iddina <data>,I became confident and my mood became jo[yf]ul I mustered the exte]nsive troops of the god Aš[šur and ma[rched to the land Mannea be[fore the day had proceeded two double-hours I had smashed his city wall as if it were a potter’s vessel and I personally captured In front of his city gate I considered his people together with their property as if they were a number of sheep and goats His for[tified city Izirtu they saw the smoke of the conflagration of the city Izirtu and vomited gall They came down to kis[s my feet ii 30 In order to save his life he grasped hold of my feet I received horses oxen and sheep and goats as his tribute I captured Aššur-lēʾi of the city Karalla an evil-doer In the midst of my camp I threw him together with his soldiers in iron fetters I re]moved and brought to my city Aššur lit “Assyria” I added the city Karalla together with its district to the province of the city Lullumê I elevated Bēl-aplu-iddina over the city Paddira I imposed upon him more state service and corvée duty than before,https://oracc.museum.upenn.edu/riao/Q006596?lang=en
ii 33b,el Paddir arbâ ilki tupšikki el ša mahar ēmid ištu Paddir ammušma ana Nikkur <data> <data> Kinahri ša Šurgadia āl dannāku Guti lā bābil šipir ša ūmešam āṣīt nišī <data>,Moving on from the city Paddir(a I came to the city Niqqar the city Kinaḫri of the city Šurgadia fortified citi]es of the land of the Gutians those who do no work who daily the expeditionary force of the people I carried off as booty their people together with their property their horses their oxen and their sheep and goats Šēp-šarri the city ruler,https://oracc.museum.upenn.edu/riao/Q006596?lang=en
ii 35b,nišī adi maršīssunu sisê alap ṣēnašu ašallal Šep-šarri <data> <data> <data> āl <data> <data> ištu <data> ammušma ana Hundir aqribma Bel-šarru-uṣur Kišesaya dabāb lā kināti adabbuba ana āl ša libīt <data> maddatta sisê alap ṣēnašu ana Hundir adi mahar alqâ ina qerbeša ušmannātešunu amdahhar <data>,Moving on from I came to the city Ḫundir Bēl šarru uṣur of the city Kišesim spoke mendaciously to the city rulers of his en[virons He brought before me in the city Ḫundir as his tribute horses oxen and sheep and goats I received them inside my camp I counted them as booty,https://oracc.museum.upenn.edu/riao/Q006596?lang=en
ii 38b,ana šallassin amna sisê ṣimdat nīr būšašu makkūr hurāṣ kasap lubulti birmē kitê tilli anūt tāhāz <data> <data> ana māssu Aššur ītarrê <data> kak ša Aššur Sin Šamaš Adad Ištar bēl ālik pān epēssu ina qerbeša armâ nišī Ki-x-x nagê aburriš irtabṣū <data> šūt rāšūʾa ana bēl el altakan Bit-Sagabi ša qerbeša dannassu ša mār Babili <data>,I brought to Assyria horses trained to the yoke property possessions gold silver garments with multi-colored trim linen garments equipment and battle gear I had the weapons of the deities Aššur Sîn Šamaš Adad and Ištar my lords who go before me made and I installed them there I had the people of the city Kišesim and its district dwell as safely as in a meado[w and ii 40 I set a eunuch of mine as provincial governor over them I the land Bīt-Sagabi Bīt-Sagbat which is in the Fortress of the Bab[yonian(s I imposed upon them state ser[vice corvée duty and labor duty for the god Aššur my lord,https://oracc.museum.upenn.edu/riao/Q006596?lang=en
ii 41b,ilki tupšikki ezabbilū kudurri ša Aššur bēl ēmid ina ūm Harharaya kanše Aššur zabbil tupšikki <data> <data> <data> <data> Kibaba āl ābuk sisê addin šanat maddatta akla dūr dunnina ērissunūti kitaršu <data> <data> <data> <data> <data> ūm lā ašquma dabdâšu amdahiṣ dīktaša maʾassi addūk mundahṣē ana timmē elê <data> arṣip šuklul ēkurrāti eššiš epēssu il ana ašar atūra ša Aššur Sin Šamaš Adad Ištar il ālik pān <data> <data> <data> <data> ana lā mīna ina qerēti atbuk Narti elīte ša Aranzešu Nartu šaplî ša Bit-Ramatiya <data> <data> kudurri,At that time the people of the city Ḫarḫar who are submissive to Aššur and perform labor service They drove off Kibab]a their city ruler and withheld the horses which were to be given yearly as their tribute They strengthened their city wall and repeatedly as[ked for military aid before the day had proceeded x double-hours I brought about their defeat I inflicted a major defeat on them I impaled their fighting men on stakes I completely re)con]str[ucted I built its temple anew and restored its gods to their places I ed the of the deities Aššur Sîn Šamaš Adad and Ištar the deities who go before me I poured out innumerable offerings at its festival The upper river(land of the land Arazišu Aranzêšu the lower river(land of Bīt-Ramatua I had them perform labor duty as if they were Assyrians,https://oracc.museum.upenn.edu/riao/Q006596?lang=en
ii 46b,kī ša Aššur ezabbilū ištu Harhar ammušma nār mê kaṣûte ebēr ana Zakrute aqribma <data> <data> <data> <data> <data> <data> <data> ,Moving on from the city Ḫarḫar I crossed a river with cold water and came to the city Zakrute,https://oracc.museum.upenn.edu/riao/Q006596?lang=en
ii 47,ištu Zakrute ammušma ana Kurabli aqribma maddatta ša Daiku ša Šapardaya ša UŠ-x <data> <data> <data> <data> <data> <data> <data> ša <data> <data> <data> <data> <data> amdahhar <data> <data> <data> māssu <data> <data> <data> Igali Sikris Bit-Uargi nagê rūqāti ša šar ālik pān siqiršin <data> <data> <data> <data> <data> <data> <data> <data> <data> <data> pulhī melammē aktum āl mušširannâti nišī maršīssunu ipahhurū Abrau <data> <data> <data> ana tuklāt <data> <data> <data> <data> <data> <data> <data> <data> ina kak amqutma sitāt nišī sisê parê alap immer imērī ašallal <data> <data> <data> <data> <data> ana <data> <data> <data> <data> <data> <data>,Moving on from the city Zakrute I came to the city Kurabli I received as tribute from Daīku of the city Šaparda and from UŠ Moving on from the city Kurabli the land of the land Igali the land Sikris and the land Bīt-Uargi distant regions whose name s the kings who preceded me had never heard Fe]ar of my brilliance overwhelmed them and they abandoned their cities They gathered their people and their property and the land Abrau for their support I struck down with the sword and carried off the remainder of them as booty namely people horses mules oxen sheep and donkeys to/for I destroyed demolished and burned down with fire,https://oracc.museum.upenn.edu/riao/Q006596?lang=en
ii 51b,<data> anappal anaqqar ina išāti ašrup ištu Sikris ammušma ana Arussa aqribma nagê šâšu adi <data> <data> <data> <data> <data> ,Moving on from the land Sikris I came to the land Arussa That region together with,https://oracc.museum.upenn.edu/riao/Q006596?lang=en
ii 52,<data> <data> <data> <data> <data> <data> <data> Pattaus nārti ebēr ana Ukuta aqribma nišī nagê šatti <data> <data> <data> <data> <data> <data> <data> <data> kīma dipār aqūdma ê ebūr ana muʾuddê ummān akul qurādēšu ana ašallal <data> <data> <data> <data> <data> <data> <data>,I crossed the Pattaus River and came to the land Ukuta The people of th[at region who/which I set on fire like a torch I fed my troops their grain crop in large quantities My warriors in order to plunder they carried off as booty,https://oracc.museum.upenn.edu/riao/Q006596?lang=en
ii 54b,<data> ašallal ištu Ukuta ammušma Arusaka šad dannāku pisnuqqiš attabalkat Anzakne <data> aqribma <data> <data> <data> <data> <data> <data> <data> kakkabiš ušaṣarih Karakka Uriakkaya qutri naqmūt āl ša Anzakne <data> <data> <data> <data> <data> <data> <data> <data> <data> <data> <data> <data> <data>,Moving on from the land Ukuta I crossed over Mount Arusaka a mighty mountain with great difficulty and came to the land Anzaknê I made flare up like a star Karakku of the land Uriakku saw the smoke of the conflagration of the cities of the land Anzaknê,https://oracc.museum.upenn.edu/riao/Q006596?lang=en
ii 56,ištu Anzakne ammušma ina nēreb ša Upparia ina birīt Pattaššun Darue šad šaqâ erēb ina šēp Uab-x-šu-x šad akṣur ušmannātešunu <data> pēthal ṣāb qašassu ana hubti ṣēr ana āl ša Bustis šilipu ʾāri ṣāb ṣēr <data> <data> <data> <data> <data> <data> <data> <data> <data> <data> <data> maddatta ša <data> ša Upparia ša Mašdakka ša Aratista amdahhar Razdatu ša Bustis Ušra ša Kanzabkani ana Upparia <data> <data> <data>,Moving on from the land Anzaknê I entered the pass of the land Uppuria in between Mount Pattaššun and Mount Darūe high mountains I set up camp at the foot of Mount Ua b...šu I sent cavalry and bowmen ly against the settlements of the city Bustus in order to take booty from the steppe The soldiers of the steppe I received as tribute from of the land Uppuria and from Mašdakku of the land Aratišta Razištu of the land Bustus and Ušrâ of the land Kan[za]bakanu came before me in the land Uppuria and kissed my feet Razidatu Razištu the city ruler of the city Bustus spoke mendaciously abandoned his land and fled far away I destroyed his cities leveling them down to the ground,https://oracc.museum.upenn.edu/riao/Q006596?lang=en
ii 59b,Razdatu āl ša Bustis dabāb lā kināti adabbuba māssu mušširannâti rūqiš innabidūma āl anappal qaqqariš <data> ištu Upparia ammušma ,Moving on from the land Uppuria I came to the land Datumbu I received horses as tribute from Ušrâ of the city Ka(n)zabakanu,https://oracc.museum.upenn.edu/riao/Q006596?lang=en
ii 60b,ana Datumbu aqribma maddatta ša Ušra ša Kanzabkani sisê amdahhar ištu Datumbu ammušma ana Karzinu aqribma maddatta ša <data> ,Moving on from the land Datumbu I came to the city Karzinû I received horses as tribute from Moving on from the city Karzinû I came to the land Bir na kan I received as tribute from Satarpānu of the city Barikānu from Uppa of the city from,https://oracc.museum.upenn.edu/riao/Q006596?lang=en
ii 61b,sisê amdahhar ištu Karzinu ammušma ana Birnakan aqribma ša Satarbanu ša Barikanu ša Uppa-x ša x <data> <data> <data> <data> <data> ša <data> <data> <data> <data> amdahhar ištu Birnakan ,Moving on from the land Bir na kan I came to the land Sakâ I received horses as tribute from Zardukka of the city Ḫarzianu from Ištesukk[a of the ci]ty Kayatani and from Kir...-ni of the city,https://oracc.museum.upenn.edu/riao/Q006596?lang=en
ii 62b,ammušma ana Saka aqribma maddatta ša Zardukka ša Harziani ša Ištesukka ša Kaitanu ša Kir-x-x-ni <data> <data> <data> <data> <data> sisê <data> <data> <data> <data> <data> <data> <data> <data> <data> amdahhar <data> ištu Saka ammušma Darue nārti ebēr ana Ramanda aqribma Šitaqupa āl ša x <data> <data> <data> <data> <data> <data> <data> <data> <data> <data> <data> <data> <data> <data> <data> <data> <data> <data> ištu āl <data> <data> <data> <data> <data> <data> <data> <data> <data>,Moving on from the land Sakâ I crossed the Darūe River and came to the land Rāmanda Šitaqupa the city ruler of the city from the cities,https://oracc.museum.upenn.edu/riao/Q006596?lang=en
ii 64,ištu Ramanda ammušma ana Arnasia aqribma maddatta ša Šidiraššura ša Arnasia ša Battigur ša Hu-x <data> <data> <data> <data> <data> <data> <data> <data> <data> <data> <data> <data> ana x <data> <data> <data> <data> <data> <data> amdahhar Uardatti <data> Ṣibaraya ša ana šar mahar qāssa lā atruṣma napištašu lā <data> <data> <data> <data> <data> <data> <data> <data> <data> <data> <data> <data> <data> <data> <data> <data> <data> <data> <data> <data> <data> nagê ša Ayalaya <data> <data> <data> <data> karāssu ša ana <data> bēr pān šamê <data> Na-x-ku <data> <data> <data> <data> <data> <data> <data> sisê rabâ ṣindā nīr <data> <data> <data> ša <data> <data> <data> mušakšid ernitti u ša Nergal kidin anīhi simat tāhāz māssu <data> ana ētezib <data> <data> <data> <data> nēhiš ana ašāb ana Arnasia <data> <data> <data> <data> <data> <data> <data>,Moving on from the land Rāmanda I came to the land Irnisa I received as tribute from Šidiraššurâ of the land Irnisa and from Battigur of the city Ḫu to/for the land Uardatti of the city Ṣibar who had neither stretched out his hand to any of the previous kings of Assyria nor inquired about their health district of the land Ayalaya of the military camp which covered the sky for a distance of one league the river Na large horses trained to the yoke At the command of the god who makes me triumph and of the god Nergal my protection the tireless one fit for battle he Uardatti came to me to the land Irnisa in order to save his land and allow his people to live in peace he grasped hold of my f[eet and submitted himself to the yoke of the god Aššur my lord,https://oracc.museum.upenn.edu/riao/Q006596?lang=en
ii 68b,šēp aṣabbata ana Aššur bēl iknuša ana nīr ištu Arnasia ammušma ana Uratas aqribma maddatta ša Azamada ša U-x-x-x-a-ta ša TAK-x-x <data> ša Hagabtaya ša Burbuasu ša Uratista Šummušra ša <data> Qarkasia ša Burbuazu ša Ginkir ša Bu-x-x-bartanu ša Rur-x <data> <data> sisê,Moving on from the city Irnisa I came to the land Uratas I received horses trained to the yoke as tribute from Azamada of the city U from TAK from of the city Ḫagabtâ Ecbatana from Burbuasu of the land Uratis ta from Šummušrâ of the city Qarkasia from Burbuazu of the city Ginkir and from Bu...bartanu of the land Ru r,https://oracc.museum.upenn.edu/riao/Q006596?lang=en
ii 70b,ṣindā nīr amdahhar ina ūm narâ epēssu ṣalam il rabâ bēl mušakšid ernitti <data> <data> <data> <data> <data> <data> <data> <data> <data> <data> <data> <data> <data> <data> <data> <data> <data> <data> ēsiq <data> epissun lētu Aššur kišittī qāssa ša el kibrāt erbaʾi altakan <data> mimmû ina Ki-x-x epēssu el alṭur ina Ki-x-x ša qāssa akšud ana <data> <data> azziz <data>,At that time I had a stele made and I engraved upon it image(s of the great gods my lords who make me triumph I inscribed upon it the victorious deeds of the god Aššur my conquests that I made over the four quarters of the world and everything that I had done in the city Kišesim I erected it for all time in the city Kišesim that I had personally con[quered for,https://oracc.museum.upenn.edu/riao/Q006596?lang=en
ii 72b,ahrâtaš rubâtu arkīti ša Aššur šar kiššat Igigi abbi ana bēlūssu māssu <data> Aššur attasqara šum narâ šatti alsâ šaman apšuš <data> ,May a future prince — one whom the god Aššur king of all the Igīgū gods will summon and nominate for the lordship of Assyria — read this stele and ano[int it with o[il May he offer a sacrifice May he praise the good deeds of the god Aššur and have future generations learn to revere him Aššur,https://oracc.museum.upenn.edu/riao/Q006596?lang=en
ii 73b,nīq aqqâ epissun Aššur damiqtim attaʾʾid pulhāte <data> alammad arkīti ša narâ šatti <data> <data> <data> <data> <data> šubāt ikkirā <data> <data> <data> <data> <data> <data> <data> <data> pazreš akkuma u nār isallûma itammeru epreš ina gīri aqmi <data> <data> <data> <data> <data> altakan issehuma <data> <data> <data> <data> <data> <data> <data> <data> il rabâ āšib šamê ereṣēti aggiš ētarar šum zēr ina māssu <data> halāq,As for the one who this stele changes its resting place secretly stores it away or throws it into a river lit “rivers” or buries it in the ground or destroys it by fire or places it or mutilates it or may the great gods who dwell in heaven and netherworld curse him angrily May they make his name and his descendant(s disappear from the land,https://oracc.museum.upenn.edu/riao/Q006596?lang=en
