﻿line,akkadian,english,source
1',<data> <data> <data> <data> <data> išdāša <data>,its foundations,https://oracc.museum.upenn.edu/riao/Q003481?lang=en
3',ša qabal āl u Nina āl bēlūssu šubāt arbâ rebâte lišamdil birēti u sūq ippardi immerū kīma ūm ,I enlarged the si[te of the citadel and Nineveh my c]apital city I broadened their squares and brought light into the alleys and streets making them as bright as day,https://oracc.museum.upenn.edu/riao/Q003481?lang=en
4',ina mahirat abul qabal āl ina agurrī pēli peṣât ana mēteq narkabat bēlūssu epēssu titūri ,I had a bridge constructed opposite the Citadel Gate with paving ston[es of white limestone for the passage of my lordly chariot,https://oracc.museum.upenn.edu/riao/Q003481?lang=en
5',mušarâ epēssu lētu u danān ša ina tuklāt Aššur bēl rabâ bēl el kullat nakirēšu altakan u mimma epissun qāssa alṭur qerbeša ittešunu mušarâ ša malik ālik mahar ab ina dūr qabal āl ša Nina āl bēlūssu ana šar mār ētezib ahrâtaš,I had an inscribed object made and had all the mi]ghty victo[ries that I achieved over all of my enemies with the support of the god Aššur the great lord my lord and all of my other achievements inscribed thereon With inscribed objects of earl[ier rule]rs my ancestors I deposited it for ever after in the citadel wall of Nineveh my capital city for the kings my descendants,https://oracc.museum.upenn.edu/riao/Q003481?lang=en
7',immatēma ina mār arkīti ša Aššur ana rēʾûssina māssu u nišī abbi siqiršin enūma dūr šâtu ilabbbiru ātanah anhūssa ēteneddišu mušarâ šiṭir šum amār šaman apšuš nīq aqqâ ana ašar atūra Aššur u Ištar ikrib ašmâ,At any time in the future may one of my descendants lit “future children” whom the god Aššur names for shepherding the land and people renovate its dilapidated section(s when that wall becomes old and dilapidated May he find an inscribed object bearing my name anoint it with oil make an offering and return it to its place The god Aššur and the goddess Ištar will then hear his prayers,https://oracc.museum.upenn.edu/riao/Q003481?lang=en
