﻿line,akkadian,english,source
1,ēkal srgn šakin Enlil nêšak Aššur šar dannāku šar kiššat šar māssu Aššur šar ša ištu ṣītān adi šīlān kibrāt erbaʾi abēl altakan,Palace of Sargon II appointee of the god Enlil nešakku priest of the god Aššur strong king king of the world king of Assyria 5 king who ruled the four quarters of the world from east to west and set governors over them,https://oracc.museum.upenn.edu/riao/Q006527?lang=en
9b,šakin ina bibil libba šēp Muṣri šad āl epēssu Dur-Šarrukin attasqara nibīssun,In accordance with my heart’s desire I built a city at the foot of Mount Muṣri and named it Dūr-Šarrukīn,https://oracc.museum.upenn.edu/riao/Q006527?lang=en
14,šubāt Ea Sin Šamaš Adad u Ninurta ina qerbeša addâ bunnannê ilūssa rabâ Ninšiku bān mimma iʾʾaldu  armâ parak,I erected dwelling(s for the gods Ea Sîn Šamaš Adad and Ninurta inside it The god Ninšiku Ea the creator of everything fashioned images of their great divine majesties and they occupied their daises,https://oracc.museum.upenn.edu/riao/Q006527?lang=en
22,ēkal šinni pīri ušî taskarinni musukkannī erēnī šurmēni daprāni burāši u buṭni ina qerbeša epēssu bīssu hilāni tamšīl ēkal Hatti mahirat bāb aptiq gušūrī erēnī šurmēni ikūn ṣēr ina ṭuppāte hurāṣ kasap erâ annaki abāri uqnê gišnugalli nibīssun šum alṭur ina uššē ikūn,I built inside it the city palatial halls using lit “of” elephant ivory ebony boxwood musukkannu wood cedar cypress daprānu juniper 25 juniper and terebinth I then fashioned a bīt ḫilāni a replica of a Hittite palace in front of their gates 30 and roofed them with beams of cedar and cypress I wrote my name upon tablet(s of gold silver copper tin lead lapis lazuli and alabaster and placed them in their foundations,https://oracc.museum.upenn.edu/riao/Q006527?lang=en
37,munakkir epissun qāssa mupaššiṭṭu simat Aššur bēl rabâ šum zēr ina māssu halāq,As for the one who alters the work of my hands or effaces my own representation(s may the god Aššur the great lord make his name and his descendant(s disappear from the land,https://oracc.museum.upenn.edu/riao/Q006527?lang=en
