﻿line,akkadian,english,source
1,ēkal Sin-ahhe-eriba šar rabâ šar dannāku šar kiššat šar māssu Aššur ,Palace of Sennacherib great king strong king king of the world king of Assyria king of the four quarters of the world and favorite of the great gods,https://oracc.museum.upenn.edu/riao/Q003516?lang=en
2b,šar kibrāt erbaʾi migir il rabâ Aššur ab il ina kullat malik kēniš appalisma el gimir ,The god Aš]šur father of the gods looked steadfastly upon me among all of the rulers and he made my weapons greater than those of all who sit on royal daises,https://oracc.museum.upenn.edu/riao/Q003516?lang=en
3b,āšib parak arbâ kak ina tāhāz ṣēr ina tamerāti Kiš askip Marduk-apla-iddina šar Karduniaš ekēm bēlūssu gimir māssu Kaldi adi gipiš ummān Alamu rēṣēšu rasāb ina kak,I]n a pitched battled in the plain of Kish I repulsed Mar[duk-apla-iddina II Merodach-baladan the king of Karduniaš Babylonia and took away his rulership I killed with the sword all of the Chaldeans together with the massed body of Elamite troops his allies,https://oracc.museum.upenn.edu/riao/Q003516?lang=en
5,Aššur-nadin-šumi mār rēštê tarbīt birkāya ina kussâšu šarrūssa ašāb māssu Akkad rapašti adgul pān ,I placed Aššur-nādin-šumi my first-born son whom I raised on my own knee on his royal t[hrone and entrusted him with the wide land of Akkad,https://oracc.museum.upenn.edu/riao/Q003516?lang=en
6,assuh nagab Ahlam-Akkadi Sute bahūlāte Hirimme ina kak amqutma lā ētezib perʾašu ,I uprooted all of the Aḫlamû Arameans and Sutians I put to the sword the inhabitants of the city Ḫirimmu not sparing any of their offspring I conquered the land of the Yasubigallians a dangerous enemy I ruined the land El[lipi and destroyed its settlements,https://oracc.museum.upenn.edu/riao/Q003516?lang=en
7b,akšud māssu Yasubigallaya nakirēšu akṣi Ellipi šulput abātu dadmē u Luli šar Ṣidunni adāru tāhāz ana Adnana ša qerbeša tâmāti innabidūma āhuz marqīti ina māssu šâtu ina rašubbat kak Aššur bēl ēmid šad Tu-Baʾil ina kussâšu šarrūssa,Moreover Lulî the king of the city Sidon became frightened of doing battle with me fled to Yadna[na Cyprus which is in the midst of the sea and took refuge there In that same land he disappeared on account of the awesome terror of the weapon of the god Aššur my lord I placed Tu-Baʾlu on his royal throne and imposed upon him payment in recognition of my overlordship,https://oracc.museum.upenn.edu/riao/Q003516?lang=en
10b,ašāb maddatta bēlūssu ikūn ṣēr šulput rapašti nagê Iaudi šepṣu mitru ,I ruined the wide district of the recalcitrant and strong land Judah and I made Hezekiah its king bow down at my feet so that he now pulls my yok[e,https://oracc.museum.upenn.edu/riao/Q003516?lang=en
11b,Hazaqiyu šar šēp iknuša išâṭ abšānī amēl Tumurraya āšib Nipur šad ,I put to the sword the men of the city Tumurrum who live on Mount Nipur a rugged mountain I destroyed the city Ukku together with every one of its settle[ments so that they looked like a ruin hill created by the Deluge,https://oracc.museum.upenn.edu/riao/Q003516?lang=en
12b,marṣāti ina kak amqutma Ukki adi naphar dadmē kīma tīl abūb abātu ina ūm tenēšet ,At that time I made the enemy people whom I had captured carry baskets of earth and they ma[de bricks,https://oracc.museum.upenn.edu/riao/Q003516?lang=en
13b,nakirēšu kišitte qāssa tupšikki aššânni albin libittašin ēkal qabal āl ša Nina ša <data> mē <data> ina ammat šiddi <data> ina ammat pūssa mārak šitkunā ṣuhhur šubāt ša šar ālik mahar,The palace in the citadel of Nineveh whose extent was 360 cubits on its longer side and 95 cubits on its shorter side and whose site was too small and which earlier kings my ancestors had had constructed for their lordly dwelling but whose construction they had carri[ed out in[expertly,https://oracc.museum.upenn.edu/riao/Q003516?lang=en
15b,ab ana rimīt bēlūssu epēssu lā ikkilū šipir immer šad lamassāt ša pēli peṣât ina Tastiate abtuq ana mukīl bāb ana epēssu eleppa qerbeša qišāti iṣ rabâ aqārimma ina naphar māssu ina Ayyaru ūm adānka edê pān šanat ina eleppa ṣīrāte ana ahannâ ebēr marṣiš ina nēber kār magulê uṭebbû bahūlāte ātanah lilammina karassin ina danān u šupšuq marṣiš attabbal,They quarried mountain sheep colossi of white limestone in the city Tastiate to be their the palatial halls’ gatekeepers Throughout all of their lands they depleted forests of large trees to have boats built In the month Ayyāru II the time of spring f[loods they brought the colossi across to this side of the river with difficulty in magnificent boats They sank large boats at the qu[ay dock and then made their crews struggle and strain Wi[th might and main they struggled to transport the colossi and install them in their gates,https://oracc.museum.upenn.edu/riao/Q003516?lang=en
20b,aṣabbata bāb Tebilti agê šitmurti ša ištu ūm rūqāti ṭēh ēkal ,The Teb]ilti River a tempest[uous flood of water which had flowed from distant days by the side of the palace and had sha]ken its base when its flood was in full sp[ate,https://oracc.museum.upenn.edu/riao/Q003516?lang=en
21b,ibʾa ina mīlêša gapšāte irūmma temmēn egalturrâ šâtu ana sihir anaqqar ša Tebilti ,I tore down that s[mall palace i]n its en[tirety and then I chan[ged the course of the Tebilti River and directed its outflow,https://oracc.museum.upenn.edu/riao/Q003516?lang=en
22b,mālak išni ešēr mūṣâšu qerbeša asurrakkiša šaplāni qan elāniš kupri ittešunu pēli rabâ dunnuniš aksâ <data> mē <data> ina ammat arku <data> mē <data> ina ammat rapašti eqel ištu māmē elê nābališ atūra tarpaš el ša ūm pān arbâ ṣēr mešihta ēkal,I]n its subterranean waters I very firmly bond]ed reeds below and bit]umen a[bove with large blocks of limestone I raised a plot of land that was 340 cubits long and 2]89 cubits wide out of the water and converted it to dry land I made the area larger than before added it to the form[er dimensions of the palace and raised its superstructure 190 courses of brick high,https://oracc.museum.upenn.edu/riao/Q003516?lang=en
25b,mahar arde ina <data> mē <data> tibik elê rāšūʾa labāriš ūm ina mīlêša kiššat temmēn lā enēše pēli rabâ kisû ishur dunnina šupuk ana mē ina asli rabâ šiddi u <data> mē <data> ina asli rabâ pūssa šikittaš ēkal šūturi,In order to prevent its founda[tion from being weakened over the passage of time by cresting flood(s I surrounded its base with large limestone slabs and thereby reinforced its base I enlarged the structure of the palace to 7 00 large cubits along its longer side and 440 large cubits along its shorter side and thus I made its site bigger,https://oracc.museum.upenn.edu/riao/Q003516?lang=en
28b,šubāt arbâ ēkal turminabandâ gišnugalli šinni pīri ušî taskarinni musukkannī erēnī šurmēni burāši elammakku ana mūšab bēlūssu abnâ bīssu appāte,I built a pa[lace of breccia alabaster elephant ivory ebony boxwood musukkannu wood cedar c[ypress junip]er and elammaku wood for my lordly residence then I had a portico a replica of a Hitti]te palace constructed opposite its gates,https://oracc.museum.upenn.edu/riao/Q003516?lang=en
30b,tamšīl ēkal Hatti mahirat bāb epēssu gušūrī erēnī šurmēni ša erēssi ṭāba binût Hamana Sirara šad ella atruṣma el,I roofed them the palatial halls with beams of cedar and cypress whose scent is sweet produ[ct(s of Mount Amanus and Mount Sirāra the holy mountains,https://oracc.museum.upenn.edu/riao/Q003516?lang=en
1',<data> itâka Nina ina ereṣēti Balaṭaya kī ṭēm il pēli peṣât ana muʾuddê amār aladlammê u ṣalam mešrête gišnugalli ša ina ištât aban abnâ minâta šuklulū ina kigalla ramānī šaqîš nanzuzu apsasāte gišnugalli ša zīm nussuqā kīma ūm napardê nummuru zumri askuppāt turminabandâ ṣīrāte abnâ kilallān ina šad abtuq ana šipir ēkal ašdud,Near Nineveh in the territo[ry of the city Balāṭāya by divine will white lim[estone was discovered i]n abu[nda]nce and then I created bull colossi and other statues with li]mbs of alabaster that are sculpted from a single stone whose proporti]ons are perfect and who stand high o[n their own ped[estals sphinxes of alabaster whose features are exquisite and whose bodies shine like a brilliant day and magnificent slabs of breccia I cut them free on both sides from their mountains and then for the construction of my palace I had them dragged into Nineveh,https://oracc.museum.upenn.edu/riao/Q003516?lang=en
14'b,qerbeša Nina aladlammê rabâ u apsasāte pēli peṣât ina lipit Ninkura ina ereṣēti Balaṭaya iʾʾaldu šuklul,I had large bull colossi and sphinxes of white limestone created in the terr]itory of the city Balāṭāya and their forms p]erfected through the craft of the deity Ninkura,https://oracc.museum.upenn.edu/riao/Q003516?lang=en
17'b,gattašin ša ištu ulla šar ab ṣalam erâ tamšīl gattašin ana azziz qerbeša ēkurrāti abnâ ina epissun ātanah gimir mār ummânī ina lā bišīt unzāšu lā hasās amât ana šipir hišehti šaman iškūru nalbaš ṣēnašu aqārimma qerbeša māssu,Since time immemorial the kings my ancestors created copper statues replicas of th]eir own for[ms to be erected in temples and through their manufacture they had exhaus[ted all of the craftsmen Through ignorance and failure to give tho[ught on the matter they depleted the oil wax and wo ol in their lands for the work they desired,https://oracc.museum.upenn.edu/riao/Q003516?lang=en
22',yâte Sin-ahhe-eriba ašarēd kal malik mūdê šipir kalāma timmē erâ rabâ urmahhē petâ birkāya ša manāma lā aptiq šar pān mahar ina unzāšu nikilte ša šutlimšu rubâtu Ninšiku ina šitūlti ramānī ana epēssu šipir šatti rabîš amtallikma ina milik ṭēm u mēreš kabatsu,But as for me Sennach[erib the foremost of all rulers expert in every type of work regarding large col[umns of copper and strid[ing lion colossi which none of the kings of the pa[st who came before me had cast With the ingenious mind that the prince the god Ninšiku had granted to me and taking counsel with myself I intensively pondered how to perform this work Then with my own ideas and knowledge I created a cast work of copper and expertly carried out its artful execution,https://oracc.museum.upenn.edu/riao/Q003516?lang=en
28'b,pitiq erâ abšimma ikkilū nikilte ša gišmahhī u alamitta iṣ mešrê <data> urmahhē nāʾiri adi <data> aladlammê ṣīrāte ša šuklulū nabīssu <data> apsasāte ša kuzba u ulṣī hitlup baltašun lalâ kummurū ṣēr kī ṭēm il ziʾpī ṭīdi,By divine will I created clay mold(s of tree trunks and date palm(s the tree of abundance of twelve raging lions as well as of twelve magnificent bull colossi with perfect features and twenty-two sphinxes that are coated in allure and charm and that have pride and exuberance heaped upon them and I poured copper into it Just like the cast work of an object weighing only a half shekel I perfected their form(s,https://oracc.museum.upenn.edu/riao/Q003516?lang=en
31'b,abnâ erâ qerbeša ašpuk kī pitiq <data> šiqil šuklul nabīssu aladlammê nabīssu erâ ša <data> ina libba zahalâ litbušā aladlammê gišnugalli adi aladlammê u apsasāte,I made bull colossi with copper features two of which were overlaid with zaḫalû silver and bull colossi of alabaster together with bull colossi and sphinxes of white limestone hold the door bolts of my palatial halls,https://oracc.museum.upenn.edu/riao/Q003516?lang=en
33'b,pēli peṣât ša ēkal aṣabbata sigar timmē erâ ṣīrāte adi timmē erēnī rabâ bibil Hamana meser erâ arkus ṣēr piriggallē azziz adappī kulūl bāb ēmid,I fastened bands of copper on magnificent copper columns as well as on large cedar columns which are the product of Mount Amanus and then I installed them upon lion colossi and positioned cross-beams upon them as a cornice for their gates,https://oracc.museum.upenn.edu/riao/Q003516?lang=en
35',apsasāte gišnugalli adi apsasāte pitiq urudê ša zahalâ litbušā u apsasāte pitiq ešmarâ ša nummuru gattašin timmē ušî šurmēni erēnī daprāni burāši u tatīdi ihzēt pašalli u kasap ṣēr azziz ša kummē,Sphinxes of alabaster as well as sp[hi]nxes of cast urudû copper that were overlaid with zaḫalû silver and sphinxes of cast metal whose features were brilliant I erected over them columns of ebony cypress cedar daprānu juniper juniper and tatīdu wood with pašallu gold and sil]ver inlays and then I positioned the architraves of the inner rooms of my lordly residence on those columns,https://oracc.museum.upenn.edu/riao/Q003516?lang=en
38'b,mūšab bēlūssu ēmid hittāniša askuppāt turminabandâ gišnugalli u askuppāt pēli ,I surrounded their the palace rooms’ lower courses with slabs of breccia and alabaster and large limestone slabs and made them an object of wonder,https://oracc.museum.upenn.edu/riao/Q003516?lang=en
39'b,rabâ asurrûšin ishur ana tabrât alāk alšu ūmešam mê dilûti dalûm eblēšun guhaṣṣāte siparrī u harharī siparrī epēssu kēmū makâte gišmahhī u alamitta,In order to be able to draw water by bucket every day I had bronze wire chains and bronze cables made and instead of poles I had tree trunks and date palm(s placed over wells,https://oracc.museum.upenn.edu/riao/Q003516?lang=en
41'b,ṣēr būrti azziz ēkal šâtina alāk asmeš sihir ēkal ana tabrât kiššat nišī ,I made those palatial halls be]aut[iful To be an object of wonder for all of the people I raised the superstructure of the en]tire palace I called it the “Palace With[o]ut a R[iv]al.”,https://oracc.museum.upenn.edu/riao/Q003516?lang=en
42'b,elê rāšūʾa ēkal ša šānin lā īšâ nibīssun attasqara kirimahhi tamšīl Hamana ša gimir ,I pl]anted alongside it the palace a botanical garden a replica of Mount Amanus which has all kinds of aromatic plants and fruit trees trees that are the main]stay of the mountains and Chaldea collected ins]ide it,https://oracc.museum.upenn.edu/riao/Q003516?lang=en
43'b,riqqī inba ṣippat iṣ tuklāt šad u Kaldi qerbeša hurrušu itâka azqup ana miṭrāte išmuhā ištu patti Kisiri adi tamerāti Nina šad ina akkulāte parzilla ušattirma ešēr harrāti <data> <data> bēr qaqqar ištu qerbeša Husur māmē dārê ašar,To make those pl[an]ted ar[eas luxuriant I cut with iron picks a can[al straight through a mount]ain from the border of the city Kisiri to the plain of Nineveh I caused an inexhaustible supply of water to flow there for a distance of one and a half leagues from the Ḫusur River and made it gu]sh through feeder ca[nals into those planted areas,https://oracc.museum.upenn.edu/riao/Q003516?lang=en
46'b,arde qerbeša miṭrāte šâtina lišahbiba pattiš ana ipšah alaktašu mê ša kirâtešunu agammē bašê ṣuṣê qerbeša ušastil igirê šah qan alap qīši ina libba mušširannâti ina ṭēm il qerbeša kirâtešunu karān u gimir inba serdi u riqqī magal išmuhā šurmēni musukkannī naphar iṣ išēhu liṣarriša papalli appārāte magal,I created a marsh to moderate the flow of water for those gardens and pla]nted a canebrake in it I let loose in it herons wi]ld boars lit “pigs of the reeds” and roe deer By divine will vines and all kinds of fruit trees olive trees and aromatic trees flourished greatly in those gardens Cypress trees mu sukkannu trees and all kinds of trees gre]w tall and s[ent out shoots The marshes thrived greatly Birds of the heavens heron(s made nest(s and wild boars and roe d eer ga[ve birth in abundance,https://oracc.museum.upenn.edu/riao/Q003516?lang=en
50'b,ešēr iṣṣūr šamê igirê qinna iqnunma šah qan alap qīši lirappiš tālitti musukkannī šurmēni tarbīt ṣippat qan appārāte ša qerbeša agammē akšiṭ ana šipir hišehti ēkal bēlūssu lū epēssu,I cut down musukkannu trees and cypress trees grown in the orc[ha]rds and marsh reeds from the sw[am]ps and I used them in the work requi[red to build my lordly palatial halls,https://oracc.museum.upenn.edu/riao/Q003516?lang=en
52',ištu šipir ēkal iqtâ Aššur bēl rabâ il u ištar āšib māssu Aššur ina qerbeša aqre nīq tašrihte aqqâ šutlimšu kadrâ šaman serdi u hibišti uraqqâ ana rūšte ina tašrīt ēkal ša bahūlāte māssu ašqi muhha karān,After I had finished the wo]rk on my palace I invited inside it the god Aššur the great lord and the gods and goddesses living in Assyria and then I made splendid offe[ring]s and presented my gift(s I made fine oil from olives and aromatics At the inaugurat[ion of the palace I had the heads of the subjects of my land drenched and I watered their insides with sweet wine,https://oracc.museum.upenn.edu/riao/Q003516?lang=en
55'b,duššupat ṣurra amkir ina qibētī Aššur ab il u Ištar šarrat šēd dumqēšu lamassāt dumqēšu qerbeša ēkal šâtu dāreš lištabrâ ai ipparakkû idāka,By the command of the god Aš]šur father of the gods and the goddess Ištar the queen may the good šēdu and the good lamassu last forever and ever in th]at pa[lace May they never leave it,https://oracc.museum.upenn.edu/riao/Q003516?lang=en
