﻿line,akkadian,english,source
1,ēkal Sin-ahhe-eriba šar rabâ šar dannāku šar kiššat šar māssu Aššur šar kibrāt erbaʾi migir il rabâ,Palace of Sennacherib great king strong king king of the world king of Assyria king of the four quarters of the world and favorite of the great gods,https://oracc.museum.upenn.edu/riao/Q003518?lang=en
5,Aššur ab il ina kullat malik kēniš appalisma el gimir āšib parak,The god Aššur father of the gods looked steadfastly upon me among all of the rulers and he made my weapons greater than those of all who sit on royal daises,https://oracc.museum.upenn.edu/riao/Q003518?lang=en
7b,arbâ kak ina tāhāz ṣēr askip Marduk-apla-iddina šar Karduniaš ekēm bēlūssu gimir Kaldi adi gipiš ummān Alamu rēṣēšu rasāb,In a pitched battled I repulsed Marduk-apla-iddina II Merodach-baladan the king of Karduniaš Babylonia and took away his rulership I killed with the sword all of the Chaldeans together with the massed body of Elamite troops his allies,https://oracc.museum.upenn.edu/riao/Q003518?lang=en
11b,ina kak Aššur-nadin-šumi mār rēštê ina kussâšu šarrūssa ašāb māssu Akkad rapašti adgul,I placed Aššur-nādin-šumi my first-born son on his royal throne and entrusted him with the wide land of Akkad,https://oracc.museum.upenn.edu/riao/Q003518?lang=en
13b,pān assuh nagab Ahlam-Akkadi Sute bahūlāte Hirimme ina kak amqutma lā ētezib perʾašu akšud Yasubigallaya nakirēšu akṣi Ellipi šulput abātu dadmē,I uprooted all of the Aḫlamû Arameans and Sutians I put to the sword the inhabitants of the city Ḫirimmu not sparing any of their offspring I conquered the land of the Yasubigallians a dangerous enemy I ruined the land Ellipi and destroyed its settlements,https://oracc.museum.upenn.edu/riao/Q003518?lang=en
17,u Luli šar Ṣidunni adāru tāhāz ana Adnana ša qerbeša tâmāti innabidūma āhuz marqīti ina māssu šâtu ina rašubbat kak Aššur bēl ēmid šad Tu-Baʾil ina kussâšu,Moreover Lulî the king of the city Sidon became frightened of doing battle with me fled to Yadnana Cyprus which is in the midst of the sea and took refuge there In that same land he disappeared on account of the awesome terror of the weapon of the god Aššur my lord I placed Tu-Baʾlu on his royal throne and imposed upon him payment in recognition of my overlordship,https://oracc.museum.upenn.edu/riao/Q003518?lang=en
20b,šarrūssa ašāb maddatta bēlūssu ikūn ṣēr šulput rapašti nagê Iaudi šepṣu mitru Hazaqiyu šar iknuša,I ruined the wide district of the recalcitrant and strong land Judah and I made Hezekiah its king bow down at my feet,https://oracc.museum.upenn.edu/riao/Q003518?lang=en
22b,šēp amēl Tumurraya āšib Nipur šad marṣāti ina kak amqutma Ukki adi naphar dadmē kīma tīl abūb abātu,I put to the sword the men of the city Tumurrum who live on Mount Nipur a rugged mountain I destroyed the city Ukku together with every one of its settlements so that they looked like a ruin hill created by the Deluge,https://oracc.museum.upenn.edu/riao/Q003518?lang=en
24,nišī Hilakki āšib hursānī zaqri aṭbuhšuma asliš Til-garimme ,I slaughtered the people of the land Ḫilakku who live in the high mountains like sheep I conquered the city Tīl-garimmu which is on the border of the land Tabal and turned it into ruins,https://oracc.museum.upenn.edu/riao/Q003518?lang=en
25b,ša patti Tabal akšud ēmâ karmeš bahūlāte Kaldi ša tīb tāhāz adāru il naphar māssu ina šubāt adakkekama tâmāti ebēr ina Nagiate addâ šubāt ina eleppa Hatti arkešu ebēr Nagiate Nagiti-diʾbina Ahilimmu Pillate u Hupapanu nagê ša ebertān marrat akšud tenēšet Kaldi adi il nišī šar Elamte,The inhabitants of Chaldea who had become frightened by my battle array and then had dislodged the gods of their entire land from their abodes had crossed the sea and had taken up residence inside the city Nagiatu Nagītu — I crossed the sea after them in boats of the land Ḫatti 30 I conquered the cities Nagiatu Nagītu Nagiatu-diʾbina Nagītu-diʾbina Ḫilmu Pillatu and Ḫupapanu districts on the other shore of the Bitter Sea and then I carried off the people of Chaldea together with their gods and the people of the king of the land Elam I did not leave behind a single escapee,https://oracc.museum.upenn.edu/riao/Q003518?lang=en
32b,ašallal lā ētezib multahṭē ina ūm tenēšet nakirēšu ,At that time I made the enemy pe]ople whom I had captured carry baskets of earth and they made bricks,https://oracc.museum.upenn.edu/riao/Q003518?lang=en
33b,kišitte qāssa tupšikki aššânni albin libittašin ēkal qabal āl ša Nina ša <data> mē <data> ina ammat šiddi <data> ina ammat pūssa mārak šitkunā ṣuhhur šubāt Tebilti itâka ibʾa ina uššē abbu bašê irūmma temmēn ša šar ālik mahar ab ana rimīt bēlūssu,The palace in the citadel of Ni]nev[eh whose extent was 3[60 cu]bits on its longer side and 95 cubits on its shorter side and whose site was too small alongside of wh[ich the Tebilti River had flow]ed 35 caused erosion in its foundations and shaken its base and which earl]ier kings my ancestors had had constructed for their lo[rdly dwelling but whose construction they had carried out inexpertly,https://oracc.museum.upenn.edu/riao/Q003518?lang=en
36b,epēssu lā ikkilū šipir egalturrâ šâtu ana sihir anaqqar ša Tebilti mālak ištu qabalti āl ,I tore down that small palace in its ent]irety I diverted the course of the Tebilti River fr[om the ce]nter of the city and directed its outflow into the meadow behind the city,https://oracc.museum.upenn.edu/riao/Q003518?lang=en
37b,aprus ina tamerāti kutal āl ešēr mūṣâšu qerbeša katim asurrakkiša šaplāni qan elāniš kupri ittešunu pēli rabâ dunnuniš aksâ <data> mē <data> ina ammat arku <data> mē <data> ina ammat rapašti eqel ištu māmē elê ana tarpaš atūra ṣēr mešihta tamlâ mahar lū arde ana sihir ina <data> mē <data> tibik elê rāšūʾa ana <data> mē <data> ina asli rabâ šiddi u <data> mē <data>,In the hidden depths of its subterranean waters I very firmly bonded reeds be]low and bitumen above with large blocks of limestone I raised a plot of land that was 554 cubits long and 289 cu]bits wide out of the water and converted it into an empty lot 40 I added it to the former dimensions of the terra[ce and raised its superstructure in its entirety 190 cou]rses of brick I en]larged the structure of the palace to 914 large cubits along its longer side and 440 large cubits along its shorter side and thus I made its site bigger,https://oracc.museum.upenn.edu/riao/Q003518?lang=en
41b,ina asli rabâ pūssa šikittaš ēkal šūturi šubāt arbâ ēkal hurāṣ kasap siparrī <data> turminabandâ gišnugalli šinni pīri ušî taskarinni musukkannī erēnī šurmēni burāši elammakku sindâ ana mūšab bēlūssu abnâ bīssu muterrēte tamšīl ēkal Hatti mahirat bāb epēssu,I built palatial halls of gold silver bronze stone breccia alabaster elephant ivory ebony boxwood musukkannu wood cedar cypress juniper elammaku wood and Ind]ian wood for my lordly residence then I h]ad a house with double doors a replica of a Hittite palace constructed opposite its gates,https://oracc.museum.upenn.edu/riao/Q003518?lang=en
44,gušūrī erēnī šurmēni atruṣma el dalāt liāri šurmēni meser kasap u erâ arkus ,I roofed them the palatial halls with beams of cedar and cypress I fast]ened bands of silver and copper on doors of white cedar and cypress and I installed them in their gates,https://oracc.museum.upenn.edu/riao/Q003518?lang=en
45b,arti bāb ina barakkāni aptī birrī aptâ lamassāt gišnugalli šinni pīri ,In the corrido]rs I made openings for latticed windows At their gates I sta]tioned apotropaic figures of alabas[ter and elephant ivory whose hands are folded and thus I made them an object of wonder,https://oracc.museum.upenn.edu/riao/Q003518?lang=en
46b,ša kitmusā rittāšin ina bāb azziz ana tabrât alāk sikkāt karri kasap erâ qerbeša alme ,I decora]ted them with silver and copper knobbed nails I adorned the arches friezes and all of their copings with baked bricks glazed in the color of obsidian and lapis lazuli,https://oracc.museum.upenn.edu/riao/Q003518?lang=en
47b,ina agurrī ṣurri uqnê ussim sellu nēbehī u gimir pasqīšin alšu šipir ēkal ešēr ina ūm Aššur u Ištar rāʾim šangûssu nābû šum gišmahhī erēnī ša ištu ūm rūqāti ikbirū qerbeša Sirara šad ina puzrašin nanzuzu kullum ṣīssun,So that the construction of my palace might be carried out correctly at that time the god Aššur and the goddess Ištar who l]ove my priestly service and who selected me lit “who called my name” re[vealed to me a source of trunks of cedar which since distant days grew thick as they stood in seclusion in the Sirāra mountain range,https://oracc.museum.upenn.edu/riao/Q003518?lang=en
50,ša gišnugalli ša ina tarṣi šar ab ana karri namṣar šūquri ina sapan Ammanana ,In the uplands of Mount Ammanā]na northern Anti-Lebanon they Aššur and Ištar disclosed to me the locat]ion of alabaster which i]n the time of the kings my ancestors was too expensive even for the pommel of a sword,https://oracc.museum.upenn.edu/riao/Q003518?lang=en
51b,aptâ pān u turminabandâ mal burzigalli ša lā amār immatēma ina Kapridargila ,Moreover breccia as much as is needed for making burzigallu bowls a stone that had never been seen before revealed its]elf at Kapridar]gilâ “Dargilâ Village”,https://oracc.museum.upenn.edu/riao/Q003518?lang=en
52b,kullum ramānī itâka Nina ina ereṣēti Balaṭaya kī ṭēm il pēli peṣât ana muʾuddê amār aladlammê gišnugalli ša ina ištât aban abnâ minâta šuklulū apsasāte gišnugalli ša zīm nussuqā kīma ūm napardê nummuru zumri askuppāt turminabandâ ṣīrāte abnâ kilallān,Near Nineveh i[n the territory of the city Balāṭāya by divine will white limestone was di]scovered in abundance and then I created bull co]lossi of alabaster that are sculpted from a sin[gle stone whose proportions are perfect sphinxes of alabaster whose features are exquisite and whose bodies shine li]ke a brillia]nt day and magnificent slabs of breccia I cut them free on bo]th sides fr]om their mountains and then for the construction of my palace I had them dragged into Nineveh,https://oracc.museum.upenn.edu/riao/Q003518?lang=en
55b,ina šad abtuq ana šipir ēkal ašdud qerbeša Nina aladlammê rabâ u apsasāte pēli peṣât ina lipit Ninkura ina ereṣēti Balaṭaya,I had large bull colossi and sphinxes of whit[e limestone created in the territory of the city Balāṭāya and their forms perfec[ted through the craft of the deity Ninkura,https://oracc.museum.upenn.edu/riao/Q003518?lang=en
57b,iʾʾaldu šuklul gattašin kī ṭēm il ša gišmahhī adi alamitta iṣ mešrê <data> urmahhē nāʾiri adi <data> aladlammê ṣīrāte ša šuklulū nabīssu <data> apsasāte ša kuzba u ulṣī hitlup baltašun lalâ kummurū ṣēr ziʾpī ṭīdi abnâ erâ qerbeša,By divine will I created clay mold(s of tree trunks together with date palm(s the tree of abundance of twelve raging lions as well as of twelve magnificent bull colossi with per]fect features and twenty-two sphi[nxes that are coa]ted in allure and charm and that have pri[de and exuberance heaped upon them and I poured copper into it Just like the cast work of an object weighing only a half shekel I perfected their form(s,https://oracc.museum.upenn.edu/riao/Q003518?lang=en
60b,ašpuk kī pitiq <data> šiqil šuklul nabīssu aladlammê nabīssu erâ ša <data> ina libba zahalâ litbušā aladlammê gišnugalli adi aladlammê u apsasāte pēli peṣât,I made bull colossi with copper features two of wh]ich were overl[aid with zaḫa lû silver and bull coloss]i of alabas[ter together with bull colossi and sphinxes of white limestone hold the door bolts of my palatial halls,https://oracc.museum.upenn.edu/riao/Q003518?lang=en
62b,ša ēkal aṣabbata sigar timmē erâ ṣīrāte adi timmē erēnī rabâ bibil Hamana meser erâ ,I fastened bands of copper on magnificent copper columns as well as on large cedar columns which are the product of Mount Amanus and then I installed them upon lion colo[ssi and positioned cross-beams upon them as a cornice for their gate]s,https://oracc.museum.upenn.edu/riao/Q003518?lang=en
63b,arkus ṣēr piriggallē azziz adappī kulūl bāb ēmid apsasāte gišnugalli adi apsasāte pitiq urudê ša zahalâ litbušā u apsasāte pitiq ešmarâ ša nummuru gattašin timmē ušî šurmēni erēnī daprāni burāši u sindâ ihzēt pašalli u kasap ṣēr azziz ša kummē mūšab bēlūssu ēmid hittāniša,Sphinxes of alabaster as well as sphinxes of cas]t urudû copper that were overlaid with zaḫalû silver and sp]hinxes of cast metal whose features were brilliant I erected over them columns of ebony cypress cedar daprānu juniper juniper and Indian wood with pašallu gold and silver inlays and then I positioned the architraves of the inner rooms of my lo]rdly residence on those columns,https://oracc.museum.upenn.edu/riao/Q003518?lang=en
67,askuppāt turminabandâ gišnugalli u askuppāt pēli rabâ asurrûšin ,I surrounded their the palace rooms’ lower courses with slab[s of brecc]ia and alabaster and large limestone slabs and made them an object of wonder,https://oracc.museum.upenn.edu/riao/Q003518?lang=en
68b,ishur ana tabrât alāk alšu ūmešam mê dilûti dalûm eblēšun guhaṣṣāte siparrī u harharī siparrī epēssu kēmū makâte,In order to be able to draw water by bucket every day I had bronze wire ch]ains and bronze cables made and instead of poles I had tree trunks together with date palm(s of copper placed over well]s,https://oracc.museum.upenn.edu/riao/Q003518?lang=en
70b,gišmahhī u alamitta erâ ṣēr būrti azziz ēkal šâtina alāk asmeš sihir ēkal ana tabrât kiššat nišī elê rāšūʾa ēkal ša šānin,I made those palatial halls beautiful To be an object of wonder for all of the people I raised the superstructure of the entire palace I called it the “Palace Without a Rival.”,https://oracc.museum.upenn.edu/riao/Q003518?lang=en
72b,lā īšâ nibīssun attasqara ina qibētī Aššur ab il u Ištar šarrat šēd dumqēšu lamassāt dumqēšu qerbeša ēkal šâtu dāreš lištabrâ ai ipparakkû idāka,By the command of the god Aššur father of the gods and the goddess Ištar the queen may the good šēdu and the good lamassu last forever and ever in that palace May they never leave it,https://oracc.museum.upenn.edu/riao/Q003518?lang=en
