﻿line,akkadian,english,source
i 1,Sin-ahhe-eriba šar rabâ šar dannāku šar kiššat šar māssu Aššur šar kibrāt erbaʾi rēʾi itpēšu migir il rabâ nāṣir kināti rāʾim mešāri ēpissa ūsāt ālik tappût akê sāhir dameqtašu eṭli gitmālī zikar qardi ašarēd kal malik rappu lāʾiṭ lā māgir mušabriq zāmânī,Sennacherib great king strong king king of the world king of Assyria king of the four quarters of the world capable shepherd favorite of the great gods i 5 guardian of truth who loves justice renders assistance goes to the aid of the weak and strives after good deeds perfect man virile warrior foremost of all rulers the bridle that controls i 10 the insubmissive and the one who strikes enemies with lightning,https://oracc.museum.upenn.edu/riao/Q003491?lang=en
i 11,Aššur šad rabâ šarrūssa lā išnunūšuma šutlimšu el gimir āšib parak arbâ kak ištu tâmāti elēnīti ša šulme šamaš adi tâmāti šaplî ša ṣīssun šamaš gimir ṣalmāt qaqqad iknuša šēp u malik šepṣu adāru tāhāz dadmē ētezib kīma suttinni nigiṣṣi ēdiš ippariš ašar lā ʾāri,The god Aššur the great mountain granted to me unrivalled sovereignty and made my weapons greater than those of all who sit on royal daises He made all of the black-headed people from the Upper Sea i 15 of the Setting Sun to the Lower Sea of the Rising Sun bow down at my feet Thus did recalcitrant rulers come to fear battle with me While they were abandoning their settlements i 20 they flew away alone like bats living in crevices to inaccessible place(s,https://oracc.museum.upenn.edu/riao/Q003491?lang=en
i 22,ina mahar gerra ša Marduk-apla-iddina šar Karduniaš adi ummān Elamte rēṣēšu ina tamerāti Kiš altakan dabdâšu ina qabal tamhāra šatti ētezib karāssu ēdiš ipparaššidu napištašu eṭēr narkabat sisê ṣumbāte parê ša ina aqribma tāhāz mušširannâti akšud qāssa,On my first campaign I brought about the defeat of Marduk-apla-iddina II Merodach-baladan king of Karduniaš Babylonia together with the troops of the land Elam his allies i 25 in the plain of Kish In the midst of that battle he abandoned his camp fled alone and thereby saved his life I seized the chariots horses wagons and mules i 30 that he had abandoned in the thick of battle,https://oracc.museum.upenn.edu/riao/Q003491?lang=en
i 32,ana ēkal ša qerbeša Babili hadîš erēb aptâ bīssu niṣirtašu hurāṣ kasap anūt hurāṣ kasap aban aqarte mimma šum būšašu makkūr lā nība kabitta bilassun sekrati ēkal tīrī manzāssin pān nāri nārāti sihir ummânī mal bāšâ muttabbil ēkal aṣê šallatiš amna,I joyfully entered his palace which is in Babylon then I opened his treasury and brought out gold silver gold and silver utensils precious stones i 35 all kinds of possessions and property without number a substantial tribute together with his palace women courtiers attendants male singers female singers all of the craftsmen as many as there were and his palace attendants i 40 and I counted them as booty,https://oracc.museum.upenn.edu/riao/Q003491?lang=en
i 41,ina emūq Aššur bēl <data> āl dannāku bīssu dūr ša Kaldi u <data> mē <data> āl ṣahri ša libīt alme akšud ašallal šallassin urbī Arame Kaldaya ša qerbeša Uruk Nippur Kiš Hursagkalamma Kute Sippar adi mār āl bēl hīṭātišu aṣê šallatiš amna,With the strength of the god Aššur my lord I surrounded conquered and plundered 75 of his fortified cities fortresses of Chaldea and 420 small(er settlements in their environs i 45 I brought out the auxiliary forces of the Arameans and Chaldeans who were in Uruk Nippur Kish Ḫursagkalamma Cutha and Sippar together with the guilty citizens and I counted them as booty,https://oracc.museum.upenn.edu/riao/Q003491?lang=en
i 50,ina tayyarat Tuʾmuna Rihihu Yadaqqu Ubudi Gibre Malahu Gurume Ubulu Damuni Gambulaya Hindari Ruʾuʾa Puqudaya Hamaranaya Hagaranu Nabatu Liʾtaʾa Arame lā kanše mithāriš akšud <data> mē <data> līm nišī ṣeher rab zikar u sinniš sisê parê imērī gammalī alap u ṣēnašu ša lā nība šallassin kabitta ašallal ana qerbeša māssu Aššur,"On my return march I defeated all together the Tuʾmūna Riḫiḫu Yadaqqu Ubudu Gibrê Malaḫu Gurumu Ubulu i 55 Damunu Gambulu Ḫindaru Ruʾuʾa Puqudu Ḫamrānu Ḫagarānu Nabatu and Liʾtaʾu i 60 insubmissive Arameans I carried off into Assyria a substantial booty consisting of 208,000 people young and old male and female horses mules donkeys camels oxen and sheep and goats which were without number",https://oracc.museum.upenn.edu/riao/Q003491?lang=en
i 65,ina mēteq gerra ša Nabu-bel-šumati qēpāni Hararate hurāṣ kasap musukkannī rabâ imērī gammalī alap u ṣēnašu tāmartašu kabitta amdahhar,In the course of my campaign I received a substantial audience gift from Nabû-bēl-šumāti the official in charge of the city Ḫararatu Ḫarutu gold silver large musukkannu trees donkeys camels oxen and sheep and goats,https://oracc.museum.upenn.edu/riao/Q003491?lang=en
i 70,bahūlāte Hirimme nakirēšu akṣi ina kak amqutma ēdu ul ētezib pagar ina gašīšī ālul sihir āl alme nagê šatti ana eššūte aṣabbata ištât alap <data> immer <data> imēr karān <data> imēr suluppī rēšēt ana il māssu Aššur bēl ikūn dārišam,I put to the sword the population of the city Ḫirimmu a dangerous enemy and I did not spare a single one I hung their corpses on poles and placed them around the city I reorganized that district i 75 and imposed for eternity one ox ten sheep ten homers of wine and twenty homers of dates as his first-fruits offerings to the gods of Assyria my lords,https://oracc.museum.upenn.edu/riao/Q003491?lang=en
i 78,ina šanê gerra Aššur bēl atkal ana māssu Kašši u māssu Yasubigallaya ša ištu ulla ana šar ab lā kitnuš lū alāk qerbeša hursānī zaqri eqel namrāṣi ina sisê arkab narkabat šēp ina tikkāte aššânni ašar šupšuqāma ina šēp rīmāniš attaggiš,On my second campaign the god Aššur my lord encouraged me and I marched to the land of the Kassites and the land of the Yasubigallians i 80 who since time immemorial had not submitted to the kings my ancestors In the high mountains difficult terrain I rode on horseback and had my personal chariot carried on men’s necks i 85 In very rugged terrain I roamed about on foot like a wild bull,https://oracc.museum.upenn.edu/riao/Q003491?lang=en
i 86,Bit-Kilamzah Hardišpi Bit-Kubat āl bīssu dūr dannāku alme akšud nišī sisê parê imērī alap u ṣēnašu  ištu qerbeša aṣê šallatiš amna u āl ṣahri ša nība lā īšâ anappal anaqqar ēmâ karmeš bīssu ṣēr kultār mūšab ina gīri aqmi ditalliš ēmâ,I surrounded and conquered the cities Bīt-Kilamzaḫ Ḫardišpu and Bīt-Kubatti their fortified walled cities I brought out of them people horses mules donkeys oxen and sheep and goats ii 1 and I counted them as booty Moreover I destroyed devastated and turned into ruins their small(er settlements which w[er]e without number I burned with fire pavilions and tents the]ir abodes and re[duc]ed them to ashes,https://oracc.museum.upenn.edu/riao/Q003491?lang=en
ii 6,atūra Bit-Kilamzah šatti ana birtūti aṣabbata el ša ūm pān dūr dunnina nišī māssu kišitte qāssa ina libba ašāb nišī māssu Kašši u māssu Yasubigallaya ša lapān kak ipparaššidu ištu qerbeša šad arād ina Hardišpi Bit-Kubat armâ ina qāssa šūt rāšūʾa bēl Arrapha amna narâ epēssu lētu kišitte qāssa ša el altakan ṣēr alṭur ina qerbeša āl azziz,I made that city Bīt-Kilamzaḫ a fortress again and I strengthened its walls more than before then ii 10 I settled therein the people of the lands that I had conquered I brought down from the mountains the people of the land of the Kassites and the land of the Yasubigallians who had fled from my weapons and ii 15 I made them dwell in the cities Ḫardišpu and Bīt-Kubatti I placed them under the authority of a eunuch of mine the governor of the city Arrapḫa I had a stele made had all the victorious conquests that I achieved over them ii 20 written on it and I erected it in that city,https://oracc.museum.upenn.edu/riao/Q003491?lang=en
ii 21,pān nīr atūra ana Ellipi aṣabbata harrān ellāmēšun Ispabara šar āl dannāku bīssu niṣirtašu mušširannâti ana rūqēte innabidūma gimir māssu rapašti kīma imbari ashup Marubišti Akkuddu āl bīssu šarrūssa adi <data> āl ṣahri ša libīt alme akšud anappal anaqqar ina gīri aqmi,I turned around lit “I turned the front of my yoke” and took the road to the land Ellipi Before my arrival Ispabāra their king ii 25 abandoned his fortified cities and his treasury and fled far away I overwhelmed all of his wide land like a fog I surrounded conquered destroyed devastated and burned with fire the cities Marubištu and Akkuddu cities of his royal house together with thirty-four small(er settlements in their environs,https://oracc.museum.upenn.edu/riao/Q003491?lang=en
ii 31,nišī ṣeher rab zikar u sinniš sisê parê imērī gammalī alap u ṣēnašu ana lā mīna ašallal adi lā bašê alāk iṣhir māssu Ṣiṣṣirtu Kummahlu āl dannāku adi āl ṣahri ša libīt Barrua nagê ana gimirti ištu qerbeša māssu abtuq el miṣir māssu Aššur arde,I carried off people young and old male and female horses mules donkeys camels oxen and sheep and goats without number then I brought him Ispabāra to nought and ii 35 made his land smaller I detached from his land the cities Ṣi(ṣ)ṣirtu and Kummaḫlum fortified cities together with the small(er settlements in their environs and the district of the land Bīt-Barrû in its entirety and I added this area to the territory of Assyria,https://oracc.museum.upenn.edu/riao/Q003491?lang=en
ii 42,Elenzaš ana āl šarrūssa u dannassu nagê šatti aṣabbata šum mahar ikkirā Kar-Sin-ahhe-eriba abbi nibīssun nišī māssu kišitte qāssa ina libba ašāb ina qāssa šūt rāšūʾa bēl Harhar amna lirappiš māssu,I took the city Elenzaš as a royal city and a fortress for that district then I changed its former name and ii 45 called it Kār-Sennacherib I settled therein the people of the lands that I had conquered I placed it under the authority of a eunuch of mine the governor of the city Ḫarḫar and thus enlarged my land,https://oracc.museum.upenn.edu/riao/Q003491?lang=en
ii 51,ina tayyarat ša Madaya rūqāti ša ina šar ab mamma lā ašmâ siqiršin māssu maddatta kabitta amdahhar ana nīr bēlūssu iknuša,On my return march I received a substantial payment from the distant Medes of whose land none of the kings my ancestors had heard mention Thus I made them bow down to the yoke of my lordship,https://oracc.museum.upenn.edu/riao/Q003491?lang=en
ii 58,ina šalši gerra ana Hatti lū alāk Luli šar Ṣidunni pulhī melammē bēlūssu ashup ana rūqēte qabal tâmāti innabidūma šad ēmid Ṣidunni rabâ Ṣidunni ṣahri Bit-Zitte Ṣariptu Mahallab Ušu Akziba Akku āl dannāku bīssu dūr ašar riʾītu u malqīte bīssu tuklāt rašubbat kak Aššur bēl ashup iknuša šēp,On my third campaign I marched to the land Ḫatti ii 60 Fear of my lordly brilliance overwhelmed Lulî the king of the city Sidon and he fled afar into the midst of the sea and disappeared The awesome terror of the weapon of the god Aššur my lord overwhelmed the cities Great Sidon Lesser Sidon Bīt-Zitti Ṣarepta Maḫalliba Ušû ii 65 Akzibu and Acco his fortified cities and fortresses an area of pasture(s and water-place(s resources upon which he relied and they bowed down at my feet,https://oracc.museum.upenn.edu/riao/Q003491?lang=en
ii 70,Tu-Baʾil ina kussâšu šarrūssa el ašāb bilassun maddatta bēlūssu šattišam lā baṭalu ikūn ṣēr,I placed Tu-Baʾlu on the royal throne over them and imposed upon him tribute and payment in recognition of my overlordship to be delivered yearly and without interruption,https://oracc.museum.upenn.edu/riao/Q003491?lang=en
ii 75,ša Minhimmu Samsimurunaya Tu-Baʾil Ṣidunaya Abdi-Liʾti Armadaya Uru-Milki Gublaya Mitinti Asdudaya Budu-il Bit-Ammanaya Kammusu-nadbi Maʾabaya Aya-rammu Udummaya šar māssu Amurre kal igisê šadal tāmartašu kabitta adi erbêšu ana mahar aššânni inaššiquni šēp,As for Min(u)ḫimmu of the city Samsimuruna Tu-Baʾlu of the city Sidon Abdi-Liʾti of the city Arwad Ūru-Milki of the city Byblos Mitinti of the city Ashdod ii 80 Būdi-il of the city Bīt-Ammon Kammūsu-nadbi of the land Moab Aya-rāmu of the land Edom all of the kings of the land Amurru they brought extensive gifts four times the normal amount as their substantial audience gift before me and kissed my feet,https://oracc.museum.upenn.edu/riao/Q003491?lang=en
ii 87,u Ṣidqa šar Isqalluna ša lā iknuša ana nīr il bīssu ab šâšu alti mār mārassu ahašu zēr bīssu ab assuh ana māssu Aššur ītarrê,Moreover as for Ṣidqâ the king of the city Ashkelon who had not bowed down to my yoke I forcibly removed the gods of his father’s house himself his wife his sons ii 90 his daughters his brothers and other offspring of his father’s house and took him to Assyria,https://oracc.museum.upenn.edu/riao/Q003491?lang=en
ii 92,Šarru-lu-dari mār Rukibti šar mahar el nišī Isqalluna altakan addin bilassun kadrâ bēlūssu ēmid išâṭ abšānī,I set Šarru-lū-dāri son of Rūkibtu their former king over the people of the city Ashkelon and imposed upon him the payment of tribute and gifts in recognition of my overlordship so that he now pulls my yoke,https://oracc.museum.upenn.edu/riao/Q003491?lang=en
ii 96,ina mēteq gerra Bit-Daganna Yappu Banayabarqa Azuru āl ša Ṣidqa ša ana šēp arhiš lā iknuša alme akšud ašallal šallassin,In the course of my campaign I surrounded conquered and plundered the cities Bīt-Daganna iii 1 Joppa Banayabarqa and Azuru the cities of Ṣidqâ that had not submitted to me quickly,https://oracc.museum.upenn.edu/riao/Q003491?lang=en
iii 5,šakkanak rubâtu u nišī Amqarruna ša Pade šar bēl adê u māmīt ša māssu Aššur birâti parzilla addâ ana Hazaqiyu Iaudaya addin nakriš ana anzillašu epēssu aplah libba šar Muṣri ṣāb qašassu narkabat sisê ša šar Emeluhha emūq lā nība iktera alāk rēṣūssu,As for the governors the nobles and the people of the city Ekron who had thrown Padî their king who was bound by treaty and oaths to Assyria into iron fetters and who had handed him over to Hezekiah of the land Judah in a hostile manner iii 10 they became frightened on account of the villainous acts they had committed They formed a confederation with the kings of Egypt and the archers chariots and horses of the king of the land Meluḫḫa forces without number and they came to their aid,https://oracc.museum.upenn.edu/riao/Q003491?lang=en
iii 14,ina tamerāti Altaqu ellāmēšun sidir šitkunā ušaʾʾala kak ina tuklāt Aššur bēl ittešunu amdahiṣ altakan dabdâšu bēl narkabat u mār šar Muṣuraya adi bēl narkabat ša šar Emeluhha balṭūssa ina qabal tamhāra,In the plain of the city Eltekeh they sharpened their weapons while drawing up in battleline before me With the support of the god Aššur my lord I fought with them and defeated them In the thick of battle I captured alive the Egyptian charioteers and princes lit “the sons of the king” together with the charioteers of the king of the land Meluḫḫa,https://oracc.museum.upenn.edu/riao/Q003491?lang=en
iii 21b,akšud qāssa Altaqu Tamna alme akšud ašallal šallassin ana Amqarruna aqribma šakkanak rubâtu ša hīṭātišu bašê addūk ina dimāte sihir āl ālul pagar mār āl ēpissa anna u gillassun ana šallassin amna sittī lā bābil hiṭâte u gullultašun ša anna lā bašê mušširannâti aqabbû,I surrounded conquered and plundered the cities Eltekeh and Tamnâ I approached the city Ekron and I killed the governors and nobles who had committed crime(s iii 25 and hung their corpses on towers around the city I counted the citizens who had committed the criminal acts as booty and I commanded that the rest of them those who were not guilty of crimes or wrongdoing iii 30 to whom no penalty was due be allowed to go free,https://oracc.museum.upenn.edu/riao/Q003491?lang=en
iii 33,Pade šar ištu qerbeša Ursalimma aṣê ina kussâšu bēlūssu el ašāb maddatta bēlūssu ikūn ṣēr,I brought out Padî their king from the city Jerusalem and placed him on the lordly throne over them then I imposed upon him payment in recognition of my overlordship,https://oracc.museum.upenn.edu/riao/Q003491?lang=en
iii 38,u Hazaqiyu Iaudaya ša lā iknuša ana nīr <data> āl bīssu dūr dannāku u āl ṣahri ša libīt ša nība lā īšâ ina akbus arammē u aqribma ašibi amdahiṣ zūk šēp pilši nikis u kalbānāte alme akšud <data> mē līm <data> mē <data> nišī ṣeher rab zikar u sinniš sisê parê imērī gammalī alap u ṣēnašu ša lā nība ištu qerbeša aṣê šallatiš amna,"Moreover as for Hezekiah of the land Judah who had not submitted to my yoke iii 40 I surrounded and conquered forty-six of his fortified walled cities and small(er settlements in their environs which were without number by having ramps trodden down and battering rams brought up iii 45 the assault of foot soldiers sapping breaching and siege engines I brought out of them 200,150 people young and old male and female horses mules donkeys camels oxen and sheep and goats which were without number and I counted them as booty",https://oracc.museum.upenn.edu/riao/Q003491?lang=en
iii 52,šâšu kīma iṣṣūr quppē qerbeša Ursalimma āl šarrūssa ēsirma birāte el arkus aṣê abul āl atūra ikkib āl ša ašallal ištu qerbeša māssu abtuq ana Mitinti šar Asdudi Pade šar Amqarruna u Ṣil-Bel šar Hazite addin iṣhir māssu el bilassun mahar addin šanat maddatta kadrâ bēlūssu arde ikūn ṣēr,As for him Hezekiah I confined him inside the city Jerusalem his royal city like a bird in a cage I set up blockades against him and iii 55 made him dread exiting his city gate I detached from his land the cities of his that I had plundered and I gave them to Mitinti the king of the city Ashdod iii 60 Padî the king of the city Ekron and Ṣilli-Bēl the king of the city Gaza and thereby made his land smaller To the former tribute their annual giving I added the payment of gifts in recognition of my overlordship and imposed it upon them,https://oracc.museum.upenn.edu/riao/Q003491?lang=en
iii 66,šū Hazaqiyu pulhī melammē bēlūssu ashup urbī u ṣāb damiqtim ša ana dunnina Ursalimma āl šarrūssa erēb aršâ tillāte ittešunu <data> bilassun hurāṣ <data> mē bilassun kasap nisiqte guhli takkas <data> rabâ eršēt šinni kussâšu nēmed šinni mašak pīri šinni pīri ušî taskarinni mimma šum niṣirtašu kabitta u mārassu sekrati ēkal nāri nārāti ana qerbeša Nina āl bēlūssu arkešu attabbal ana addin maddatta u epēssu ardūssu ašpur rakbâšu,As for him Hezekiah fear of my lordly brilliance overwhelmed him and after my departure he had the auxiliary forces and his elite troops whom he had brought inside to strengthen the city Jerusalem iii 70 his royal city thereby gaining reinforcements along with 30 talents of gold 800 talents of silver choice antimony large blocks of ivory beds armchairs of ivory elephant hide(s elephant ivory ebony boxwood iii 75 every kind of valuable treasure as well as his daughters his palace women male singers and female singers brought into Nineveh my capital city and he sent a mounted messenger of his to me to deliver this payment and to do obeisance,https://oracc.museum.upenn.edu/riao/Q003491?lang=en
iii 82,ina rebê gerra Aššur bēl atkal ummān gapšāte adakkekama ana Bit-Yakin alāk aqabbû ina mēteq gerra ša Šuzubi Kaldaya āšib qerbeša agammē ina Bittuti altakan dabdâšu šū hurbāša tāhāz el amqutma itarrakma libba kīma azari ēdiš ipparaššidu ul amār ašar,On my fourth campaign the god Aššur my lord encouraged me so that I mustered my numerous troops and ordered the march to the land Bīt-Yakīn iii 85 In the course of my campaign I defeated Šūzubu Mušēzib-Marduk a Chaldean who lives in the marshes at the city Bittūtu As for him terror of doing battle with me fell upon him and iii 90 his heart pounded He fled alone like a lynx and his hiding place could not be found,https://oracc.museum.upenn.edu/riao/Q003491?lang=en
iii 92,pān nīr atūra ana Bit-Yakin aṣabbata harrān šū Marduk-apla-iddina ša ina alāk gerra mahar  dabdâšu altakan uparrir ellat rigim kak dannāku u tīb tāhāz ezzeti adāru ana Nagiate-raqqi ša qabal tâmāti iṣṣūriš ippariš ahašu zēr bīssu ab ša mušširannâti ah tâmāti adi sitāt nišī māssu ištu Bit-Yakin qerbeša agammē appārāte aṣê šallatiš amna,I turned around lit “I turned the front of my yoke” and took the road to the land Bīt-Yakīn He — Marduk-apla-iddina II Merodach-baladan whom iv 1 I had defeated and whose forces I had scattered during my first campaign — became frightened by the clangor of my mighty weapons and my fierce battle array He flew away like a bird to the city Nagīte-raqqi iv 5 which is in the midst of the sea I brought his brothers the seed of his father’s house whom he had abandoned at the shore of the sea together with the rest of the people of his land out of the land Bīt-Yakīn which is in the swamps and marshes and I counted them as booty,https://oracc.museum.upenn.edu/riao/Q003491?lang=en
iv 10,atūra āl anappal anaqqar ēmâ karmeš el bēl salīm šar Elamte namurrat atbuk,Once again I destroyed and devastated his cities and turned them into ruins I poured out awe-inspiring brilliance upon his ally the king of the land Elam,https://oracc.museum.upenn.edu/riao/Q003491?lang=en
iv 13,ina tayyarat Aššur-nadin-šumi mār rēštê tarbīt birkāya ina kussâšu bēlūssu ašāb rapašti māssu Šumeri u Akkad adgul pān,On my return march I placed Aššur-nādin-šumi my first-born son whom I raised on my own knee on his lordly throne and entrusted him with the wide land of Sumer and Akkad,https://oracc.museum.upenn.edu/riao/Q003491?lang=en
iv 18,ina hamši gerra bahūlāte Tumurra Šarim Ezama Kipša Halbuda Qua Qana ša kīma qinna erê ašarēd iṣṣūr ṣēr zuqti Nipur šad marṣāti šubāt šitkunā lā kitnuš ana nīr ina šēp Nipur karāssu altakan,On my fifth campaign The population of the cities Tumurrum Šarum Ezāma Kipšu iv 20 Ḫalbuda Qūa and Qana whose dwellings are situated like the nests of eagles the foremost of birds on the peak of Mount Nipur a rugged mountain and who had not bowed down to the yoke — I had my camp pitched at the foot of Mount Nipur,https://oracc.museum.upenn.edu/riao/Q003491?lang=en
iv 25,ittešunu qurbūte šēp nasqi u ṣāb tāhāz lā gāmel anāku kīma rīmē ekdi pān aṣabbata hurri nahal natbāk šad mēlê marṣāti ina kussâšu aštamdih ašar ana kussâšu šupšuqāma ina šēp aštahhiṭ kīma arme ana zuqti šaqâ ṣēr elê ašar birkāya mānahtu īšâ ṣēr aban šad ašāb mê nāde kaṣûte ana ṣūmē lū ašti,Like a fierce wild bull with my select bodyguard and my merciless combat troops I took the lead of them the soldiers in my camp I proceeded through the gorges of the streams the outflows of the mountains and rugged slopes in my chair iv 30 Where it was too difficult for my chair I leapt forward on my own two feet like a mountain goat I ascended the highest peaks against them Where my knees became tired I sat down upon the mountain rock and drank cold water from a water skin to quench my thirst,https://oracc.museum.upenn.edu/riao/Q003491?lang=en
iv 36,ina ubān hursānī arde altakan dahtê āl akšud ašallal šallassin anappal anaqqar ina gīri aqmi,I pursued them on the peaks of the mountains and defeated them I conquered plundered destroyed devastated and burned with fire their cities,https://oracc.museum.upenn.edu/riao/Q003491?lang=en
iv 39,pān nīr atūra ṣēr Maniye šar Ukki šaddaʾu lā kanše aṣabbata harrān arah lā petâ ṭūdāt pašqat ša lapān šad marṣāti ullânūʾa qerbeša mamma lā alāk šar pān mahar ina šēp Anara u Uppa šad dannāku karāssu altakan anāku ina kussâšu nēmed ittešunu ṣāb tāhāz gitmālī ina nēreb pīqāte šūnuhiš erēb marṣiš elê ubān šad pašqat,I turned around lit “I turned the front of my yoke” and took the road against Maniye the king of the city Ukku and an insubmissive mountain-dweller Before my time none of the former kings of the past had marched through the untrodden paths and difficult trails on account of the rugged mountains iv 45 I had my camp pitched at the foot of Mount Anara and Mount Uppa mighty mountains and I myself in an armchair with my crack combat troops entered their narrow passes with great difficulty and ascended with a struggle the steep mountain peaks,https://oracc.museum.upenn.edu/riao/Q003491?lang=en
iv 52,šū Maniye turbuʾ šēp ummān amār Ukki āl šarrūssa ētezib ana rūqēte innabidūma Ukki alme akšud ašallal šallassin mimma šum būšašu makkūr niṣirtašu ēkal ištu qerbeša aṣê šallatiš amna,He Maniye saw the dust cloud stirred up by the feet of my troops then he abandoned the city Ukku his royal city and fled afar iv 55 I surrounded conquered and plundered the city Ukku I brought out of it every kind of possession and property the treasures of his palace and I counted it as booty,https://oracc.museum.upenn.edu/riao/Q003491?lang=en
iv 58,u <data> āl ša patti libīt akšud nišī alap u ṣēnašu imērī ašallal anappal anaqqar ina gīri aqmi,Moreover I conquered thirty-five cities on the borders of its outskirts and carried off people oxen and sheep and goats and donkeys Then I destroyed them devastated them and burned them with fire,https://oracc.museum.upenn.edu/riao/Q003491?lang=en
iv 61,ina līmi Šulmu-beli māssu Talmusa Kirua āl ša Illubri aradka dāgil pān ša ētezib il bahūlāte Hilakki attabalkat akṣur tāhāz nišī āšib Ingira u Tarzi idāka ishur gerra Que aṣabbata aprus alaktašu,In the eponymy of Šulmu-bēli governor of the city Talmusu 696 Kirua — the city ruler of Illubru a servant who belonged to me whom his gods had abandoned — iv 65 incited the population of Ḫilakku to rebel and prepare for battle The people living in the cities Ingirâ and Tarzu aligned themselves with him then seized the road through the land Que and blocked its passage,https://oracc.museum.upenn.edu/riao/Q003491?lang=en
iv 69,ṣāb qašassu nāš tukšī u azmarānê narkabat sisê kiṣir šarrūssa ʾāri ṣēr ša bahūlāte Hilakki ša idāka ishur ina qerbeša šad marṣāti altakan dahtê Ingira Tarzi akšud ašallal šallassin,I sent against them archers shield and lance bearers chariots and horses of my royal contingent In rugged mountain terrain they defeated the population of Ḫilakku who had aligned themselves with him iv 75 They conquered and plundered the cities Ingirâ and Tarzu,https://oracc.museum.upenn.edu/riao/Q003491?lang=en
iv 77,šâšu qerbeša Illubri āl dannīti nīta alme aṣabbata mūṣâšu ina aqribma ašibi nimgalli dūr u kalbānāte amdahiṣ zūk šēp dabdâšu altakan aṣabbata āl,As for him Kirua they besieged him in the city Illubru his fortified city and cut off his escape route They defeated him by means of bringing up battering rams siege machines lit “ nimgallu s of the wall” iv 80 and siege engines and the assault of foot soldiers and they took possession of the city,https://oracc.museum.upenn.edu/riao/Q003491?lang=en
iv 82,Kirua āl adi šallassin āl u nišī Hilakki ša idāka ishur adi imērī alap u ṣēnašu ana Nina adi mahar attabbal ša Kirua mašak akūṣ,They brought Kirua the city ruler together with booty from his cities and the inhabitants of Ḫilakku who had aligned themselves with him as well as donkeys oxen and sheep and goats to Nineveh before me I flayed Kirua,https://oracc.museum.upenn.edu/riao/Q003491?lang=en
iv 87,atūra Illubri ana eššūte aṣabbata nišī māssu kišitte qāssa ina libba ašāb kak Aššur bēl qerbeša armâ narâ ša gišnugalli epēssu mahar azziz,Once again I reorganized the city Illubru and settled therein the people of the lands that I had conquered I installed the weapon of the god Aššur my lord inside it iv 90 I had a stele of alabaster made and I erected it in front of it,https://oracc.museum.upenn.edu/riao/Q003491?lang=en
v 1,ina līmi Aššur-belu-uṣur māssu Katmuhi ana Til-garimme āl ša patti Tabal ša Gurdi šar Uruduti arkus kak assukma ṣāb qašassu nāš tukšī u azmarānê narkabat sisê kiṣir šarrūssa ʾāri ṣēr,In the eponymy of Aššur-bēlu-uṣur governor of the land Katmuḫi 695 I against the city Tīl-garimmu a city on the border of the land Tabal where Gurdî king of the city Urdutu v 5 had mobilized his weapons then I sent archers shield and lance bearers chariots and horses of my royal contingent against it,https://oracc.museum.upenn.edu/riao/Q003491?lang=en
v 9,āl šatti nīta alme ina šipik eper u aqribma ašibi amdahiṣ zūk šēp aṣabbata āl nišī adi il āšib libba amna šallatiš āl šatti anappal anaqqar ana tīl u karmē atūra,They besieged that city and v 10 took possession of the city by means of piling up earth bringing up battering rams and the assault of foot soldiers They counted the people as well as the gods living inside it as booty They destroyed and devastated that city They turned it into a mound of ruins lit “a mound and ruins”,https://oracc.museum.upenn.edu/riao/Q003491?lang=en
v 15,ina šallassin māssu šâtina ša ašallal <data> līm qašassu <data> līm arâte ina libba akṣur el kiṣir šarrūssa arde sitāt šallassin nakirēšu kabitta ana gimir karāssu u bēl nišī māhāz rabâ kīma ṣēnašu lū azūz,"From the booty of those lands that I had plundered I conscripted 30,000 archers and 20,000 shield bearers and added them to my royal contingent v 20 I divided up the rest of the substantial enemy booty like sheep and goats among my entire camp and my governors and the people of my great cult centers",https://oracc.museum.upenn.edu/riao/Q003491?lang=en
v 23,ina ūm Nina māhāz ṣīrāte āl narām Ištar ša naphar kidudê il u ištar bāšâ qerbeša temmēn dārê duruš ṣât ša ištu ulla ittešunu šiṭir burūmê eṣratsu eṣir šūpû ṣindā ašar naklā šubāt pirište ša mimma šum šipir nikilte gimir pelludê niṣirtašu lalgar šutābula qerbeša,At that time Nineveh the exalted cult center the city loved by the goddess Ištar v 25 in which all of the rituals for gods and goddesses are present the enduring foundation and eternal base whose plan had been designed by the stars lit “writing” of the firmament and whose arrangement was made manifest since time immemorial v 30 a sophisticated place and site of secret lore in which every kind of skilled craftsmanship all of the rituals and the secret(s of the lalgar cosmic subterranean water are apprehended,https://oracc.museum.upenn.edu/riao/Q003491?lang=en
v 34,ša ištu ulla šar ālik mahar ab ullânūʾa bēlūssu māssu Aššur epēssu ʾāri baʾūlāt Enlil ayyimma ina libba ana lišamdil šubāt āl epēssu dūr ešēr sūq u ahrâ nār azqup ṣippat unzāšu ul bašê ul attabbal karassin ana ēkal qerbeša kummē rimīt bēlūssu ša ṣuhhur šubāt epissun lā naklā lēssu ul addâ libba ul hasās,in which since time immemorial earlier kings v 35 my ancestors before me exercised dominion over Assyria and ruled the subjects of the god Enlil but not one among them had conceived of and put his mind towards increasing the site of the city building wall(s straightening the streets v 40 or dredging the river and planting orchards nor had any of them paid heed to or shown interest in the palace inside it the seat of lordly dwelling whose site had become too small and whose construction was inexpert,https://oracc.museum.upenn.edu/riao/Q003491?lang=en
v 48,yâte Sin-ahhe-eriba šar kiššat šar māssu Aššur epēssu šipir šatti kī ṭēm il ina unzāšu bašê kabatsu attabbal tenēšet Kaldi Arame Mannaya Que u Hilakki Pilište u Ṣurri ša ana nīr lā iknuša assuh tupšikki aššânni,But as for me Sennacherib king of the world king of Assyria v 50 the performing of this work came to my attention by the will of the gods and I put my mind to it I forcibly removed the people of Chaldea Aramean tribes the land of the Manneans the lands Que and Ḫilakku and Philistia and the land of the city Tyre who had not submitted to my yoke then I made them carry baskets of earth and they made bricks,https://oracc.museum.upenn.edu/riao/Q003491?lang=en
v 56b,albin libittašin ēkal mahar ša <data> mē <data> ina ammat šiddi <data> ina ammat pūssa mārak šitkunā ṣuhhur šubāt ša šar ālik mahar ab ana rimīt bēlūssu epēssu lā ikkilū šipir,The former palace whose extent was 360 cubits on its longer side and 95 cubits on its shorter side and v 60 whose site was too small which earlier kings my ancestors had had constructed for their lordly dwelling but whose construction they had carried out inexpertly,https://oracc.museum.upenn.edu/riao/Q003491?lang=en
v 64,aladlammê ša pēli peṣât ina Tastiate ša ebertān Diglat abtuq ana mukīl bāb ana epēssu eleppa qerbeša qišāti iṣ rabâ aqārimma ina naphar māssu ina Ayyaru ūm adānka edê pān šanat ina eleppa ṣīrāte ana ahannâ ebēr marṣiš ina nēber kār magulê uṭebbû bahūlāte ātanah lilammina karassin ina danān u šupšuq marṣiš attabbal aṣabbata bāb,They quarried bull colossi of white limestone in the city Tastiate which is across the Tigris River to be their the palatial halls’ gatekeepers Throughout their entire land they depleted forests of large trees to have boats built v 70 In the month Ayyāru II the time of spring floods they brought the colossi across to this side of the river with difficulty in magnificent boats They sank large boats at the quay dock and then made their crews v 75 struggle and strain With might and main they struggled to transport the colossi and install them in their gates,https://oracc.museum.upenn.edu/riao/Q003491?lang=en
v 79,Tebilti agê šitmurti ša ištu ūm rūqāti ṭēh ēkal ibʾa ina mīlêša gapšāte ina uššē abbu bašê irūmma temmēn,The Tebilti River a tempestuous flood of water which had flowed from distant days by the side of the palace and which had caused erosion in its foundation when its flood was in full spate and had shaken its base,https://oracc.museum.upenn.edu/riao/Q003491?lang=en
v 84,egalturrâ šâtu ana sihir anaqqar ša Tebilti mālak ištu qabalti āl aprus ina tamerāti kutal āl ešēr mūṣâšu,I tore down that small palace in its entirety v 85 I diverted the course of the Tebilti River from the center of the city and directed its outflow into the meadow behind the city,https://oracc.museum.upenn.edu/riao/Q003491?lang=en
v 88,ina <data> ikî mālak mê <data> pēli rabâ ittešunu kupri aksâ qan abī u kupê atruṣma el <data> mē <data> ina ammat šiddi  <data> mē <data> ina ammat pūssa qaqqar ištu qerbeša Husur u tamerāti āl kīma atartimma lū aṣabbata ṣēr mešihta tamlâ mahar lū arde ana sihir ina <data> mē <data> tibik elê rāšūʾa,In a one-half ikû stretch of the water’s natural course I bonded together with bitumen four large limestone blocks and spread marsh reeds and rushes over them As an addition I took a plot of land that was 340 cubits long vi 1 and 289 cubits wide from the Ḫusur River and from the plain of the city and added it to the dimensions of the former terrace In its the terrace’s entirety I raised its superstructure 190 courses of brick high,https://oracc.museum.upenn.edu/riao/Q003491?lang=en
vi 7,labāriš ūm ina mīlêša kiššat temmēn tamlâ lā enēše pēli rabâ kisû ishur dunnina šupuk ana <data> mē ina asli rabâ šiddi u <data> mē <data> ina asli rabâ pūssa šikittaš ēkal šūturi,In order to prevent the foundation of the terrace from being weakened over the passage of time by cresting flood(s vi 10 I surrounded its base with large limestone slabs and thereby reinforced its base I enlarged the structure of the palace to 700 large cubits along its longer side and 440 large cubits along its shorter side and thus I made its site bigger,https://oracc.museum.upenn.edu/riao/Q003491?lang=en
vi 14b,šubāt arbâ ēkal hurāṣ kasap siparrī <data> turminabandâ gišnugalli šinni pīri ušî taskarinni musukkannī erēnī šurmēni burāši elammakku sindâ ana mūšab bēlūssu abnâ bīssu muterrēte tamšīl ēkal Hatti mahirat bāb epēssu,I built palatial halls of gold silver vi 15 bronze stone breccia alabaster elephant ivory ebony boxwood musukkannu wood cedar cypress juniper elammaku wood and Indian wood for my lordly residence vi 20 then I had a house with double doors a replica of a Hittite palace opposite its gates constructed,https://oracc.museum.upenn.edu/riao/Q003491?lang=en
vi 23,gušūrī erēnī šurmēni ša erēssi ṭāba binût Hamana u Sirara šad ella atruṣma el dalāt erēnī šurmēni burāši sindâ meser kasap erâ arkus arti bāb,I roofed them the palatial halls with beams of cedar and cypress whose scent is sweet product(s of Mount Amanus vi 25 and Mount Sirāra the holy mountains I fastened bands of silver and copper on doors of cedar cypress juniper and Indian wood and I installed them in their gates,https://oracc.museum.upenn.edu/riao/Q003491?lang=en
vi 30,ina barakkāni ša qerbeša papāh aptī birrī aptâ lamassāt gišnugalli šinni pīri ša illūrū naṣû kitmusā rittāšin baltašun kuzba hitlup lulê malâ ina bāb azziz ana tabrât alāk,In the corridors that are within the papāḫu chambers I made openings for latticed windows At their gates I stationed apotropaic figures of alabaster and elephant ivory whose folded hands hold poppies who are laden with pride and allure vi 35 and who are filled with exuberance and thus I made them an object of wonder,https://oracc.museum.upenn.edu/riao/Q003491?lang=en
vi 37,ṣulūl tarāni ša qerbeša barakkāni eṣûssun ihtallâ ūmiš immerū sikkāt karri kasap u erâ qerbeša alme ina agurrī ṣurri uqnê ussim sellu nēbehī u gimir pasqīšin,The covering of the roof that hangs over the corridors — I made their somber atmosphere cheerful making them as bright as day vi 40 I decorated them with silver and copper knobbed nails I adorned the arches friezes and all of the copings with baked bricks glazed in the color of obsidian and lapis lazuli,https://oracc.museum.upenn.edu/riao/Q003491?lang=en
vi 45,alšu šipir ēkal ešēr u lipit qāssa išlimma ina ūm Aššur u Ištar rāʾim šangûssu nābû šum gišmahhī erēnī ša ištu ūm rūqāti išēhu ikbirū magal ina qerbeša Sirara šad ina puzrašin nanzuzu,So that the construction of my palace might be carried out correctly and that my handiwork be completed at that time the god Aššur and the goddess Ištar who love my priestly service and who selected me lit “who called my name” revealed to me a source of long trunks of cedar vi 50 which since distant days grew tall and very thick as they stood in seclusion in the Sirāra mountain range,https://oracc.museum.upenn.edu/riao/Q003491?lang=en
vi 53b,kullum ṣīssun ša gišnugalli ša ina tarṣi šar ab ana karri namṣar šūquri ina sapan Ammanana aptâ pān,In the uplands of Mount Ammanāna northern Anti-Lebanon they Aššur and Ištar disclosed to me the location of alabaster which in the time of the kings vi 55 my ancestors was too expensive even for the pommel of a sword,https://oracc.museum.upenn.edu/riao/Q003491?lang=en
vi 57,u turminabandâ mal burzigalli ša lā amār immatēma ina Kapridargila ša patti Til-Barsip kullum ramānī,Moreover breccia as much as is needed for making burzigallu bowls a stone that had never been seen before vi 60 revealed itself at Kapridargilâ “Dargilâ Village” which is on the border of the city Tīl-Barsip,https://oracc.museum.upenn.edu/riao/Q003491?lang=en
vi 62,itâka Nina ina ereṣēti Balaṭaya kī ṭēm il pēli peṣât ana muʾuddê amār aladlammê u ṣalam mešrête gišnugalli ša ina ištât aban abnâ minâta šuklulū ina kigalla ramānī šaqîš nanzuzu apsasāte gišnugalli ša zīm nussuqā kīma ūm napardê nummuru zumri askuppāt turminabandâ ṣīrāte abnâ kilallān ina šad abtuq ana šipir ēkal ašdud qerbeša Nina,Near Nineveh in the territory of the city Balāṭāya by divine will white limestone was discovered in abundance then I created bull colossi and other statues with limbs of alabaster that are sculpted from a single stone whose proportions are perfect and who stand high on their own pedestals sphinxes of alabaster vi 70 whose features are exquisite and whose bodies shine like a brilliant day and magnificent slabs of breccia I cut them free on both sides from their mountains then for the construction of my palace I had them dragged into Nineveh,https://oracc.museum.upenn.edu/riao/Q003491?lang=en
vi 76,aladlammê u apsasāte pēli peṣât ina lipit Ninkura ina ereṣēti Balaṭaya iʾʾaldu šuklul gattašin,I had bull colossi and sphinxes of white limestone created and their forms perfected through the craft of the deity Ninkura in the territory of the city Balāṭāya,https://oracc.museum.upenn.edu/riao/Q003491?lang=en
vi 80,ša ištu ulla šar ab ṣalam erâ tamšīl gattašin ana azziz qerbeša ēkurrāti abnâ ina epissun ātanah gimir mār ummânī ina lā bišīt unzāšu lā hasās amât ana šipir hišehti šaman iškūru nalbaš ṣēnašu aqārimma qerbeša māssu,Since time immemorial the kings my ancestors created copper statues replicas of their own forms to be erected in temples and through their manufacture they had exhausted all of the craftsmen vi 85 Through ignorance and failure to give thought on the matter they depleted the oil wax and wool in their lands for the work they desired,https://oracc.museum.upenn.edu/riao/Q003491?lang=en
vi 89,yâte Sin-ahhe-eriba ašarēd kal malik mūdê šipir kalāma timmē erâ rabâ urmahhē petâ birkāya ša manāma lā aptiq šar pān mahar  ina unzāšu nikilte ša šutlimšu rubâtu Ninšiku ina šitūlti ramānī ana epēssu šipir šatti rabîš amtallikma ina milik ṭēm u mēreš kabatsu pitiq erâ abšimma ikkilū nikilte,But as for me Sennacherib the foremost of all rulers expert in every type of work regarding large columns of copper and striding lion colossi which none of the kings of the past who came before me had cast vii 1 with the ingenious mind that the prince the god Ninšiku had granted to me and taking counsel with myself I intensively pondered how to perform this work Then with my own ideas and knowledge I created a cast work of copper and expertly carried out its artful execution,https://oracc.museum.upenn.edu/riao/Q003491?lang=en
vii 9,ša gišmahhī u alamitta iṣ mešrê <data> urmahhē nāʾiri adi <data> aladlammê ṣīrāte ša šuklulū nabīssu <data> apsasāte ša kuzba ulṣī hitlup baltašun lalâ kummurū ṣēr kī ṭēm il ziʾpī ṭīdi abnâ erâ qerbeša ašpuk kī pitiq <data> šiqil šuklul nabīssu,By divine will I created clay mold(s of tree trunks and date palm(s vii 10 the tree of abundance of twelve raging lions as well as of twelve magnificent bull colossi with perfect features and twenty-two sphinxes that are coated in allure and charm and that have pride and exuberance vii 15 heaped upon them then I poured copper into it Just like the cast work of an object weighing only a half shekel I perfected their forms,https://oracc.museum.upenn.edu/riao/Q003491?lang=en
vii 20,aladlammê nabīssu erâ ša <data> ina libba zahalâ litbušā aladlammê gišnugalli adi aladlammê u apsasāte pēli peṣât ša ēkal aṣabbata sigar,I made bull colossi with copper features two of which were overlaid with zaḫalû silver and bull colossi of alabaster together with bull colossi and sphinxes of white limestone hold the door bolts of my palatial halls,https://oracc.museum.upenn.edu/riao/Q003491?lang=en
vii 26,timmē erâ ṣīrāte adi timmē erēnī rabâ bibil Hamana meser erâ u annaki arkus ṣēr piriggallē azziz adappī kulūl bāb ēmid,I fastened bands of copper and tin on magnificent copper columns as well as on large cedar columns which are the product of Mount Amanus then I installed them upon lion colossi and positioned cross-beams upon them as a cornice for their gates,https://oracc.museum.upenn.edu/riao/Q003491?lang=en
vii 31,apsasāte gišnugalli adi apsasāte pitiq urudê ša zahalâ litbušā u apsasāte pitiq ešmarâ ša nummuru gattašin timmē ušî šurmēni erēnī daprāni burāši u sindâ ihzēt pašalli u kasap ṣēr azziz ša kummē mūšab bēlūssu ēmid hittāniša,Sphinxes of alabaster as well as sphinxes of cast urudû copper that were overlaid with zaḫalû silver and sphinxes of cast metal vii 35 whose features were brilliant I erected over them columns of ebony cypress cedar daprānu juniper juniper and Indian wood with pašallu gold and silver inlays then vii 40 I positioned the architraves of the inner rooms of my lordly residence on those columns,https://oracc.museum.upenn.edu/riao/Q003491?lang=en
vii 41,askuppāt turminabandâ gišnugalli u askuppāt pēli rabâ asurrûšin ishur ana tabrât alāk,I surrounded their the palace rooms’ lower courses with slabs of breccia and alabaster and large limestone slabs and made them an object of wonder,https://oracc.museum.upenn.edu/riao/Q003491?lang=en
vii 45,alšu ūmešam mê dilûti dalûm eblēšun guhaṣṣāte siparrī u harharī siparrī epēssu kēmū makâte gišmahhī u alamitta erâ,In order to be able to draw water by bucket every day I had bronze wire chains and bronze cables made and instead of poles I had tree trunks and date palm(s of copper placed over wells,https://oracc.museum.upenn.edu/riao/Q003491?lang=en
vii 49b,ṣēr būrti azziz ēkal šâtina alāk asmeš sihir ēkal ana tabrât kiššat nišī elê rāšūʾa ēkal šānin lā īšâ nibīssun attasqara,I made those palatial halls beautiful To be an object of wonder for all of the people I raised the superstructure of the entire palace I called it “The Palace Without a Rival.”,https://oracc.museum.upenn.edu/riao/Q003491?lang=en
vii 53,kirimahhi tamšīl Hamana ša gimir riqqī inba ṣippat iṣ tuklāt šad u Kaldi adi iṣ nāš šīpāti qerbeša hurrušu itâka azqup,I planted alongside it the palace a botanical garden a replica of Mount Amanus which has all kinds of aromatic plants and fruit trees trees that are the mainstay of the mountains and Chaldea together with cotton trees lit “trees bearing wool” collected inside it,https://oracc.museum.upenn.edu/riao/Q003491?lang=en
vii 58,Nina ša ištu ūm pān <data> līm <data> mē ina ammat šubāt libīt dūr u šalhî ul epēssu ālik mahar malik <data> līm <data> mē <data> ašar tamerāti libīt āl ṣēr mešihta mahar arde <data> līm <data> mē <data> ina asli rabâ ikūn mindat,"Nineveh the site of whose circumference had been 9,300 cubits since former times vii 60 and for which no earlier ruler had had an inner or outer wall built — I added 12,515 cubits in the plain around the city to its previous measurement and thus established its dimensions as 21,815 large cubits",https://oracc.museum.upenn.edu/riao/Q003491?lang=en
vii 65,ša dūr rabâ Badnigalbilukurašušu dūr ša namrīr nakirēšu sahip ṣēr pēli temmēn addâ <data> libittašin ikbirū ina <data> mē <data> tibik elê rāšūʾa,"I laid the foundation of its great wall Badnigalbilukurašušu which means “Wall Whose Brilliance Overwhelms Enemies,” upon limestone and made it 40 bricks thick I raised its superstructure 180 courses of brick high",https://oracc.museum.upenn.edu/riao/Q003491?lang=en
vii 70,ana erbaʾi šāri <data> abul pān u arka ina ṣēlī kilallān ana erēb u aṣê aptâ qerbeša,I had fifteen gates opened up in it in four directions in front and behind and along both sides for entering and leaving,https://oracc.museum.upenn.edu/riao/Q003491?lang=en
vii 74,libūr iššakku Aššur abul Aššur ša Libbi-ali sāpin gimir nakirēšu abul Sin-ahhe-eriba ša Halzi Enlil mukīn palâ abul Šamaš ša Gagal ša Sin-ahhe-eriba ittešunu manzaltašunu ereqqī ikūn palâ abul Mullissu ša Kar-Mullissi mušēṣât šīr asakki abul mušlālu dumqēšu ašnan u lahar qerbeša kayyān abul Šibaniba bābil hiṣba hursānī abul Halahhi naphar <data> abul ṣīssun mahirat šūti u šad attasqara nibīssun,“May the Vice-Regent of the God Aššur Stay in Good Health” this is the Aššur Gate which leads to the Inner City Aššur vii 75 “The One Who Flattens All Enemies” this is the Sennacherib Gate which leads to the land Ḫalzi “The God Enlil Is the One Who Makes My Reign Firm” this is the Šamaš Gate which leads to the land Gagal “Make Sennacherib’s Dynasty as Firm as the Position of the Wagon Constellation!” this is the Mullissu Gate which leads to the city Kār-Mullissi vii 80 “The One Who Exorcises the ‘Flesh’ of the Asakku demon” this is the Step Gate “The Choicest of Grain and Flocks Are Constantly Inside It” this is the gate that leads to the city Šibaniba “The Bearer of the Produce of the Mountains” this is the gate that leads to the land Ḫalaḫḫu In total seven gates facing the rising sun vii 85 towards the south and east and I gave them these names,https://oracc.museum.upenn.edu/riao/Q003491?lang=en
vii 87,Adad šārik hegal ana māssu abul Adad ša ambassi Erra šāgiš zāmânī abul Nergal ša Tarbiṣi Nannari nāṣir agâšu bēlūssu abul Sin naphar <data> abul ša mahirat iltāni abbi siqiršin,“The God Adad Is the Provider of Prosperity to the Land” this is the Adad Gate which leads to the game preserve “The God Erra Is the One Who Slaughters Those Hostile to Me” vii 90 this is the Nergal Gate which leads to the city Tarbiṣu “The Divine Nannāru Is the One Who Protects My Lordly Crown” this is the Sîn Gate In total three gates facing towards the north and I gave them these names,https://oracc.museum.upenn.edu/riao/Q003491?lang=en
vii 94,Ea mušēšir kuppāni abul masqê mušērib miširti dadmē abul kār kadrâ Sumuʾil u Temaya  qerbeša erēb abul madbar pāqid kalāma abul ēkal māšarte Šarur mušamqit ayyāb šar abul handūri naphar <data> abul ša mahirat amurri attasqara šum,“The God Ea Is the One Who Properly Directs Water Flow into My Cisterns” this is the Mašqû Gate vii 95 “The One Who Brings in Income from the Settlements” this is the Quay Gate “The Presents of the People of Sumuʾil and Tēma viii 1 Enter Through It” this is the Desert Gate “The One Who Regulates Everything” this is the Armory Gate “The God Šarur Is the One Who Cuts Down the King’s Enemy” this is the Ḫandūru Gate In total five gates facing towards the west and I gave them these names,https://oracc.museum.upenn.edu/riao/Q003491?lang=en
viii 6,ša šalhî Badnigerimhuluha mugallit zāmânī uššē aptâ <data> nindan išpiluma akšud mê nagab qerbeša māmē šaplāni aban šad dannāku aksâ elāniš adi pasqīšin ina pēli rabâ ikkilū šipir,"I opened up a foundation pit for the outer wall Badnigerimḫuluḫa which means “Terrorizer of Enemies,” then I dug down forty-five nindanu and made it reach the water table viii 10 I bound together strong mountain stone in the water below and above I expertly carried out its construction with large limestone blocks up to its copings",https://oracc.museum.upenn.edu/riao/Q003491?lang=en
viii 13,ša Nina āl bēlūssu šubāt arbâ rebâte lišamdil immerū kīma ūm dūr šalhî epēssu usaqqiršu hursāniš,I enlarged the site of Nineveh my capital city I broadened its squares making them as bright as day I had an inner and outer wall built and I raised them as high as mountain(s,https://oracc.museum.upenn.edu/riao/Q003491?lang=en
viii 16,elāni āl u šapal āl epēssu kirâtešunu muthummē šad u mātitān kullat riqqī Hatti uharriša qerbeša ṣēr šabburti ša ah ambassi karān šad kal gimir inba adnāte riqqī u serdi ana baʾli azqup,I had gardens cultivated upstream and downstream of the city I gathered in them fruit trees of the mountains and of all lands and every type of aromatic tree of the land Ḫatti On newly tilled soil which is beside the game preserve viii 20 I planted in great number all types of mountain vine every type of fruit tree from all over the world including spice and olive trees,https://oracc.museum.upenn.edu/riao/Q003491?lang=en
viii 22,Husur ša ištu ulla mê šuplī ṣabit ina šar ab mamma lā ēsirma atbuk Diglatiš,The Ḫusur River whose waters since time immemorial had been deep and which none of the kings my ancestors had confined i.e made its water flow through a canal so that they the waters of the Ḫusur poured into the Tigris River,https://oracc.museum.upenn.edu/riao/Q003491?lang=en
viii 25,ana miṭrāte išmuhā ištu patti Kisiri mūlâ mušpalum ina akkulāte ahrâ ešēr pattāte mê šunūte ṣēr tamerāti Nina ikūn qerbeša ṣippat šâtina lišahbiba atappiš,To make those planted areas luxuriant I dug with picks a canal straight through high ground and low ground from the border of the city Kisiri Thus I provided a regular supply of those waters to the plain of Nineveh and viii 30 I made them gush through small canals into those gardens,https://oracc.museum.upenn.edu/riao/Q003491?lang=en
viii 31,ana abrema māmē ina šēp Muṣri šad gerra aṣabbata ašquma adi Elmunaqinne šupšuqiš alāk ina rāšūʾa Dur-Ištar Šibaniba u Suli nambaʾī amār ēna pīqāte arbâ atūra ana kuppāni,I mounted an expedition to search for water at the foot of Mount Muṣri then I climbed high and marched with difficulty to the city Elmunaqinnû I found sources of water in front of the cities Dūr-Ištar Šibaniba and Sulu then viii 35 I made their narrow openings bigger and turned them into springs,https://oracc.museum.upenn.edu/riao/Q003491?lang=en
viii 36,alšu mālak mê šunūte šad marṣāti ašar pašqat ina akkulāte ušattirma mūṣâšu ešēr ana tamerāti Nina harrāti dunnina kī šupuk šad mê šâtunu qerbeša ikūn kīma atartimma ṣēr mê Husur arde dārišam,For a course for those waters I cut through rugged mountains confined areas with picks and directed their outflow into the plain of Nineveh I strengthened their channels like the base of a mountain viii 40 I provided a regular supply of those waters in them Thus I forever added them as an addition to the waters of the Ḫusur River,https://oracc.museum.upenn.edu/riao/Q003491?lang=en
viii 43,ina ummāte ašqi gimir ṣippat ina kuṣṣi <data> līm zēr tamerāti el āl u šapal āl amkir šattišam,"In summer I enabled all of the orchards to be irrigated In winter I annually had water provided to 1,000 seeded fields in the plains upstream and downstream of the city",https://oracc.museum.upenn.edu/riao/Q003491?lang=en
viii 46,ana ipšah alaktašu mê šunūte agammē bašê ṣuṣê qerbeša ušastil igirê šah qan alap qīši ina libba mušširannâti ina ṭēm il qerbeša kirâtešunu ṣēr šabburti karān gimir inba serdi riqqī magal išmuhā šurmēni musukkannī naphar iṣ išēhu liṣarriša papalli appārāte magal ešēr iṣṣūr šamê igirê ša ašar rūqāti qinna iqnunma šah qan alap qīši lirappiš tālitti,I created a marsh to moderate the flow of those waters and planted a canebrake in it I let loose in it herons wild boars lit “pigs of the reeds” and roe deer viii 50 By divine will vines all kinds of fruit trees olive trees and aromatic trees flourished greatly in those gardens planted on newly tilled soil Cypress trees musukkannu trees and all kinds of trees grew tall and viii 55 sent out shoots The marshes thrived greatly Birds of the heavens heron(s whose home(s are far away made nest(s and wild boars and roe deer gave birth in abundance,https://oracc.museum.upenn.edu/riao/Q003491?lang=en
viii 60,musukkannī šurmēni tarbīt ṣippat qan appārāte ša qerbeša agammē akšiṭ ana šipir hišehti ēkal bēlūssu lū epēssu iṣ nāš šīpāti baqāme amdahiṣ ṣubātiš,I cut down musukkannu trees and cypress trees grown in the orchards and marsh reeds from the swamps and I used them in the work required to build my lordly palatial halls They picked cotton lit “trees bearing wool” and wove it into clothing,https://oracc.museum.upenn.edu/riao/Q003491?lang=en
viii 65,ištu šipir ēkal iqtâ Aššur bēl rabâ il u ištar āšib māssu Aššur ina qerbeša aqre nīq tašrihte aqqâ šutlimšu kadrâ šaman serdi u hibišti ša kirâtešunu ṣēr šabburti uraqqâ ana rūšte ina tašrīt ēkal ša bahūlāte māssu ašqi muhha karān duššupat ṣurra amkir,After I had finished the work on my palace I invited inside it the god Aššur the great lord and the gods and goddesses living in Assyria then I made splendid offerings and viii 70 presented my gift(s I made fine oil from olives and aromatics from the orchards planted on newly tilled soil At the inauguration of the palace viii 75 I had the heads of the subjects of my land drenched and I watered their insides with sweet wine,https://oracc.museum.upenn.edu/riao/Q003491?lang=en
viii 77,ana arkâssu ūm ina šar mār ša Aššur ana rēʾûssina māssu u nišī abbi siqiršin enūma dūr šâtu ilabbbiru ātanah anhūssa ēteneddišu mušarâ šiṭir šum amār šaman apšuš nīq aqqâ ana ašar atūra Aššur u Ištar ikrib ašmâ,In the future may one of the kings my descendants whom the god Aššur names for shepherding the land and people viii 80 renovate its dilapidated section(s when that wall becomes old and dilapidated May he find an inscribed object bearing my name anoint it with oil viii 85 make an offering and return it to its place The god Aššur and the goddess Ištar will then hear his prayers,https://oracc.museum.upenn.edu/riao/Q003491?lang=en
viii 88,Abu līmi Ilu-ittiya māssu Dimašqa,Abu V eponymy of Ilu-ittīya governor of the city Damascus 694,https://oracc.museum.upenn.edu/riao/Q003491?lang=en
