﻿line,akkadian,english,source
1,Aššur bēl rab šar gimer il rab Ana šar Igigi u Anunnaki bēl māssu Enlil ṣīri ab il bān kalāma Ea šar apsê mušīm šīmat Sin eršu šar agâ šaqâ namrīr Adad gaširti šūrurat bēl hegal Šamaš dayyān šamê u ereṣēti mumaʾʾer gimer Marduk apaklu il bēl têrēte Ninurta qarrād Igigi u Anunnaki il dandannāku Nergal gitmāla šar tamhāra Nusku nāš haṭṭašu ella il multālu Mullissu hīrat Enlil ummi il rab Ištar rēštīti šamê u ereṣēti ša paraṣ qardussu šuklula il rab mušīm šīmat mušarbû šarrūssa,The god Aššur the great lord the king of all of the great gods the god Anu the king of the Igīgū and Anunnakū gods the lord of the lands the god Enlil the exalted one the father of the gods the creator of 5 all the god Ea the king of the apsû the one who decrees destinies the god Sîn the wise one the king of the lunar disk the lofty luminary the god Adad the exceptionally strong one the lord of abundance the god Šamaš the judge of heaven and netherworld the commander of all the god Mardu]k the sage of the gods the lord of omens the god Ninurta the warrior of the 10 Igīgū and Anunnakū gods the mighty god Nergal the perfect one the king of battle the god Nusku the bearer of the holy scepter the circumspect god the goddess Mullissu the spouse of the god Enlil the mother of the great gods and the goddess Ištar the foremost one in heaven and netherworld the who is consummate in the canons of battle the great gods who decree destinies and who aggrandize my kingship,https://oracc.museum.upenn.edu/riao/Q004619?lang=en
15,Salmanu-ašared šar kiššat nišē rubā iššakki Aššur šar daʾʾat šar kullat kibrāt erbaʾi šamaš kiššat nišē murteddû kal māssu mār Aššur-naṣir-apli šangê ṣīra ša šangûssu el il iṭābu māssu naphar ana šēp iknuša nabīssu ella ša Tukulti-Ninurta ša kullat zāʾirīšu anār asappan abūbāniš,Shalmaneser III king of all of the people the ruler vice-regent of the god Aššur strong king king of all four quarters of the world sun(god of all of the people ruler of all of the lands son of Ashurnasirpal II exalted priest whose priesthood was pleasing to the gods and who made all of the lands bow down at his feet pure offspring of Tukultī-Ninurta II 20 who slew all of his enemies and annihilated them like a flood,https://oracc.museum.upenn.edu/riao/Q004619?lang=en
22,in šurrât šarrūssa ša in kussâm šarrūssa rabêš ašāb narkabat ṣāb adakkekama in nērab ša Simesi erāba Aridi āl dannīti,At the beginning of my reign after I sat on the throne of my royal majesty in a grandiose manner I mustered my chariots and troops I entered the pass of the land Simesi and captured the city Aridu the fortified city of Ninni,https://oracc.museum.upenn.edu/riao/Q004619?lang=en
26b,ša Ninni akšud in ištât palâ Purate in mēliša ēber ana tâmāte ša šulme Šamaš alāk kak in tâmāte ullil nīq ana il aṣabbata ana šad Hamana elê gašūrī erēna burāšī akkis ana Lallar elê ṣalam šarrūssa in libba atazziz,In my first regnal year I crossed the Euphrates River in flood and marched to the Sea of the Setting Sun I washed my weapons in the sea and made sacrifices to my gods I climbed up Mount Amanus and 30 cut down beams of cedar and juniper I climbed up Mount Lallar and erected a statue of my royal majesty therein,https://oracc.museum.upenn.edu/riao/Q004619?lang=en
32,in šanê palâ ana Til-Barsip aqribma āl ša Ahuni mār Adini akšud in āl ēsir Purate in mēliša ēber Dabigi birāte ša Hatta,In my second regnal year I approached the city Tīl-Barsip Barsaip captured the cities of Aḫūnu of Bīt-)Adini lit “son of Adīnu” and confined him to his city I crossed the Euphrates River in flood and captured the city Dabigu a fortress of the land Ḫatti together with cities in its environs,https://oracc.museum.upenn.edu/riao/Q004619?lang=en
35b,adi āl ša libīt akšud in <data> palâ Ahuni mār Adini išdu pān kak daʾʾat aplah Til-Barsip āl šarrūssa mušširannâti Purate ēber Ana-Aššur-uter-aṣbat ša šēp ammâte ša Purate ša muhha Sagura ša amēl Hattaya Pitiru aqabbû ana ramānī aṣabbata in tayyarat in nērab ša Alzi erāba Alzi Suhme Daiaeni Tumme Arṣašku āl šarrūssa ša Arrame Uarraṭaya Gilzani Hubuške akšud,In my third regnal year Aḫūnu of Bīt-)Adini lit “son of Adīnu” became frightened in the face of my mighty weapons and abandoned the city Tīl-Barsip Barsaip his royal city He crossed the Euphrates River I took as my own the city Ana-Aššur-utēr-aṣbat which is on the other side of the Euphrates River by the Sagurri River which the people of 40 Ḫatti call the city Pitru On my return march I entered the pass of the land Alzi and captured the lands Alzi Suḫnu Daiaeni and Tumme the city Arṣaškun the royal city of Arrāmu of the land Urarṭu the land Gilzānu and the city Ḫubuškia,https://oracc.museum.upenn.edu/riao/Q004619?lang=en
45,in līmi Dayyan-Aššur išdu Nina ammušma Purate in mēliša ēber arkešu Ahuni mār Adini alāk Šitamrat ubān šad ša ah Purate ana dannīti altakan ubān šad albišu akšud Ahuni adi il narkabat sisê mār mārassu ṣāb anassah ana āl Aššur,In the eponymy of Dayyān-Aššur I moved out from Nineveh and crossed the Euphrates River in flood in pursuit of Aḫūnu of Bīt-)Adini lit “son of Adīnu” He had made as his stronghold Mount Šītamrat a mountain peak on the bank of the Euphrates River I besieged and captured th(at mountain peak I uprooted Aḫūnu together with his gods his chariots his horses his sons his daughters and his troops and brought them to my city Aššur,https://oracc.museum.upenn.edu/riao/Q004619?lang=en
50b,ābilāt in šanāt šiāti Kullar abbalkit ana Mazamua ša bētāni arād āl ša Nikdera Idaya,In that same year I crossed Mount Kullar went down to the interior of the land Zamua and captured the cities of Nikdēra of the land Idu and Nikdēme,https://oracc.museum.upenn.edu/riao/Q004619?lang=en
52b,Nikdema akšud in <data> palâ ana Kašari elê āl daʾʾat akšud Anhitte Šubriaya in āl ēsir maddanāti,In my fifth regnal year I ascended Mount Kāšiāru and captured fortified cities I confined Anḫitti of the land Šubria to his city and received his rich payment,https://oracc.museum.upenn.edu/riao/Q004619?lang=en
54b,maʾassi amdahar in <data> palâ ana āl ša šiddi Baliha aqribma Ge-ammu bēl āl addūak ana Til-ša-turahi erāba Purate in mēliša ēber maddanāti ša šar ša Hatta kal amdahar in ūm Adda-idri Ša-imarišu Irhulena Amataya adi šar ša Hatta u ah tâmāte ana emūq ahāmeš atkal ana epāš qabal u tāhāssu ana irassun atbīma in qibēti Aššur bēl rab bēl issišunu amdahaṣ dabdâ altakan narkabat pēthal anūt tāhāssu ekēm <data> līm <data> mē ṣāb tidūki in kak amqutma,"In my sixth regnal year I approached the cities on the banks of the Balīḫ River 55 and they killed Gē-ammu their city ruler I entered the city Tīl(-ša)-turāḫi I crossed the Euphrates River in flood and received the payment of all of the kings of the land Ḫatti At that time Hadad-ezer Adda-idrī 60 of Damascus and Irḫulena of the land Hamath together with the kings of Ḫatti and other kings on the shore of the sea trusting in their united forces attacked me to wage war and battle By the command of the god Aššur the great lord my lord I fought with them and defeated them 65 I captured from them their chariotry cavalry and military equipment and struck down 20,500 of their fighting men with the sword",https://oracc.museum.upenn.edu/riao/Q004619?lang=en
67,in <data> palâ ana āl ša Habini Til-abnaya alāk Til-abne āl dannīti adi āl ša libīt akšud adi rāšūʾa ēna ša Diglat ašar mūṣāʾu ša māʾūša šakin alāk kak Aššur in libba ullil nīq ana il aṣabbata naptan hudûtu altakan ṣalam šarrūssa šurbâ epāš tanadāte Aššur bēl alkakāt qurdi mimma ša in māssu epāš in qarbešunu alṭur in libba atazziz,In my seventh regnal year I marched to the cities of Ḫabīnu of the city Tīl-abnē I captured the city Tīl-abnē his fortified city together with the cities in its environs I marched to the source of the Tigris River the place where the water comes out 70 I washed the weapon of the god Aššur therein made sacrifices to my gods and put on a joyful banquet I created a colossal statue of my royal majesty and wrote thereon praises of the god Aššur my lord and all my heroic deeds that I had accomplished in the lands I erected it therein,https://oracc.museum.upenn.edu/riao/Q004619?lang=en
73,in <data> palâ Marduk-zakir-šumi šar Karduniaš Marduk-bel-usate ah duppussû issišunu abbalkit māssu malmališ azūz ana atūra gimelli Marduk-zakir-šumi alāk Me-Turnat akšud,In my eighth regnal year at the time of Marduk-zākir-šumi I the king of Karduniaš Babylonia Marduk-bēl-usāti his younger brother rebelled against him and 75 they divided the land equally I marched out to avenge Marduk-zākir-šumi and captured the city Mê-Turnat,https://oracc.museum.upenn.edu/riao/Q004619?lang=en
77,in <data> palâ šaniutēšu ana māssu Akkad alāk Gannanate albišu Marduk-bel-usate pulhat melam ša Aššur Marduk asahhap ana ētazbū napištašu ana šad elê arkešu arde Marduk-bel-usate adi ṣāb bēl hīṭātišu ša issišunu in kak amqutma ana māhāz rab alāk nīq in Babili Barsipa Kute epāš qīšāssu ana il rab aqīssu ana Kaldi arād āl akšud maddanāti ša šar ša Kaldi amdahar šurbat kak adi Marrate asahhap,In my ninth regnal year I marched to the land Akkad for a second time I surrounded the city Gannanāte The fearful splendor of the gods Aššur and Marduk overwhelmed Marduk-bēl-usāti and to save his life he ascended a mountain I pursued him and struck down 80 Marduk-bēl-usāti with the sword together with the treacherous soldiers who were with him I marched to the great cities and made sacrifices in Babylon Borsippa and Cutha and presented offerings to the great gods I went down to Chaldea and captured their cities I received the payment of the kings of Chaldea Awe of my weapons overwhelmed them as far as the Bitter Sea,https://oracc.museum.upenn.edu/riao/Q004619?lang=en
85,in <data> palâ <data> Purate ēber āl ša Sagara Gargamišaya akšud ana āl ša A-rame aqribma Arne āl šarrūssa adi <data> mē āl akšud,In my tenth regnal year I crossed the Euphrates River for the eighth time I captured the cities of Sangara of the city Carchemish I approached the cities of A(b)-rāmu Abi-rāmu and captured Arnê his royal city together with 100 cities in its environs,https://oracc.museum.upenn.edu/riao/Q004619?lang=en
87,in <data> palâ <data> Purate ēber āl ana lā māni akšud ana āl ša Amataya arād <data> āl akšud Adda-idri Ša-imarišu <data> šar ša Hatta,In my eleventh regnal year I crossed the Euphrates River for the ninth time I captured cities without number and descended to the cities of the people of the land Hamath I captured eighty-nine cities Hadad-ezer Adda-idrī of Damascus and twelve kings of the land Ḫatti stood together in united strength but I defeated them,https://oracc.museum.upenn.edu/riao/Q004619?lang=en
89b,ana emūq ahāmeš atazziz dabdâ altakan in <data> palâ <data> Purate ēber ,In my twelfth regnal year I crossed the Euphrates River for the tenth time marched to the land Paqarḫubuni and plundered them the people,https://oracc.museum.upenn.edu/riao/Q004619?lang=en
90b,ana Paqarahubuni alāk šallassin assalla in <data> palâ ana Mateiate elê ,In my thirteenth regnal year I went up to the city Matiātu and plundered it,https://oracc.museum.upenn.edu/riao/Q004619?lang=en
91b,šallassin assalla in <data> palâ māssu adakkekama Purate ēber <data> šar in irassun atbīma ,In my fourteenth regnal year I mustered the troops of my land and crossed the Euphrates River Twelve kings attacked me I fought with them and defeated them,https://oracc.museum.upenn.edu/riao/Q004619?lang=en
92b,issišunu amdahaṣ dabdâ altakan in <data> palâ ana rāšūʾa ēna ša Diglat Purate alāk ṣalam ,In my fifteenth regnal year I marched to the source of the Tigris River and Euphrates River and erected a statue of my royal majesty on mountain cliffs there,https://oracc.museum.upenn.edu/riao/Q004619?lang=en
93b,šarrūssa in kāpi atazziz in <data> palâ Zaba ēber ana Nammur alāk Marduk-mudammiq šar Nammur ana ētazbū napištašu elê makkūr ṣāb il ana māssu Aššur ābilāt Ianzu mār Habban ana šarrūssa ana muhha altakan,In my sixteenth regnal year I crossed the Lower Zab and marched to the land Namri Marduk-mudammiq the king of the land Namri ran away in order to save his own life I brought back to Assyria his property troops and gods I appointed Ianzû of Bīt-)Ḫamban lit “son of Ḫamban” a king over them,https://oracc.museum.upenn.edu/riao/Q004619?lang=en
96,in <data> palâ Purate ēber ana Hamana elê gašūrī ,In my seventeenth regnal year I crossed the Euphrates River and ascended Mount Amanus I cut down beams of cedar,https://oracc.museum.upenn.edu/riao/Q004619?lang=en
97b,erēna akkis in <data> palâ <data> Purate ēber Haza-il Ša-imarišu ana tāhāssu atbīma <data> līm <data> mē <data> narkabat <data> mē <data> pēthal issišunu,"In my eighteenth regnal year I crossed the Euphrates River for the sixteenth time Hazael of Damascus attacked to do battle I captured from him 1,121 of his chariots and 470 of his cavalry together with his camp",https://oracc.museum.upenn.edu/riao/Q004619?lang=en
99b,ušmannašu ekēm in <data> palâ <data> Purate ēber ana Hamana ,In my nineteenth regnal year I crossed the Euphrates River for the eighteenth time and ascended Mount Amanus I cut down beams of cedar,https://oracc.museum.upenn.edu/riao/Q004619?lang=en
100b,elê gašūrī erēna akkis in <data> palâ <data> Purate ēber ana Ga?-u?-e arād āl akšud šallassin,In my twentieth regnal year I crossed the Euphrates River for the twentieth time and went down to the land Que Qau I captured their cities and plundered them,https://oracc.museum.upenn.edu/riao/Q004619?lang=en
102b,assalla in <data> palâ <data> Purate ēber ana āl ša Haza-il Ša-imarišu alāk <data> māhāz akšud maddanāti ša Ṣurraya,In my twenty-first regnal year I crossed the Euphrates River for the twenty-first time and marched to the cities of Hazael of Damascus I captured four cities and received the payment of the people of Tyre Sidon and Byblos,https://oracc.museum.upenn.edu/riao/Q004619?lang=en
104b,Ṣidunaya Gublaya amdahar in <data> palâ <data> Purate ēber ana Tabal arād in ūm ša <data> šar ša Tabal igisê amdahar ana Tunni,In my twenty-second regnal year I crossed the Euphrates River for the twenty-second time and went down to the land Tabal At that time I received gifts from twenty-four kings of the land Tabal I marched to Mount Tunni the mountain of silver and Mount Mulî the mountain of alabaster,https://oracc.museum.upenn.edu/riao/Q004619?lang=en
107b,šad kasap Muli šad ašnugalli alāk in <data> palâ Purate ēber Uetaš āl dannīti ša Lalla Maliddaya akšud šar ša Tabal,In my twenty-third regnal year I crossed the Euphrates River and captured the city Uetaš the fortified city of Lalla of the land Melid The kings of the land Tabal came to me and I received their payment,https://oracc.museum.upenn.edu/riao/Q004619?lang=en
110b,alāk maddanāti amdahar in <data> palâ i šaplê ēber Hašimur abbalkit ana Nammur arād Ianzu šar Nammur išdu pān kak daʾʾat aplah ana ētazbū napištašu elê Sihišalah Bit-Tamul Bit-šakki Bit-šedi āl daʾʾat akšud dīkāti addūak šallassin assalla āl abbul anaqqar in išātāti ašrup sitāt ana šad elê ubān šad albišu akšud dīkāti addūak šallassin būšašu arād išdu Nammur ammušma maddanāti ša <data> šar ša Parsua amdahar išdu Parsua ammušma ana Messi Amadaya Aranzešu Harhar arād Kuakinda Hazzanabi Esamul Kinablila adi āl ša libīt akšud dīkāti addūak šallassin assalla āl abbul anaqqar in išātāti ašrup ṣalam šarrūssa in Harhar ašqup Ianzu mār Habban adi makkūr maʾassi,In my twenty-fourth regnal year I crossed the Lower Zab crossed Mount Ḫašimur and went down to the land Namri Ianzû the king of the land Namri took fright in the face of my mighty weapons and ran away in order to save his own life I captured the cities Siḫišalaḫ Bīt-Tamul Bīt-šakki 115 and Bīt-šēdi his fortified cities I massacred them plundered them destroyed demolished and burned with fire those cities The survivors fled up a mountain I laid siege to th(at mountain peak captured it slaughtered them plundered them and brought their property down Moving on from the land Namri 120 I received the payment of twenty-seven kings of the land Parsua Moving on from the land Parsua I went down to the lands Missi Media Amadāyu Araziaš and Ḫarḫār and captured the cities Kuakinda Ḫazzanabi Esamul and Kinablila together with the cities in their environs I massacred them plundered them and destroyed demolished and burned with fire those cities 125 I erected a statue of my royal majesty in the city Ḫarḫār I uprooted Ianzû of Bīt-)Ḫamban lit “son of Ḫamban” together with his rich property his gods his sons his daughters and his numerous soldiers and brought them to Assyria,https://oracc.museum.upenn.edu/riao/Q004619?lang=en
126b,il mār mārassu ṣāb maʾassi anassah ana māssu Aššur ābilāt in <data> palâ Purate in mēliša ēber maddanāti ša šar ša Hatta kal amdahar Hamana abbalkit ana āl ša Katea Quaya arād Timur āl dannīti albišu akšud dīkāti addūak šallassin assalla āl ana lā māni abbul anaqqar in išātāti ašrup in tayyarat Muru āl dannīti ša A-rame mār Agusi birāte ana ramānī aṣabbata sippi akṣur ēkal šubat šarrūssa in libba addâ,In my twenty-fifth regnal year I crossed the Euphrates River in flood and received the payment of all of the kings of the land Ḫatti I crossed Mount Amanus and went down to the cities of Katî of the land Que Qau I besieged and captured the city Timur his fortified city I massacred them its inhabitants plundered them and destroyed demolished and burned with fire cities without number 130 Upon my return march I took over as a fortress for myself the city Mūru the fortified city of A(b)-rāmu Abi-rāmu of Bīt)-Agūsi lit “son of Agūsu” I re)built its gateways and founded a palace for the abode of my royal majesty therein,https://oracc.museum.upenn.edu/riao/Q004619?lang=en
132,in <data> palâ <data> Hamana abbalkit erbêšu ana āl ša Katea Quaya alāk Tanakun āl dannīti ša Tulli albišu pulhat melam ša Aššur bēl asahhap aṣê šēp aṣabbata līṭē aṣabbata kasap hurāṣ parzilla alap immer maddanāti amdahar išdu Tanakun ammušma ana Lamena alāk nišē adāru šad marṣa aṣabbata ubān šad albišu akšud dīkāti addūak šallassin alap ṣēnašu išdu qarbešunu šad arād āl abbul anaqqar in išātāti ašrup ana Tarzi alāk šēp aṣabbata kasap hurāṣ maddanāti amdahar Kirri ah ša Katea ana šarrūssa in muhha altakan in tayyarat ana Hamana elê gašūrī erēna akkis,In my twenty-sixth regnal year I crossed Mount Amanus for the seventh time and I marched to the cities of Katî of the land Que Qau for a fourth time I surrounded the city Tanakun the fortified city of Tullu Overwhelmed by fear of the radiance of the god Aššur my lord he came out and grasped my feet I took hostages from him and 135 received from him a payment of silver gold iron oxen and sheep Moving on from the city Tanakun I marched to Mount Lamena The people became frightened and took to a rugged mountain I laid siege to th(at mountain peak and captured it I massacred them and brought down from th(at mountain plunder consisting of their oxen and sheep I destroyed demolished and burned with fire their cities I marched to the city Tarzu Tarsus They the people grasped my feet and I received from them a payment of silver and gold I appointed Kirrî the brother of Katî as king over them Upon my return march I ascended Mount Amanus cut down beams of cedar and carried them back to my city Aššur,https://oracc.museum.upenn.edu/riao/Q004619?lang=en
141b,ašša ana āl Aššur ābilāt in <data> palâ narkabat ṣāb adakkekama Dayyan-Aššur tartāni rab ummān rapalti in pānāssu ummān ana Urarṭa ʾāri asappara ana Bit-Zamani arād in nērab ša Ammaš erāba Arṣania ēber Se-duri Uarraṭaya ašmâ ana gipiš ummān maʾassi atkal ana epāš qabal tāhāssu ana irassun atbīma issišunu amdahaṣ,In my twenty-seventh regnal year I mustered my chariots and troops I issued orders and sent Dayyān-Aššur the field marshal the chief of my extensive army to lead my army to the land Urarṭu He went down to Bīt-Zamāni entered the pass of the city Ammaš and crossed the Arṣania River When Sarduri I of the land Urarṭu heard of this relying on the might of his mighty army he attacked to wage war and battle He fought with him defeated him and filled the wide plain with the corpses of his warriors,https://oracc.museum.upenn.edu/riao/Q004619?lang=en
146b,dabdâ altakan pagar qurād ṣēr rapalti imlâ in <data> palâ kī in Kalha ašbā ṭēm atūra amēl Pattinaya Liburna bēl addūak Surri lā bēl kussâm ana šarrūssa in muhha ašša Dayyan-Aššur tartāni rab ummān rapalti in pānāssu ummān karāssu ʾāri asappara Purate in mēliša ēber in Kinalua āl šarrūssa madaktiya altakan Surri lā bēl kussâm pulhat melam ša Aššur bēl asahhap mūt šīmat alāk amēl Pattinaya išdu pān namrurat kak daʾʾat aplah mār Surri adi ṣāb bēl hīṭātišu aṣabbata ittannūni ṣāb šunūte in gašīšē arti Sasi mār Kuruṣṣa šēp aṣabbata ana šarrūssa in muhha altakan kasap hurāṣ annakī siparram parzilla šinni pīrāti ana lā māni amdahar,In my twenty-eighth regnal year while I was residing in the city Kalḫu a report was sent back to me that the people of the land Pattinu had killed Lubarna their lord and appointed Surri a non-royal person lit “a non-lord of a throne” as king over them 150 I issued orders and sent out Dayyān-Aššur the field marshal the chief of my extensive army at the head of my army and camp He crossed the Euphrates River in flood and pitched camp at the city Kunulua Kinalua his royal city Overwhelmed by fear of the radiance of the god Aššur my lord Surri a non-royal person departed this life The people of the land Pattinu took fright in the face of the flash of my strong weapons and laying hold of the sons of Surri together with the guilty soldiers they handed them over to him He hung those soldiers on stakes Sāsî of Bīt-)Kuruṣṣâ lit “son of Kuruṣṣâ” submitted to him and he appointed him as king over them 155 He received from them silver gold tin bronze iron and elephant ivory without measure He created a colossal statue of my royal majesty and erected it in the city Kunulua Kinalua his royal city in the temple of his gods,https://oracc.museum.upenn.edu/riao/Q004619?lang=en
156b,ṣalam šarrūssa šurbâ epāš in Kinalua āl šarrūssa in bēssu il atazziz in <data> palâ ummān karāssu ʾāri asappara ana Habhi elê āl abbul anaqqar in išātāti assarap māssu abūbāniš asappan pulhat,In my twenty-ninth regnal year I gave orders and sent out my army and camp He Dayyān-Aššur went up to the land Ḫabḫu destroyed demolished and burned with fire their cities and annihilated their land like a flood thus spreading my radiant fearfulness over them,https://oracc.museum.upenn.edu/riao/Q004619?lang=en
159b,melam el asbuk in <data> palâ kī in Kalha ašbā Dayyan-Aššur tartāni rab ummān rapalti in pānāssu ummān ʾāri asappara Zaba ēber in libba āl ša Hubuške aqribma maddanāti ša Data Hubuškaya amdahar išdu libba āl ša Hubuškaya ammušma ana libba āl ša Magdubi Madahisaya aqribma maddanāti amdahar išdu libba āl ša Madahisaya ammušma ana libba āl ša Udaki Mannaya aqribma Udaki Mannaya išdu pān namrurat kak daʾʾat aplah Izirte āl šarrūssa mušširannâti ana ētazbū napištašu elê arkešu arde alap ṣēnašu būšašu ana lā māni atūra āl abbul anaqqar in išātāti ašrup išdu Mannaš ammušma ana āl ša Šulusunu HARna aqribma Masašuru āl šarrūssa adi āl ša libīt akšud Šulusunu adi mār rēmūtu altakan ana māssu atūra bilassun maddanāti sisê ṣimdassu nīr el altakan ana Paddir aqribma maddanāti ša Arta-sari Paddiraya amdahar ana Parsua arād maddanāti ša šar ša Parsua amdahar sitāt Parsua lā māgir Aššur āl,In my thirtieth regnal year while I was residing in the city Kalḫu I gave orders and sent out Dayyān-Aššur 160 the field marshal the chief of my extensive army at the head of my army Crossing the Lower Zab he approached the cities belonging to the city Ḫubuškia He received the payment of Dātāna of the city Ḫubuškia Moving on from the cities belonging to the city Ḫubuškia he approached the cities of Magdubu of the land Madaḫisa and received tribute Moving on from the cities of the land Madaḫisa he approached the cities of Udaki 165 of the land Mannea Udaki of the land Mannea took fright in the face of the flash of my strong weapons and abandoned I)zirtu his royal city and ran away in order to save his own life He went after him and brought away his oxen sheep and property without measure He destroyed demolished and burned with fire his cities Moving on from the land Mannea Mannaš he approached the cities of Šulusunu of the land ḪARna He captured the city Masašuru his royal city together with the cities in its environs 170 He spared Šulusunu together with his sons and brought him back to his land He imposed upon him a tax and tribute of teams of horses He approached the city Paddira and received the payment of Artasari of the city Paddira He went down to the land Parsua and received the payment of the kings of the land Parsua He conquered the cities of the rest of the land Parsua which was insubmissive to the god Aššur and brought their captives and property to Assyria,https://oracc.museum.upenn.edu/riao/Q004619?lang=en
174b,akšud šallassin būšašu ana māssu Aššur ābilāt in <data> palâ šaniutēšu pūrišu in pān Aššur Adad akruru in ūm kī in Kalha ašbā Dayyan-Aššur tartāni rab ummān rapalti in pānāssu ummān karāssu ʾāri asappara ana āl ša Data Hubuškaya aqribma maddanāti amdahar ana Zapparia āl dannīti ša Muṣaṣir alāk Zapparia adi <data> āl ša Muṣaṣiraya akšud adi birāte ša Uarraṭaya alāk <data> āl abbul anaqqar in išātāti ašrup ana Gilzani arād maddanāti ša Upu Gilzanaya Mannaya Gaburisaya Harranaya Šašganaya Andiaya x-birayu alap immer sisê ṣimdassu nīr amdahar ana āl ša x arād Pirria Šitiuaria āl daʾʾat adi <data> āl ša libīt abbul anaqqar in išātāti ašrup pulhat melam in muhha asbuk ana āl ša Parsuaya alāk Puštu Salahamanu Kiniḫamanu āl daʾʾat adi <data> āl ša libīt akšud dīkāti addūak šallassin assalla ana Nammur arād pulhat melam ša Aššur Marduk asahhap āl mušširannâti ana šad marṣa elê <data> mē <data> āl abbul anaqqar in išātāti assarap in nērab ša Simesi in pūssa Arman arād,In my thirty-first regnal year 175 when I placed the lot for a second time before the gods Aššur and Adad as dedication at that time while I remained residing in the city Kalḫu I gave orders and sent out Dayyān-Aššur the field marshal the chief of my extensive army at the head of my army and camp He approached the cities of Dātāna Datâ of the land Ḫubuškia and received tribute from him He marched to the city Zapparia a fortified city of the land Muṣaṣir He captured the city Zapparia together with forty-six cities belonging to the people of the land Muṣaṣir 180 He marched as far as the fortresses of the land Urarṭu and destroyed demolished and burned with fire fifty of their cities He went down to the land Gilzānu and received tribute from Upû of the land Gilzānu of people of the land Mannea the people of the city Gaburisu and of the lands Ḫarrānia Šašganu Andia and bira oxen sheep and harness-trained horses He went down to the cities of the land and destroyed demolished and burned with fire the cities Pirria and Šitiuaria his fortified cities together with twenty-two cities in the environs 185 He spread my radiant fearfulness over them He marched to the cities of the land Parsua and captured the cities Puštu Šalaḫamānu and Kiniḫamānu fortified cities together with twenty-three cities in their environs He massacred them and plundered them He went down to the land Namri Overwhelmed by fear of the radiance of the gods Aššur and Marduk they abandoned their cities and ascended a rugged mountain He destroyed demolished and burned 250 of their cities He went down through the pass of Mount Simesi before the land Ḫalman,https://oracc.museum.upenn.edu/riao/Q004619?lang=en
