﻿line,akkadian,english,source
1,Salmani-ašared šakan Enlil iššakki Aššur mār Adad-narari šakan Enlil iššakki Aššur mār Arik-den-ili šakan Enlil iššakki Aššur mukīn māhāz ella bān Ekur kiṣṣa il,Shalmane[ser I appointee of the god Enlil vice-regent of the god Aššur son of Adad-[nārārī I appointee of the god Enlil vice-regent of the god Aššur son of Arik-[dīn-ili who was also appointee of the god Enlil and vice-regent of the god Aššur founder of holy cult centers builder of Ekur — shrine of the gods and dwelling of the god Nunnamnir,https://oracc.museum.upenn.edu/riao/Q005793?lang=en
6,šubat Nunnamnir enūma Ehursagkurkurra bēssu Aššur bēl ša išdu ulla šar ab epāš bēssu šū in qimīt gīra lū šulput bēssu Aššur bēl ana sihir ikkir qaqqar assukma dannassa akšud išdāša in pēli daʾʾat kīma kiṣir šad lū armâ,At that time as for Eḫursagkurkurra the temple of the god Ašš[ur my lord which the kings my ancestors had built since distant days that temple was destroyed by fire I cleared away the temple of the god Ašš]ur my lord in its entirety removed the earth beneath it and reached its foundation pit I laid its foundations with hard limestone just like bedrock,https://oracc.museum.upenn.edu/riao/Q005793?lang=en
16,in qarbešunu bēssu dayyān bēl lū epāš ana ašar lū atūra Ehursagkurkurra bēssu Aššur bēl el mahrî maʾdiš šūturi u arbâ išdu ussīšu adi gabadibbēša epāš kullat il šūt Ekur in qarbešunu ikūn narâ altakan narâ ša Aššur-uballiṭ ab issišunu narâ,I built the temple of the Divine Judges my lords inside it I resto]red it I made Eḫursag]­kur­kur­ra the temple of the god Aššur my lord much larger than b]efore I built it from its foundations to its crenellations I placed all of the gods of Ekur inside it I deposited m[y commemorative inscriptions therein I deposited the commemorative inscriptions of Aššur-uballiṭ I my ancestor together with my commemorative inscriptions,https://oracc.museum.upenn.edu/riao/Q005793?lang=en
28b,altakan rubā arkīti enūma bēssu šū ānah epāš kīma anāku narâ ša Aššur-uballiṭ ab lā ikkir ana ašar atūra narâ ana ašar atūra Aššur u dayyān ikrib ašmâ,May a future ruler when he builds that temple when it becomes dilapidated — just as I had not removed the commemorative inscriptions of Aššur-uballiṭ I my ancestor and returned them to their places — return my commemorative inscriptions to their places The god Aššur and the Divine Judges will then listen to his prayers,https://oracc.museum.upenn.edu/riao/Q005793?lang=en
36,Ša-sarrate <data> līmi Aššur-nadin-šumati,Ša-sa]rāte th day eponymy of Aššur-nādin-šu[māti,https://oracc.museum.upenn.edu/riao/Q005793?lang=en
