﻿line,akkadian,english,source
1,Adad-narari šakan Enlil iššakki Aššur mār Arik-den-ili šakan Enlil iššakki Aššur mār Enlil-narari šakan Enlil iššakki Aššur,Adad-nārārī I appointee of the god Enlil vice-regent of the god Aššur son of Arik-dīn-ili appointee of the god Enlil vice-regent of the god Aššur son of Enlil-nārārī who was also appointee of the god Enlil and vice-regent of the god Aššur,https://oracc.museum.upenn.edu/riao/Q005751?lang=en
4,enūma dūr Libbi-ali ša in pān ab šar ālik pān epāš ša tarṣi siqqurrassu rab eššam ša Aššur bēl ša Arik-den-ili ab epāš dūr šū ānah anhūssa ikkir dannassa akšud <data> libittašin ikbirū ana ašar atūra išdu ussīšu adi gabadibbēša epāš narâ u tammēnīya altakan,At that time as for the wall of the Inner City which my ancestors the kings who came before me had previously built and which is opposite the large new ziggurat of the god Aššur my lord which Arik-dīn-ili my father had built that wall had become dilapidated and I removed its dilapidated section(s and reached its foundation pit I restored it by making it ten bricks thick I built it from its foundations to its crenellations I deposited my commemorative inscriptions and my foundation inscriptions therein,https://oracc.museum.upenn.edu/riao/Q005751?lang=en
18,ana arkâssu ūm rubā arkīti enūma dūr šū ānah ēteneddišu kīma yâte ēteneddišu šum šaṭir narâ u tammēnīya ana ašar atūra Aššur ikrib,In the future may a future ruler when he renovates that wall when it becomes dilapidated just as I had done renovate it and return my inscribed name my commemorative inscriptions and my foundation inscriptions to their places The god Aššur will then listen to his prayers,https://oracc.museum.upenn.edu/riao/Q005751?lang=en
26,ašmâ ša šum šaṭir ipaššiṭa šum alṭur u lū narâ lišamsikū Aššur bēl šarrūssa askip šâšu ummān u zarašu anār in pān nakirē ā atazziz Ištar bēlat abekte māssu altakan Adad in beriq lemnāti māssu ittanabriqu ana māssu hušahha addâ,As for the one who erases my inscribed name and writes his own name or discards my commemorative inscriptions may the god Aššur my lord overthrow his kingship slay him his people and his seed May he not stand firm before his enemy May the goddess Ištar my lady bring about the defeat of his land May the god Adad strike his land with terrible lightning and afflict his land with want,https://oracc.museum.upenn.edu/riao/Q005751?lang=en
39,Ṣippu <data> līmi Aššur-eriš mār Abatte,Ṣippu fourteenth day eponymy of Aššur-ēriš the son of Abattu,https://oracc.museum.upenn.edu/riao/Q005751?lang=en
