﻿line,akkadian,english,source
1,Salmani-ašared šakan Enlil iššakki Aššur šar daʾʾat šar kiššat nišē utul abrāti pāqid Ekur baʾʾīt il šad Nunnamnir qām targīgī lā pādâ ušumgal qabal ārir zāʾirīšu kašūš lā māgir mulakku alṭūte dāʾiš multarhī mušakniš nagab hursānī ša ana šiddi naskūti rapalti ummān Gute unaʾʾilu kī šūbe kāšid Lullubi u Šubare šālil gārê zāmânī eliš u šapliš,Shalmaneser I appointee of the god Enlil vice-regent of the god Aššur strong king king of all of the people shepherd of mankind overseer of Ekur — the desired object of the gods and the mountain of the god Nunnamnir — merciless crusher of criminals great dragon of conflict curser of enemies the weapon that destroys the insubmissive the one who weakens fierce enemies trampler of the rebellious subduer of all of the mountains who flattened like grain the extensive army of the land Qutû to remote regions conqueror of the lands Lullumê and Subartu Šubaru who carries off hostile foes above and below,https://oracc.museum.upenn.edu/riao/Q005792?lang=en
17,mār Adad-narari šakan Enlil iššakki Aššur mār Arik-den-ili šakan Enlil iššakki Aššur,son of Adad-nārārī I appointee of the god Enlil vice-regent of the god Aššur son of Arik-dīn-ili who was also appointee of the god Enlil and vice-regent of the god Aššur,https://oracc.museum.upenn.edu/riao/Q005792?lang=en
19,enūma in Ehursagkurkurra bēssu Aššur bēl in bāb ella ša Kalkal nāmarēšu šaqâ lū epāš nērab siparram mēlê rab lū atazziz hittāni niphī šurīnī u dalāt siparram lū ikūn,At that time I built high towers in Eḫursagkur­kur­ra the temple of the god Aššur my lord at the holy Kalkal Gate I installed a bronze entrance with large steps I erected architraves with bosses emblems and bronze doors,https://oracc.museum.upenn.edu/riao/Q005792?lang=en
27,in ūm bēssu hiburni labēri ša šar ab in pān epāš dūr ana šūturi tarpaš ana arbâ bēssu hiburni šâtunu anaqqar naphar ikkir,At that time as for the old house of beer vats which the kings my ancestors had previously built I tore down the house of those beer vats in order to expand the wall and increase its area I removed them entirely,https://oracc.museum.upenn.edu/riao/Q005792?lang=en
33,<data> in ammat tarpaš arbâ <data> libittašin dūr bētānâ <data> libittašin dūr kīdānâ ikbirū erinakkī epāš hiburni u rāṭāti ana ašar atūra el ša pān šūturi išdu ussīšu adi gabadibbēša epāš,I enlarged the area by sixteen cubits I made its inner wall ten layers of brick thick and its outer wall five layers of brick thick I built the erinakku As for the beer vats and pipes I returned them to their places I made that building larger than before and then I built and completed it from its foundations to its crenellations,https://oracc.museum.upenn.edu/riao/Q005792?lang=en
39b,šuklul u narâ altakan narâ ša ab šaman apšuš nīq aqqâ issišunu aban kasap u hurāṣ ana ašar atūra,Moreover I deposited my commemorative inscriptions therein I anointed the commemorative inscriptions of my ancestors with oil made offerings and returned them to their places together with stone(s silver and gol[d,https://oracc.museum.upenn.edu/riao/Q005792?lang=en
43,ana arkâssu ūm rubā arkīti enūma šipar šū ilabbbiru ānah anhūssa ēteneddišu kīma anāku narâ ša ab lā ikkir ana ašar atūra narâ ana ašar atūra Aššur ikrib ašmâ,In the future may a future ruler when that work becomes old and dilapidated renovate their dilapidated section(s Just as I had not removed the commemorative inscriptions of my ancestors and returned them to their places may he return my commemorative inscriptions to their places The god Aššur will then listen to his prayers,https://oracc.museum.upenn.edu/riao/Q005792?lang=en
50,munakkir šiṭir u šum Aššur bēl šarrūssa askip šum zarašu in māssu halāq šar bēl lemnāti kussâm eṭēr ana niṭil ēna māssu asappara,As for the one who removes my inscriptions and my name may the god Ašš]ur my lord overthrow his kingship and make his name and his seed disappear from the land May a king who is his enemy take away his throne and under his very eyes rule his land,https://oracc.museum.upenn.edu/riao/Q005792?lang=en
56,Ša-sarrate līmi Aššur-kašid,Š]a-sarrāte eponymy of Aššur-kāšid,https://oracc.museum.upenn.edu/riao/Q005792?lang=en
