﻿line,akkadian,english,source
1,Sin-ahhe-eriba šar rabâ šar dannāku šar māssu Aššur šar lā išnunūšuma rēʾi mutnennû pālih il rabâ nāṣir kināti rāʾim mešāri ēpissa ūsāt ālik tappût akê sāhir dameqtašu eṭli gitmālī zikar qardi ašarēd kal malik rappu lāʾiṭ lā māgir mušabriq zāmânī,Sennacherib great king strong king king of Assyria unrivalled king pious shepherd who reveres the great gods guardian of truth who loves justice renders assistance goes to the aid of the weak and strives after good deeds perfect man virile warrior foremost of all rul]ers the bridle that controls the in[submissive and the one who strikes enemies with lightning,https://oracc.museum.upenn.edu/riao/Q003483?lang=en
4,Aššur šad rabâ šarrūssa lā išnunūšuma šutlimšu el gimir āšib parak arbâ kak ,The god Aššur the great mountain granted to me unrivalled sovereignty and made my weapons greater than those of all who sit on royal daises,https://oracc.museum.upenn.edu/riao/Q003483?lang=en
5,ina rāšūʾa šarrūssa ša Marduk-apla-iddina šar Karduniaš adi ummān Elamte rēṣēšu ina tamerāti Kiš altakan dabdâšu narkabat ṣumbāte sisê parê imērī gammalī u udrāte ša ina aqribma tāhāz mušširannâti akšud qāssa,At the beginning of my kingship I brought about the defeat of Marduk-apla-iddina II Merodach-baladan king of Karduniaš Babylonia together with the troop]s of the land Elam his ally in the p]lai[n of Kish I seized the chariots wagons horses mules donkeys cam]els and Bactrian camels that he had abandoned in the thick of battle,https://oracc.museum.upenn.edu/riao/Q003483?lang=en
7,ana ēkal ša qerbeša Babili hadîš erēb aptâ bīssu niṣirtašu hurāṣ kasap anūt hurāṣ kasap aban aqarte mimma šum būšašu makkūr niṣirtašu kabitta alti sekrati ēkal tīrī manzāssin pān sihir ummânī mal bāšâ muttabbil ēkal aṣê šallatiš amna,I joyfully entered his palace which is in Babylon then I opened his trea]sury and brought out gold silver gold and silver utensils precious stones all kinds of possessions and property a substantial treasure together with his wife his palace women courtiers attendants all of the craftsmen as many as there were and his palace attendants and I counted them as booty,https://oracc.museum.upenn.edu/riao/Q003483?lang=en
9,<data> ana qerbeša agammē <data> <data> <data> <data> <data> <data> <data> <data> <data> ,into the mi]dst of swamps,https://oracc.museum.upenn.edu/riao/Q003483?lang=en
10,ina emūq Aššur bēl <data> āl dannāku bīssu dūr ša Kaldi u <data> mē <data> āl ṣahri ša libīt alme akšud ašallal šallassin urbī Arame u Kaldaya ša qerbeša Uruk Nippur Kiš Hursagkalamma Kute adi mār āl bēl hīṭātišu aṣê šallatiš amna,With the strength of the god Aššur my lord I surrounded conq[uered and plundered 89 fortified cities fortresses of Chaldea and 8]20 small(er settlements in their environs I brought out the auxiliary forces of the Arameans and Chaldeans who were in Uruk Nippur Kish Ḫursagkalamma and Cutha together with the gu[ilty citizens and I counted them as booty,https://oracc.museum.upenn.edu/riao/Q003483?lang=en
12,ina tayyarat Tuʾmuna Rihihu Yadaqqu Ubudi Gibre Malahu Gurume Ubulu Damuni Gambulaya Hindari Ruʾuʾa Puqudaya Hamaranaya Hagaranu Nabatu Liʾtaʾa Arame lā kanše mithāriš akšud,On my return march I defeated all together the Tuʾmūna Riḫiḫu Yadaqqu Ubu]du Gibrê Maliḫu Malaḫu Gurumu Ubulu Damunu 15 Gambulu Ḫindaru Ruʾuʾa Puqudu Ḫamrānu Ḫagarānu Nabatu and Liʾ taʾu insubmissive Ara means,https://oracc.museum.upenn.edu/riao/Q003483?lang=en
