﻿line,akkadian,english,source
i 29,narkabat sisê ṣumbāte parê ša ina aqribma tāhāz mušširannâti akšud qāssa,I seized the chariots horses wagons and mu[les that he had abandoned in the thick of battle,https://oracc.museum.upenn.edu/riao/Q003970?lang=en
i 32,ana ēkal ša qerbeša Babili hadîš erēb aptâ bīssu niṣirtašu hurāṣ kasap anūt hurāṣ kasap aban aqarte mimma šum būšašu makkūr lā nība kabitta bilassun <data> ēkal tīrī manzāssin pān nāri nārāti sihir ummânī mal bāšâ muttabbil ēkal aṣê šallatiš amna,I joyfully entered his palace which is in Babylon and then I opened his treasury and brought out gold silver gold and silver utensils precious stones all kinds of possessions and property without number a substantial tribute together with his palace women courtiers attendants male singers female singers all of the craftsmen as ma]ny as there were and his palace attendants and I counted them as booty,https://oracc.museum.upenn.edu/riao/Q003970?lang=en
i 43,ina emūq Aššur bēl <data> āl dannāku bīssu dūr ša Kaldi u <data> mē <data> āl ṣahri ša libīt alme akšud ašallal šallassin urbī Arame Kaldaya ša qerbeša Uruk Nippur Kiš Hursagkalamma Kute Sippar adi mār āl bēl hīṭātišu aṣê šallatiš amna,With the strength of the god Aššur my lord I surrounded conquered and plundered 75 of his fortified cities fortresses of Chaldea and 420 small(er settlements in their environs I brought out the auxiliary forces of the Arameans and Chaldeans who were in Uruk Nippur Kish Ḫursagkalamma Cutha and Sippar together with the gu]ilty citizens and I counted them as bo]oty,https://oracc.museum.upenn.edu/riao/Q003970?lang=en
i 53,ina tayyarat Tuʾmuna Rihihu Yadaqqu Ubudi Gibre Malahu Gurume Ubulu Damuni Gambulaya Hindari Ruʾuʾa Puqudaya Hamaranaya Hagaranu Nabatu Liʾtaʾa Arame lā kanše mithāriš akšud <data> <data> <data> <data>,On my return mar[ch I defeated all together the Tuʾ­mū­na Riḫiḫu Yadaqqu Ubudu Gibrê Ma­la­ḫu Gurumu Ubulu Damunu Gambulu Ḫin­da­ru Ru­ʾu­ʾa Pu­qu­du Ḫam­rā­nu Ḫa­ga­rā­nu Nabatu and Liʾtaʾ[u insubmissive Ar­a­me­ans,https://oracc.museum.upenn.edu/riao/Q003970?lang=en
ii 1,ab lā kitnuš lū alāk qerbeša hursānī zaqri eqel namrāṣi ina sisê arkab narkabat šēp ina tikkāte aššânni ašar šupšuqāma ina šēp rīmāniš attaggiš,I marc[hed to the land of the Kassites and the land of the Yasubigallians who since time immemorial had not submitted to the kings my ancestors In the high mou]ntains difficult terrain I rode on horse]back and had my personal chariot carried o[n men’s ne]cks In very rugged terrain I roamed about on foot like a wild bull,https://oracc.museum.upenn.edu/riao/Q003970?lang=en
ii 6,Bit-Kilamzah Hardišpi Bit-Kubat āl bīssu dūr dannāku alme akšud nišī sisê parê imērī alap u ṣēnašu ištu qerbeša aṣê šallatiš amna u āl ṣahri ša nība lā īšâ anappal anaqqar ēmâ karmeš bīssu ṣēr kultār mūšab ina gīri aqmi,I surrounded and conquered the cities Bīt-[Ki]lamzaḫ Ḫardišpu and Bīt-Kubatti their fortified walled cities I brought out of them people horses mules donkeys oxen and sheep and goats and I counted them as booty Moreover I destroyed devastated and turned into ruins their small(er settlements which were without number I burned with fire pav]ilion(s and tents their ab]odes and reduced them to ashes,https://oracc.museum.upenn.edu/riao/Q003970?lang=en
ii 15b,ditalliš ēmâ atūra Bit-Kilamzah šatti ana birtūti aṣabbata el ša ūm pān dūr dunnina nišī māssu kišitte qāssa ina libba ašāb nišī māssu Kašši u māssu Yasubigallaya ša lapān kak ipparaššidu ištu qerbeša šad arād ina Hardišpi Bit-Kubat armâ ina qāssa šūt rāšūʾa bēl Arrapha amna narâ epēssu lētu kišitte qāssa ša el altakan ṣēr alṭur,I made that city Bīt-Kilamzaḫ a fortress again and I strengthened its walls more than before and then I settled the]rein the people of the lands that I had conquered I brought down from the mountains the people of the land of the Kassites and the land of the Yasubigallians who had fled from my weapon[s and I made them dwell in the cities Ḫardišpu and Bīt-Kubatti I placed them under the authority of a eunuch of mine the governor of the city Arrapḫa I had a stele made had all the victorious conquests that I achieved over them written on it and I erected it in that city,https://oracc.museum.upenn.edu/riao/Q003970?lang=en
ii 30b,ina qerbeša āl azziz pān nīr atūra ana Ellipi aṣabbata harrān ellāmēšun Ispabara šar āl dannāku bīssu niṣirtašu mušširannâti ana rūqēte innabidūma gimir māssu rapašti kīma imbari ashup Marubišti Akkuddu āl bīssu šarrūssa adi <data> āl ṣahri ša libīt alme akšud anappal anaqqar ina gīri aqmi,I turned around lit “I turned the front of my yoke” and took the road to the land Ellipi Before my arrival Ispabāra their king abandoned his fortified cities and his treasury and fled far away I overwhelmed all of his wide land like a fog I surrounded conquered destroyed devastated and burned with fire the cities Marubištu and Akkuddu cities of his royal house together with thirty-four small(er settlements in their environs,https://oracc.museum.upenn.edu/riao/Q003970?lang=en
ii 41,nišī ṣeher rab zikar u sinniš sisê parê imērī gammalī alap u ṣēnašu ana lā mīna ašallal adi lā bašê alāk iṣhir māssu Ṣiṣṣirtu Kummahlu āl dannāku adi āl ṣahri ša libīt Barrua nagê ana gimirti ištu qerbeša māssu abtuq el miṣir māssu Aššur arde,I carried off people young and old male and female horses mules donkeys camels oxen and sheep and goats without number and then I brought him Ispabāra to nought and made his land smaller I detached from his land the cities Ṣi(ṣ)ṣirtu and Kummaḫlum fortified cities together with the small(er settlements in their environs and the dis]trict of the land Bīt-Barrû in its entirety and I added this area to the ter]ritory of Assyria,https://oracc.museum.upenn.edu/riao/Q003970?lang=en
ii 51,Elenzaš ana āl šarrūssa u dannassu nagê šatti aṣabbata šum mahar ikkirā,I took the city El]enzaš as a royal city and a fortress for that distri[ct and then I changed its former name and,https://oracc.museum.upenn.edu/riao/Q003970?lang=en
iii 1,<data> Kammusu-nadbi Maʾabaya Aya-rammu Udummaya šar māssu Amurre kal igisê šadal tāmartašu kabitta adi erbêšu ana mahar aššânni,Kammūsu-nadbi of the land Moab Aya-rāmu of the land Edom all of the kings of the land Amurru they brought exten[sive gifts four times the normal amount as their substantial audience gift before me and kissed my feet,https://oracc.museum.upenn.edu/riao/Q003970?lang=en
iii 7b,inaššiquni šēp u Ṣidqa šar Isqalluna ša lā iknuša ana nīr il bīssu ab šâšu alti mār mārassu ahašu zēr bīssu ab assuh ana māssu Aššur ītarrê,Moreover as for Ṣidqâ the king of the city Ashkelon who had not submitted to my yoke I forcibly removed the gods of his father’s house himself his wife his sons his daug[hters his brothers and other offspring of his father’s house and took him to Assyria,https://oracc.museum.upenn.edu/riao/Q003970?lang=en
iii 13,Šarru-lu-dari mār Rukibti šar mahar el nišī Isqalluna altakan addin bilassun kadrâ bēlūssu ēmid išâṭ abšānī,I set Šarru-lū-dāri son of Rūkibtu their for[mer king over the people of the city Ashke[lon and imposed upon him the payment of tribute and gift[s in recognition of my overlordship so that he now pul[ls my yoke,https://oracc.museum.upenn.edu/riao/Q003970?lang=en
iii 18,ina mēteq gerra Bit-Daganna Yappu Banayabarqa Azuru āl ša Ṣidqa ša ana šēp arhiš lā iknuša alme akšud ašallal šallassin,In the course of my campa[ign I surrounded conquered and plun[dered the cities Bīt-Daganna Joppa Banayabarqa and Azuru the cities of Ṣidqâ that had not submitted to me quickly,https://oracc.museum.upenn.edu/riao/Q003970?lang=en
iii 23,šakkanak rubâtu u nišī Amqarruna ša Pade šar bēl adê u māmīt ša māssu Aššur birâti parzilla addâ ana Hazaqiyu Iaudaya addin nakriš ana anzillašu epēssu aplah libba šar Muṣri ṣāb qašassu narkabat sisê ša šar Emeluhha emūq lā nība iktera alāk rēṣūssu,As for the governors the nobles and the people of the city Ekron who had thrown Padî their king who was bound by treaty and oaths to Assyria into iron fetters and who had handed him over to Hezekiah of the land Judah in a hostile manner they became frightened on acc[ount of the villainous acts they had committed They formed a confederation with the kings of Egypt and the archers chariots and horses of the king of the land Meluḫḫa forces without number and they came to their ai[d,https://oracc.museum.upenn.edu/riao/Q003970?lang=en
iii 32,ina tamerāti Altaqu ellāmēšun sidir šitkunā ušaʾʾala kak ina tuklāt Aššur bēl ittešunu amdahiṣ <data> <data> <data> <data>,In the plain of the city El[tekeh they sharpened their weapons while drawing up in battle[line before me With the support of the god Aššur my lord I fou[ght with them and I captured,https://oracc.museum.upenn.edu/riao/Q003970?lang=en
iii 39b,akšud qāssa Altaqu Tamna alme akšud ašallal šallassin ana Amqarruna aqribma šakkanak rubâtu ša hīṭātišu bašê addūk ina dimāte <data> <data> <data> <data> <data> <data>,I surrounded conquered and plun[dered the cities Elte[keh and Tamnâ I approached the city Ekron and I killed the governors and nobles who had committed crime(s and hung their corpses on towers around the city,https://oracc.museum.upenn.edu/riao/Q003970?lang=en
