﻿line,akkadian,english,source
1',<data> <data> <data> <data> <data> <data> <data> <data> qerbeša hursānī zaqri eqel namrāṣi ina sisê arkab narkabat šēp ina tikkāte aššânni ašar šupšuqāma ina šēp rīmāniš attaggiš Bit-Kilamzah Hardišpi Bit-Kubat āl bīssu dūr dannāku alme akšud nišī sisê parê imērī alap u ṣēnašu ištu qerbeša aṣê šallatiš amna u āl ṣahri ša nība lā īšâ anappal anaqqar ēmâ karmeš bīssu ṣēr kultār mūšab ina gīri aqmi ditalliš ēmâ,In the high mountains difficult terrain I rode on horseback and had my personal chariot carried on men’s necks In very rugged terrain I roamed about on foot li[ke a wild bull I surrounded and conquered the cities Bīt-Kilamzaḫ Ḫardišpu and Bīt-Kubatti their for]tified walled cities I brought out from them peop[le horses mules donkeys oxen and sh]eep and goats and I counted them as booty Moreover I destroyed devastated and turn]ed into ruins their small(er settlements which were without number I bur]ned with fire pavilions and te[nts their abodes and reduced them to ashes,https://oracc.museum.upenn.edu/riao/Q003945?lang=en
5',atūra Bit-Kilamzah šatti ana birtūti aṣabbata el ša ūm pān dūr dunnina nišī māssu kišitte qāssa ina libba ašāb nišī māssu Kašši u māssu Yasubigallaya ša lapān kak ipparaššidu ištu qerbeša šad arād ina Hardišpi Bit-Kubat armâ ina qāssa šūt rāšūʾa bēl Arrapha amna narâ epēssu lētu kišitte qāssa ša el altakan ṣēr alṭur ina qerbeša āl azziz,I made that city Bīt-Kilamzaḫ a fortress again and I strengthened its walls more than be]fore and then I settled th]erein the people of the lands that I had conquered I brou[ght down from the mountains the people of the land of the Kassites and the land of the Yasubigallians who had fled from my weapons and I made them dwell in the cities Ḫardišp]u and Bīt-Kubatti I placed th]em under the authority of a eunuch of mine the governor of the city Arrapḫa I had a stele made had all the victorious conq[uests that I ac[hieved over them written on it and I erected it in that city,https://oracc.museum.upenn.edu/riao/Q003945?lang=en
8',pān nīr atūra ana Ellipi aṣabbata harrān ellāmēšun Ispabara šar āl dannāku bīssu niṣirtašu mušširannâti ana rūqēte innabidūma gimir māssu rapašti kīma imbari ashup Marubišti Akkuddu āl bīssu šarrūssa adi <data> āl ṣahri ša libīt alme akšud anappal anaqqar ina gīri aqmi,I turned around lit “I turned the front of my yoke” and took the road to the land Ellipi Be]fore my arrival Ispabāra their king aban[doned his forti[fied cities and his tre]asury and fled far away I overwhelmed all of his wide land like a fog I surrounded conqu[ered destroyed devastated and burned with fire the cities Marubištu and Ak]kuddu cities of his royal house together with thirty-four small(er settlements in their en]virons,https://oracc.museum.upenn.edu/riao/Q003945?lang=en
10',nišī ṣeher rab zikar u sinniš sisê parê imērī gammalī alap u ṣēnašu lā mīna ašallal adi lā bašê alāk iṣhir māssu Ṣiṣṣirtu Kummahlu āl dannāku adi āl ṣahri ša libīt Barrua nagê ana gimirti ištu qerbeša māssu abtuq el miṣir māssu Aššur arde,I carried off people young and old male and female horses mules donkeys cam]els oxen and sheep and goats without number and then I brought him Ispabāra to nought and made his land smaller I detached fr]om his land the cities Ṣi(ṣ)ṣirtu and Kummaḫlum fortified cities together with the smal­l(er settlements in their environs and the dis]trict of the land Bīt-Barrû in its ent[irety and I added this area to the territory of Assyria,https://oracc.museum.upenn.edu/riao/Q003945?lang=en
12',Elenzaš ana āl šarrūssa u dannassu nagê šatti aṣabbata šum mahar ikkirā Kar-Sin-ahhe-eriba abbi nibīssun nišī māssu kišitte qāssa ina libba ašāb ina qāssa šūt rāšūʾa bēl Harhar amna lirappiš māssu,I took the city Elenzaš as a royal city and a fortress for t]hat district and then I changed its former name and cal]led it Kār-Sennach[erib I settled therein the people of the lands that I had conquered I placed it under the authority of a eunuch of mine the governor of the city Ḫar[ḫar and thus en[larged my land,https://oracc.museum.upenn.edu/riao/Q003945?lang=en
14',ina tayyarat ša Madaya rūqāti ša ina šar ab mamma lā ašmâ siqiršin māssu maddatta kabitta amdahhar ana nīr bēlūssu iknuša ,On my return march I re[ceived a substantial payme]nt from the distant Medes of whose land none of the kings my ancestors had heard mention Thus I made them bow down to the yoke of my lor]dship,https://oracc.museum.upenn.edu/riao/Q003945?lang=en
15',ina šalši gerra ana Hatti lū alāk Luli šar Ṣidunni pulhī melammē bēlūssu ashup ana rūqēte qabal tâmāti innabidūma Ṣidunni rabâ Ṣidunni ṣahri Bit-Zitte Ṣariptu Mahallab Ušu Akziba Akku āl dannāku bīssu dūr ašar riʾītu u malqīte bīssu tuklāt rašubbat kak Aššur bēl ashup iknuša šēp,On my third campaign I marched to the land Ḫatti Fear of my lordly brilliance overwhelmed Lulî the king of the city Sidon and he fled a[far into the midst of the sea The awesome terror of the weapon of the god Aššur my lord overwhelmed the cities Great Sidon Lesser Sidon Bīt-Zi]tti Ṣarepta Maḫalliba Ušû Ak[zi]bu and Acco his fortified cities and fortresses an area of pasture(s and water-place(s resources upon which he relied and they bow]ed down at my feet,https://oracc.museum.upenn.edu/riao/Q003945?lang=en
18',Tu-Baʾil ina kussâšu šarrūssa el ašāb bilassun maddatta bēlūssu šattišam lā baṭalu ikūn ṣēr ,I placed Tu-Baʾlu on his royal throne over them and imposed upon him tribute and payment in recognition of my overlordship to be delivered yearly and without interruption,https://oracc.museum.upenn.edu/riao/Q003945?lang=en
19',ša Minhimmu Samsimurunaya Tu-Baʾil Ṣidunaya Abdi-Liʾti Armadaya Uru-Milki Gublaya Mitinti Asdudaya Budu-il Bit-Ammanaya Kammusu-nadbi Maʾabaya Aya-rammu Udummaya šar māssu Amurre kal igisê šadal tāmartašu kabitta adi erbêšu ana mahar aššânni inaššiquni šēp,As for Minuḫimmu of the city Samsimuruna Tu-Baʾlu of the city Si]don Abdi-Liʾ[ti of the city Arwa]d Ūru-Milki of the city Byblos Mitinti of the city Ashdod Būdi-il of the city Bīt-Ammon Kammū]su-nadbi of the land Moab Aya-rāmu of the land Edom all of the kings of the land Amurru they brought extensive gifts four times the normal amount as their substantial audience gi]ft before me and kissed my feet,https://oracc.museum.upenn.edu/riao/Q003945?lang=en
r 3,u Ṣidqa šar Isqalluna ša lā iknuša ana nīr il bīssu ab šâšu alti mār mārassu ahašu zēr bīssu ab assuh ana māssu Aššur ītarrê ,Moreover as for Ṣidqâ the king of the city Ashkelon who had not bowed down to my yo]ke I forcibly removed the gods of his father’s house himself his wife his sons his daughters his brothers and other offspring of his father’s house and took him to Assyria,https://oracc.museum.upenn.edu/riao/Q003945?lang=en
r 4,Šarru-lu-dari mār Rukibti šar mahar el nišī Isqalluna altakan addin bilassun kadrâ bēlūssu ēmid išâṭ abšānī ,I set Šarru-lū-dāri son of Rūkibtu their former king over the people of the city Ashkelon and imposed upon him the payment of tribute and gifts in recognition of my overlordship so that he now pulls my yoke,https://oracc.museum.upenn.edu/riao/Q003945?lang=en
r 5,ina mēteq gerra Bit-Daganna Yappu Banayabarqa Azuru āl ša Ṣidqa ša ana šēp arhiš lā iknuša alme akšud ašallal šallassin ,In the course of my campaign I surrounded conquered and plundered the cities Bīt-Daganna Joppa Ban]ayabarqa and Azuru the cities of Ṣidqâ that had not submitted to me quickly,https://oracc.museum.upenn.edu/riao/Q003945?lang=en
r 6,šakkanak rubâtu u nišī Amqarruna ša Pade šar bēl adê u māmīt ša Aššur birâti parzilla addâ ana Hazaqiyu Iaudaya addin nakriš ana anzillašu epēssu aplah libba šar Muṣri ṣāb qašassu narkabat sisê ša šar Emeluhha emūq lā nība iktera alāk rēṣūssu,As for the governors the nobles and the people of the city Ekron who had thrown Pad]î their king who was bound by treaty and oaths to Assyria into iron fetters and who had handed him over to Hezekiah of the land Judah in a hostile manner they became frightened on account of the villainous acts they had committed They formed a confederation with the kings of Egypt and the a]rchers chariots and horses of the king of the land Meluḫḫa forces without number and they came to their aid,https://oracc.museum.upenn.edu/riao/Q003945?lang=en
r 8,ina tamerāti Altaqu ellāmēšun sidir šitkunā ušaʾʾala kak ina tuklāt Aššur bēl ittešunu amdahiṣ altakan dabdâšu bēl narkabat u mār šar Muṣuraya adi bēl narkabat ša šar Emeluhha balṭūssa ina qabal tamhāra akšud qāssa,In the plain of the city Eltekeh they sharpened their weapons while drawing up in battleline before me With the support of the god Aššur my lord I fought with them and defeated them In the thick of battle I captured alive the Egyptian charioteers and princes lit “the sons of the kings” together with the char]ioteers of the king of the land Meluḫḫa,https://oracc.museum.upenn.edu/riao/Q003945?lang=en
r 10,Altaqu Tamna alme akšud ašallal šallassin ana Amqarruna aqribma šakkanak rubâtu ša hīṭātišu bašê addūk ina dimāte sihir āl ālul pagar mār āl ēpissa anna u gillassun ana šallassin amna sittī lā bābil hiṭâte u gullultašun ša anna lā bašê mušširannâti aqabbû,I surrounded conquered and plun]­dered the cities Eltekeh and Tamnâ I approached the city Ekron and I killed the governors and nobles who had committed crime(s and hung their corpses on towers around the city I counted the citizens who had committed the criminal acts as booty and I commanded that the rest of them those who were not guilty of crimes or wrongdoing to whom no penalty was due be allowed to go free,https://oracc.museum.upenn.edu/riao/Q003945?lang=en
r 12,Pade šar ištu qerbeša Ursalimma aṣê ina kussâšu bēlūssu el ašāb maddatta bēlūssu ikūn ṣēr ,I brought out Padî their king from the city Jerusalem and placed him on the lordly throne over th]em and then I imposed upon him payment in recognition of my overlordship,https://oracc.museum.upenn.edu/riao/Q003945?lang=en
r 13,ša Hazaqiyu Iaudaya ša lā iknuša ana nīr <data> āl bīssu dūr dannāku u āl ṣahri ša libīt ša nība lā īšâ ina akbus arammē u aqribma ašibi amdahiṣ zūk šēp pilši nikis u kalbānāte alme akšud <data> mē līm <data> mē <data> nišī ṣeher rab zikar u sinniš sisê parê imērī gammalī alap u ṣēnašu ša lā nība ištu qerbeša aṣê šallatiš amna,"As for Hezekiah of the land Judah who had not submitted to my yoke I surrounded and conquered forty-six of his fortified walled cities and small(er settlements in th]eir environs which were without number by having ramps trodden down and battering rams brought up the assau]lt of foot soldiers sapping breaching and siege engines I brought out of them 200,150 people young and old male and female horses m]ules donkeys camels ox[en and sheep and goats which were without number and I counted them as booty",https://oracc.museum.upenn.edu/riao/Q003945?lang=en
r 16,šâšu kīma iṣṣūr quppē qerbeša Ursalimma āl šarrūssa ēsirma birāte el arkus aṣê abul āl atūra ikkib āl ša ašallal ištu qerbeša māssu abtuq ana Mitinti šar Asdudi u Pade šar Amqarruna Ṣil-Bel šar Hazite addin iṣhir māssu el bilassun mahar addin šanat maddatta kadrâ bēlūssu arde ikūn ṣēr,As for him Hezekiah I confined him inside the city Jerusalem his royal city like a bird in a cage I set up blockade[s against him and made him dread exiti]ng his city gate I detached from his land the cities of his that I had plundered and I gave them to Mi]tinti the king of the city Ashdo[d and Padî the king of the city Ekron and Ṣilli-Bēl the king of the land Gaza and thereby made his land smaller To the former tribute their annual giving I added the payment of gifts in recognition of my overlordship and im]posed it upon them text “him”,https://oracc.museum.upenn.edu/riao/Q003945?lang=en
r 19,šū Hazaqiyu pulhī melammē bēlūssu ashup urbī u ṣāb damiqtim ša ana dunnina Ursalimma āl šarrūssa erēb aršâ tillāte ittešunu <data> bilassun hurāṣ <data> mē bilassun kasap nisiqte guhli takkas <data> rabâ eršēt šinni kussâšu nēmed šinni mašak pīri šinni pīri ušî taskarinni mimma šum niṣirtašu kabitta u mārassu sekrati ēkal nāri nārāti ana qerbeša Nina āl bēlūssu arkešu attabbal ana addin maddatta u epēssu ardūssu ašpur rakbâšu,As for him Hezekiah fear of my lordly brilliance overwhelmed him and after my departure he had the auxiliary forces and his elite troops whom he had brought inside to strengthen the city Jerusalem his royal city thereby gaining reinforcements along with 30 talents of gold 800 talents of silver choice antimony large blocks of ivory beds armchairs of ivory elephant hide(s elephant ivory ebony boxwood every kind of valuable treasure as well as his daughters his palace women male singers and female singers brought into Nineveh my capital city and he sent a mounted messenger of his to me to deliver this payment and to do obeisance,https://oracc.museum.upenn.edu/riao/Q003945?lang=en
r 22,ina rebê gerra <data> adgul pān <data> <data> <data> <data>,On my fourth campaign they en­t]rus­ted him with,https://oracc.museum.upenn.edu/riao/Q003945?lang=en
