﻿line,akkadian,english,source
1',<data> <data> <data> <data> <data> <data> <data> <data> <data>,Too poorly preserved to allow translation,https://oracc.museum.upenn.edu/riao/Q006568?lang=en
3',<data> itâka āl imlâ <data> lā ētezib multahṭē,I filled the surroundings of his city with them I did not allo]w a single person to escape,https://oracc.museum.upenn.edu/riao/Q006568?lang=en
5',mār Sippar Nippur Babili u Barsipa ša ina lā anna ina qerbeša kamû ṣibittašunu abātu kullum nūr eqel ša ištu ūm ullê ina ešâte māssu Sute ekēm ramānī atūra Sute ṣāb ṣēr ina kak amqutma kisurrî mašûti ša ina dilih māssu baṭāli atūra ašar ša Uri Uruk Eridu Larsa Kullaba Kissik Nemed-Laguda altakan andurār u il šallūte ana māhāz atūra sattukkēšu baṭalu atūra ašar,As for the citizens of the cities Sippar Nippur Babylon and Borsippa who through no fault of their own had been held captive in them I put an end to their imprisonment and let t]hem see the light of day With regard to their fields which long ago while the land was in disorder the Sutians had taken away and appropriated for their own — I struck down those Sutians the people of the steppe with the sword I restor]ed to their former status their territories whose boundaries had been forgotten and fallen into disuse during the troubled period in the land I re)-established the fr]eedom from obligations of the cities Ur Uruk Eridu Larsa Kullaba Kissik and Nēmed-Laguda Moreover I returned their gods that had been carried off as booty to their cult centers and I rest]ored their regular offerings that had been discontinued,https://oracc.museum.upenn.edu/riao/Q006568?lang=en
10',Bit-Yakin atūra ana eššūte aṣabbata nišī Kummuha kišitte qāssa qerbeša armâ ašāb nidûssu māssu šatti malmališ azūz ina qāssa šūt rāšūʾa māssu Babili u šūt rāšūʾa māssu Gambulaya amna,I restored the land Bīt-Yakīn and reorganized its administration I settled there people from the land Kummuḫu that I had conquered and I had them occupy its Bīt-Yakīn’s abandoned regions I divided up that land into equal parts and assigned them to the authority of a eunuch of mine the governor of Babylon and a(nother eunuch of mine the governor of the Gambulu tribe,https://oracc.museum.upenn.edu/riao/Q006568?lang=en
12',ana Babili māhāz Enlil il ina elēṣ libba immerū pān hadîš erēb qāssa bēl rabâ Marduk aṣabbata išlimma arah bīssu akīt <data> mē <data> bilassun <data> manê <data> šiqil hurāṣ huššû <data> līm <data> mē <data> bilassun <data> manê kasap ebba erâ parzilla ša nība lā īšâ ṣurri uqnê pappardilê ašgigî UGU.AŠ.GI₃.GI₃ digil pappardilê muššārī ana muʾuddê takilte argamanni lubulti birmē u kitê taskarinni erēnī šurmēni kal riqqī bibil Hamana ša erēssi ṭāba ana Bel Zarpaniti Nabium Tašmeta u il āšib māhāz māssu Šumeri u Akkad ištu rāšūʾa šarrūssa adi <data> aqīssu ana qīšāssu,"Happily with a joyful heart and a radiant face I entered Babylon the cult center of the Enlil of the gods Marduk I grasped hold of the hands of the great lord the god Marduk and brought him safely along the road to the akītu house With regard to 154 talents 26 minas and 10 shekels of red gold 1,604 talents and 20 minas of pure silver copper and iron in immeasurable quantities obsidian lapis-lazuli banded agate blue turquoise green turquoise of banded agate and muššaru stone in large quantities blue-purple wool red-purple wool garments with multi-colored trim and linen garments boxwood cedar cypress and every kind of aromatic the products of Mount Amanus wh]ose scent(s are pleasant — from the beginning of my reign until my third year I presented these things as gifts to the deities Bēl Zarpanītu Nabû Tašmētu and the other gods who dwell in the cult centers of the land of Sumer and Akkad",https://oracc.museum.upenn.edu/riao/Q006568?lang=en
17',Uperi šar Dilmun ša <data> bēr ina qabal tâmāti niphi šamaš kīma nūnī šitkunā narbāṣu danān Aššur Nabium Marduk ašmâ aššânni tāmartašu ,Upēri king of Dilmun who(se lair is situated at a distance of thirty leagues in the middle of the Eastern Sea like that of a fish heard of the might of the gods Aššur Nabû and Marduk and brought me his audience gift,https://oracc.museum.upenn.edu/riao/Q006568?lang=en
18',u <data> šar ša Yaʾ nagê ša Adnana ša mālak <data> ūm ina qabal tâmāti ereb šamaš šitkunā nesât šubāt ša ištu ūm rūqāti adi inanna ana šar ab ša māssu Aššur u Karduniaš manāma lā ašmâ siqiršin māssu epissun ina qerbeša Kaldi u Hatti epēssu ina qabal tâmāti rūqiš ašmâ libba itarrakma amqutma hatta hurāṣ kasap anūt ušî taskarinni nēpešti māssu ana qerbeša Babili adi mahar attabbal inaššiquni šēp,Moreover seven kings of the land Yāʾ a region of the land Yadnana Cyprus — who]se abode(s are situated far away at a distance of seven days journey in the middle of the Western Sea and the name of who]se land from the distant past until now none of the kings my ancestors neither in Assyria nor in the land Karduniaš Babylonia had ever hea]rd — heard from afar in the middle of the sea of the deeds I had been doing in Chaldea and the land Ḫatti Syria Their hearts then pounded and fear fell upon the]m They brought before me in Babylon gold silver and utensils of ebony and boxwood product(s of their land and they kisse]d my feet,https://oracc.museum.upenn.edu/riao/Q006568?lang=en
22',<data> <data> <data> <data>,Not sufficiently preserved to allow translation,https://oracc.museum.upenn.edu/riao/Q006568?lang=en
