﻿line,akkadian,english,source
1,ēkal Sin-ahhe-eriba šar rabâ šar dannāku šar kiššat šar māssu Aššur šar kibrāt erbaʾi migir il rabâ lulīmē eršu malik pitqudu rēʾi bahūlāte muttarrû nišī rapašti,Palace of Sennacherib great king strong king king of the world king of Assyria king of the four quarters of the world favorite of the great gods wise prince circumspect ruler shepherd of the people and leader of a widespr]ead population I,https://oracc.museum.upenn.edu/riao/Q003524?lang=en
3b,anāku Belet-ili bēlet nabīssu ina šassūr agarinni ālitti kēniš appalisma uṣabbâ nabīssu u Ninšiku addin karassin ritpāše šinnat apkal Adapa ašarrakšunūti palkâ hasīs,The goddess Bēlet-ilī the lady of creation looked steadfastly upon me and cre]ated my features while I was still in the womb of the mother who gave birth to me Moreover the god Ninšiku gave me wide understanding equal to that of the sage Adapa and endowed me with broad kn]owledge,https://oracc.museum.upenn.edu/riao/Q003524?lang=en
5,Aššur ab il gimir ṣalmāt qaqqad iknuša šēp ana rēʾûssina māssu u nišī elê rāšūʾa addin haṭṭašu išarti murappiš māssu kak lā pādê ana amqutma zāʾeriki atmuh rittāšin <data> gimir malik kibrāt,The god Aššur father of the gods made all of the black-headed people bow down at my feet and elevated me for shepherding the land and people He gave me a just scepter that widens the land and he pu]t in my hand a merciless weapon to fell enemi]es all of the rule]rs of the four qu[art]ers of the world,https://oracc.museum.upenn.edu/riao/Q003524?lang=en
8b,arbaʾi <data> ina ūm tenēšet nakirēšu kišitte qāssa tupšikki ,At that time I made the enemy people whom I had captu]red carry bas]kets of earth and they made bricks,https://oracc.museum.upenn.edu/riao/Q003524?lang=en
9b,aššânni albin libittašin ēkal qabal āl ša Nina ša <data> mē <data> ina ammat šiddi <data> ina ammat pūssa mārak šitkunā ṣuhhur šubāt Tebilti itâka ibʾa ina mīlêša gapšāte ina uššē abbu bašê irūmma temmēn ša šar ālik mahar ab,The palace in the citadel of Nineveh whose extent was 360 cubits on its longer side and 80 cubits on its shorter side and whose site was too small alongside of which the Tebilti River had flowed and which had caused erosion in its foundation when its flood was in full spate and had shaken its base and which earl]ier kings my ancestors had had constructed for their lordly dwelling but whose construction they had carried out inexpertly,https://oracc.museum.upenn.edu/riao/Q003524?lang=en
12b,ana rimīt bēlūssu epēssu lā ikkilū šipir egalturrâ šâtu ana sihir <data> <data> <data> <data> <data> <data> ša Tebilti mālak ištu qabalti āl aprus ṣēr tamerāti kutal āl ešēr,that small palace in its ent]irety I diverted the course of the Tebilti River from the center of the city and directed its outflow onto the meadow be]hind the city,https://oracc.museum.upenn.edu/riao/Q003524?lang=en
14b,mūṣâšu ina <data> ikî mālak mê <data> pēli rabâ ittešunu kupri aksâ qan abī u kupê atruṣma el <data> mē <data> <data> ina ammat arku <data> mē <data> ina ammat rapašti qaqqar ištu qerbeša Husur u tamerāti āl kīma atartimma lū aṣabbata <data> <data> <data> <data> <data> <data>,In a one-half ikû stretch of the water’s natural course I bonded to gether with bitumen four large limestone blocks and spread marsh reeds and rushes over them As an addition I took a plot of land that was five hundred and cubits long and two hundred and eighty cubits wide from the Ḫusur River and from the plain of the city,https://oracc.museum.upenn.edu/riao/Q003524?lang=en
17,<data> <data> <data>,No translation possible,https://oracc.museum.upenn.edu/riao/Q003524?lang=en
1',ina sapan Ammanana aptâ pān pendê ša kīma zēr qiššê šikin nussuqā mal aban kišād aqarte aban aqabbû amgur u rihṣi ētattiqāāma murṣiya ana amēl lā ithâ ina šēp Nipur šad ramānī uʾaddû,In the up[lands of Mount Ammanāna northern Anti-Lebanon they Aššur and Ištar di[sclosed to me the location of alabaster pendû stone — whose appearance is as finely granulated as cucumber seeds considered valuable enough to be an amulet a stone for speaking and being accepted as well as mak[ing storms pass by and preventing illness from approaching a man — made itself known to me a t the foot of Mount Nipur,https://oracc.museum.upenn.edu/riao/Q003524?lang=en
8',<data> <data> <data> <data> <data> <data>,No translation possible,https://oracc.museum.upenn.edu/riao/Q003524?lang=en
