﻿line,akkadian,english,source
1',<data> <data> <data> <data> <data> <data> <data> <data> abtuq <data> bēl <data> <data> šammē <data> sakullāt sisê imērī <data> pargāniš irtabṣū <data> <data> <data> ešēr <data> riʾītu <data> ihaddud <data> serrēmē ṣabâtu <data> šad <data> <data> šeleppû <data> addâ erûtu <data> ēkal <data> azūz <data> <data> <data> <data> <data> <data> <data> <data> <data> <data> <data> <data> azziz magal ikbirū išēhu lānī,I cut free and of my lord grass herds of horses and donkeys I made dwell as safely as on a meadow and prospered pastures he was deeply cutting on]agers and gazelles their mountain turtle(s la id eggs my palatial halls I divided I made stand there and then they grew very thick and tall,https://oracc.museum.upenn.edu/riao/Q004072?lang=en
19',<data> <data> <data> aladlammê ša pēli peṣât <data> <data> bāb nār šatti azziz <data> agê dannāku u edê šamri ša aššânni <data> pattāte īki u palgī kibrāt ašmuṭma <data> butuqti abtuq uṭebbû ebūr <data> parzilla ṣīrāte epēssu <data> mūṣâšu māmē <data> <data> <data> <data> <data> <data> <data> <data> <data> <data> <data> <data> <data> <data> ina mīlêša gapšāte <data> <data> <data> <data> <data> <data> <data> <data> <data> <data> <data>,two bull colossi of wh[ite limestone the gate of that watercourse I had erected the strong wave and wild tide that rise up and canal(s dike(s and irrigation ditch(es eroded their bank(s and when there was bre ach harvests were submerged I had magnificent s of iron made and the outflow of water when its flood was in full spate,https://oracc.museum.upenn.edu/riao/Q004072?lang=en
r 1',<data> <data> <data> <data> <data> <data> <data> <data> <data> <data> <data> <data> pâ pitlahuma mitguru <data> <data> <data> <data> <data> <data> <data> <data> <data> <data> <data> <data> <data> <data> <data> <data> <data> <data> <data> <data> <data> madbar nagê <data> Zaba u Diglat,of my mouth which is to be feared and obeyed and a desert a region Zab River and the Tigris River,https://oracc.museum.upenn.edu/riao/Q004072?lang=en
r 6',<data> <data> <data> <data> <data> <data> <data> <data> <data> <data> <data> <data> <data> <data> <data> <data> <data> <data> <data> <data> <data> <data> <data> <data> <data> <data> <data> <data> <data>  <data> <data> <data> <data> <data> <data> <data>,No translation possible,https://oracc.museum.upenn.edu/riao/Q004072?lang=en
r 19',<data> Elamte <data> <data> Akkad,the land Elam Akkad,https://oracc.museum.upenn.edu/riao/Q004072?lang=en
r 22',<data> <data> <data> <data>,No translation possible,https://oracc.museum.upenn.edu/riao/Q004072?lang=en
