﻿line,akkadian,english,source
1,srgn šakin Enlil nêšak baʾʾīt Aššur nišīt ēna Anim u Dagan šar rabâ šar dannāku šar kiššat šar māssu Aššur šar kibrāt arbaʾi migir il rabâ,Sargon II appointee of the god Enlil nešakku priest and desired object of the god Aššur chosen of the gods Anu and Dagān great king strong king king of the world king of Assyria king of the four quarters of the world favorite of the great gods,https://oracc.museum.upenn.edu/riao/Q006609?lang=en
3,rēʾi kēni ša Aššur Marduk šarrūssa lā išnunūšuma šutlimšu siqiršin šum aṣê ana rēšēt ,just shepherd one to whom the gods Aššur and Marduk granted a reign without equal and whose reputation these gods exalted to the heights,https://oracc.museum.upenn.edu/riao/Q006609?lang=en
4,šākin šubarrâšun Sippar Nippur Babili hātin enši mušallim hibiltašina kāṣir kidinnūssun Baltil baṭalu mušaššik tupšikki Deri mušapšihu nišī lēʾî kal malik ša el Harran andullaša atruṣma kī ṣāb Anim u Dagan alṭur zakûssunu zikar dannāku halip namurrat ša ana amqutma māssu nakirēšu,who re)-established the šubarrû privileges of the cities Sippar Nippur and Babylon protects the weak among them lit “their weak ones” and made rest]itution for the wrongful damage suffered by them who re)-established the privileged status of the city Baltil Aššur that had lapsed who abolished corvée duty for the city Dēr and who gave relief to their people most capable of all rulers who extended his protection over the city Ḫarrān and recorded its exemption from obligations as if its people were people of the gods Anu and Dagān the strong man who is clad in awesome splendor and whose weapons are raised to strike down the land of his enemies,https://oracc.museum.upenn.edu/riao/Q006609?lang=en
8b,šutbû kak šar ša ištu ūm bēlūssu malik gabarâšu lā bašê ina qabal u tāhāz lā amār munehha māssu kal kīma haṣbatti udaqqaqu hammāʾē ša arbaʾi addâ ṣerrat hursānī bērūte ša nēreb ašṭu lā mīna aptâ amār durugšu ṭūdāt lā ʾāri pašqat ša ašar šugluddi ētattiqāāma,the king who since the first day of his reign has had no ruler who could equal him and has met no one who could overpower him in war or battle who sma]shed all enemy lands as if they were pots and 10 put halters on all rebels in the four quarters of the world who opened up innumerable distant mountainous areas whose pass(es are diff]icult and visited their remotest region(s who traversed inaccessible difficult paths in terrifying location(s and crossed every swamp,https://oracc.museum.upenn.edu/riao/Q006609?lang=en
12b,ebēr nagab berâti ištu Raše miṣir Elamte Puqudaya Damuni Dur-Galzi Rapiqi madbar kalāma adi nahal Muṣri māssu Amurre rapašti Hatti ana sihir abēl ištu Hašmar adi Ṣibar patti Madaya rūqāti ša ṣīssun šamaš Namri Ellipi Bit-Hamban Parsua Mannaya Urarṭa Kasku Tabal adi Muski akšud rabâ qāssa šūt rāšūʾa šakin el altakan bilassun maddatta,who ruled from the land Rāši on the bord]er of the land Elam the Puqudu and Damūnu tribes the cities Dūr-Kurigalzu and Rapiqu the entire desert as far as the Brook of Egypt the wide land Amurru and the land Ḫatti Syria in its entirety who)se great hand conquered the area from the land Ḫašmar to the cit]y Ṣibar — which borders on the distant Medes 15 in the east — the lands Namri Ellipi Bīt-Ḫamban Pa]rsumaš Mannea Urarṭu Kasku and Tabal as far as the land Musku who set eunuchs of his as governors over them and imposed upon them the same tribute and payme]nt(s as if they were Assyrians,https://oracc.museum.upenn.edu/riao/Q006609?lang=en
18b,kī ša Aššur ēmid eṭli qardi ša ina rebâte Deri ittešunu Humbaigaš šar Elamte amār altakan dahtê <data> murīb Bit-Humri rapašti ša ina Rapihi dabdâšu Muṣri altakan Hanunu šar Hazite kamûssu erēb Aššur <data>,the valiant man who met Ḫumbanig]aš Ḫumban-nikaš I king of the land Elam in battle on the outskirts of the city Dēr and brought about his defeat who made the wide land Bīt-Ḫumri Israel tremble brought about the defeat of Egypt at the city Raphia and brought Ḫanūnu Hanno king of the city Gaza to the city Aššur in bondag]e,https://oracc.museum.upenn.edu/riao/Q006609?lang=en
1',<data> ana miṣir māssu Aššur atūra,I made part of the territ]ory of Assyria,https://oracc.museum.upenn.edu/riao/Q006609?lang=en
