﻿line,akkadian,english,source
1',<data> <data> <data> <data> <data> <data> lā īdâma harīṣi <data> mušaršid šipir Kulla ištu šipir balṭi adi kimah simat mītūssu ina pēli <data>,did not know moa[t(s the one who makes brickwork structures lit “the craft of the god Kulla” secure from buildings for the living to tombs be]fitting the dead made from l imestone,https://oracc.museum.upenn.edu/riao/Q003960?lang=en
4',Aššur pāqid Igigi u Anunnaki ab kal il <data> el gimir āšib parak arbâ kak <data> ištu tâmāti elīte ša ereb šamaš adi tâmāti šaplî ša ṣīssun šamaš gimir malik,The god Aššur the one who regulates the Igīgū and Anunnakū gods the father of al[l of the gods made my weapons gre[ater than those of al]l who sit on royal daises From from the Upper Sea of the Setting Sun to the Lower Sea of the Rising Sun he made all of the rulers of the four qua]rters of the world bow down at my feet and th[ey now pull my yoke,https://oracc.museum.upenn.edu/riao/Q003960?lang=en
7'b,ša kibrāt šēp iknuša išâṭ abšānī ina ūm Nina māhāz ṣīrāte <data> <data> šubāt ṣuhhur āl šūpû <data> <data> <data> <data> tīl u ša ūm pān šubāt mamma <data> <data> <data> <data> <data> <data> Egalzagdinutuku <data> <data> <data> u nišī mê šīqāti lā īdâma ana zunni tīk šamê turruṣā ēna <data>,At that time Nineveh the exalted cult cent]er who]se site had become too small the outstanding city and which in former days its site no one Egalzagdinu[tukua the “Palace Without a Rival” Moreover its people did not know artificial irrigation but had their eyes turn ed for rain and showers from the sky,https://oracc.museum.upenn.edu/riao/Q003960?lang=en
r 1',<data> <data> <data> ,I provided irrigat[ion annually for the cultivation of grain and sesame,https://oracc.museum.upenn.edu/riao/Q003960?lang=en
r 2'b,<data> ana mēreš ê u šamaššammī amkir šattišam rubâtu arkīti ina šar mār ša ittešunu libba ātammuma ana iqīpu lā turru ātammuma akī ina libba ṣāb annâ ēṣūti nār šatti ahrâ nīssu Aššur il rabâ atmi šumma ina libba ṣāb annâ nār šatti lā ahrâ u ina šanat <data> arah lā iqtâ šipir <data> lā agdamar iqtâ hirûssa,To a later ruler one of the kings my descendants who del]iberates the matter in his heart but is not able to believe it and says “How did he have this canal dug out with only these few men?” I swear by the god Aššur my great god that I dug out this canal with only these men Moreover I completed the work on it within one year and three months was completed and I finished its excavation,https://oracc.museum.upenn.edu/riao/Q003960?lang=en
r 6',ana aptâ nār šatti āšipī kalê ʾāri <data> sāmti uqnê muššārī pappardilê aban nisiqte raqqu šeleppû tamšīl pitiq kasap hurāṣ riqqī šaman ṭāba ana Ea bēl nagab kuppāni u <data> Enbilulu gugal nār Enʾeʾimdu bēl īki u palgī aqīssu qīšāssu ana il rabâ utnennu supê,In order to open that canal I sent an exorcist and a lamentation singer and Carnelian lapis lazuli muššāru stone pappardilû stones precious stone[s turtles and tortoises whose likeness(es are cast in silver and gold aromatics and fine oil I gave as gifts to the god Ea the lord of underground waters cisterns and and to the god Enbilulu the inspector of canals and the god Enʾeʾimdu the lord of dike(s and canal(s I prayed to the great gods they heeded my supplications and ma]de my hand[iwork prosper,https://oracc.museum.upenn.edu/riao/Q003960?lang=en
r 10'b,ašmâ ešēr lipit qāssa bāb nār šatti bala marri u narpasi ana ramānī aptâ arde mê nuhše <data> <data> <data> <data> <data>,This sluice gate of the watercourse opened by itself without the help of spade or shovel and let an abundance of water flow through,https://oracc.museum.upenn.edu/riao/Q003960?lang=en
