﻿line,akkadian,english,source
1,Aššur Sin Šamaš Adad Ninurta u Ištar il rabâ ša idāka šar migir azziz el kullat nakirēšu lišamrir kak,The deities Aššur Sîn Šamaš Adad Ninurta and Ištar the great gods who stand at the side of the king their favorite and make his weapons prevail over all enemies,https://oracc.museum.upenn.edu/riao/Q004027?lang=en
6,Sin-ahhe-eriba šar rabâ šar dannāku šar kiššat šar māssu Aššur rubâtu naʾdu terṣi qāssa ša ina anna kēni alāk māssu lā māgir ṣāb hursānī lā kanše iknuša šēp,Sennacherib great king strong king king of the world king of Assyria the attentive prince who is your protégé who by your firm ‘yes’ marched about and who made the insubmissive lands and disobedient people of the mountains bow down at his feet,https://oracc.museum.upenn.edu/riao/Q004027?lang=en
12,ina ūm Tumurra Šarim Halbuda Kipša Ezama Qua Qana ša miṣir Katmuhi ša kīma qinna erê ṣēr ubān Nipur šad šitkunā šubāt ša ištu ulla ina šar ab šepṣu mitru lā īdâma aplah bēlūssu ina palâ bēlūssu il <data> <data> bašê,At that time the cities Tumurrum Šarum Ḫalbuda Kipšu Ezāma Qūa and Qana which were on the border of the land Katmuḫi which were situated like the nests of eagle(s on the peaks of Mount Nipur and which since time immemorial 20 were an obstinate force that did not known how to respect any authority during the reigns of the kings my ancestors — during the reign of my lordship their gods abandoned them and made them vulnerable,https://oracc.museum.upenn.edu/riao/Q004027?lang=en
24b,rīqūssun <data> <data> <data> <data> <data> <data> <data> <data> <data> <data> <data> <data> <data> <data> ištu rāšūʾa <data> Diglat <data> <data> ana Baltil <data> <data> <data> <data> šaplāni <data> mār <data> mār <data> <data> <data> <data> <data> ina Diglat <data> <data> <data> <data> <data> <data> <data> <data> <data>,No translation possible,https://oracc.museum.upenn.edu/riao/Q004027?lang=en
32,ṣēr alāk ina šēp Nipur šad karāssu altakan <data> ṣāb ēpissa tāhāz gitmālī Nipur ana <data> <data> <data> <data> <data> <data> <data> alme hurri natbāk šad <data> <data> <data> <data> <data> ṣēr ubān šaqâ <data> <data> <data> <data> <data> kakkabāni šamê <data> <data> ana <data> <data> <data> <data> ina kussâšu <data> <data> <data> <data> rāšūʾa,I marched against them I had my camp pitched at the foot of Mount Nipur and my crack combat troops Mount Nipur to I surrounded I the gorges the outflows of the mountains upon the high peaks the stars of the heavens to in a chair their summits,https://oracc.museum.upenn.edu/riao/Q004027?lang=en
39b,<data> anāku kīma rīmē pān aṣabbata ašar ina kussâšu šupšuqāma ina šēp aštahhiṭ kīma arme ašar birkāya irmâ īšâ mānahtu ṣēr aban šad ašāb mê nāde kaṣûte ana ṣūmē lū ašti,Like a fierce wild bull I took the lead of t]hem the soldiers in my camp Where it was too difficult for my chair I leapt forward on my own two feet like a mountain goat Wh[ere my knees became extremely tir[ed I sat down up[on the mountain rock and drank cold water from a water skin to quench my thirst,https://oracc.museum.upenn.edu/riao/Q004027?lang=en
44,<data> <data> <data> <data> <data> <data> šâtunu alme akšud anaqqar <data> <data> <data> <data> <data> ina <data> <data> <data> <data> <data> multahṭē <data> <data> ṣēr ubān Nipur <data> <data> <data> <data> ṣēr zuqti šad,I surrounded conquered and devastated those Their escapees upon the peak[s of Mount Nipur I pursued their on the peaks of the mountains,https://oracc.museum.upenn.edu/riao/Q004027?lang=en
48b,arde <data> <data> narâ epēssu lētu danān ša Aššur bēl alṭur el zuqti Nipur ašar <data> <data> <data> <data> <data>,Then I had a stele made and had written on it the mighty victories of the god Aššur my lord I er[ected it for ever after on the peak of Mount Nipur where,https://oracc.museum.upenn.edu/riao/Q004027?lang=en
51b,azziz ahrâtaš munakkir šiṭir Aššur il rabâ aggiš likkilmešu askip,As for the one who alt]ers my inscription may the god Aššur and the great gods glare at him angrily and overth[row him,https://oracc.museum.upenn.edu/riao/Q004027?lang=en
