﻿line,akkadian,english,source
1,Sin-ahhe-eriba šar rabâ šar dannāku šar māssu Aššur šar lā išnunūšuma rēʾi kēni migir il rabâ nāṣir kināti rāʾim mešāri ēpissa ūsāt ālik tappût akê sāhir dameqtašu eṭli gitmālī zikar qardi ašarēd kal malik rappu lāʾiṭ lā māgir mušabriq zāmânī,Sennacherib great king strong king king of Assyria unrivalled king true shepherd favorite of the great gods guardian of truth who loves justice renders assistance goes to the aid of the weak and strives after good deeds perfect man virile warrior foremost of all rulers the bridle that controls the insubmissive and the one who strikes enemies with lightning,https://oracc.museum.upenn.edu/riao/Q004018?lang=en
4,Aššur šad rabâ šarrūssa lā išnunūšuma šutlimšu el gimir āšib parak arbâ kak ,The god Aššur the great mountain granted to me unrivalled sovereignty and made my weapons greater than those of all who sit on royal daises,https://oracc.museum.upenn.edu/riao/Q004018?lang=en
5,ina rāšūʾa šarrūssa ša ina kussâšu bēlūssu ašāb nišī māssu Aššur ašpur ina tašmê u salīm Marduk-apla-iddina šar Karduniaš ayyāb lemnēte bārānû karassin surrāte ēpissa lemnāti ša anzillašu kināti Ištar-Nanhundi Alamu ana ibrūtī ishur hurāṣ kasap nisiqte aban šutlimšu ērissunūti kitaršu,At the beginning of my kingship after I sat on the lordly throne and set to governing the people of Assyria in obedience and peace Marduk-apla-iddina II Merodach-baladan king of Karduniaš Babylonia an evil foe a rebel with a treacherous mind an evildoer whose villainous acts are true sought friendship with Šutur-Naḫundu Šutur-Naḫḫunte II an Elamite by presenting him with gold silver and precious stones then he continuously requested reinforcements from him,https://oracc.museum.upenn.edu/riao/Q004018?lang=en
8,Imba-appa tartannu ittešunu gipiš ummān Tannanu tašlīšāni <data> rab kiṣir adi Nergal-naṣir Sute ālik mahar <data> līm ṣāb qašassu azmarānê <data> mē <data> ṣumbāte <data> līm <data> mē sisê ittešunu šunūte ana māssu Šumeri u Akkad ašpur rēṣūssu,"To the land of Sumer and Akkad he Šutur-Naḫundu sent to his Marduk-apla-iddina’s assistance Imbappa his field marshal together with the massed body of his troops Tannānu his third man ten unit commanders including Nergal-nāṣir a Sutian who marches before them 80,000 archers and lancers 850 wagons and the 12,200 horses that were with them",https://oracc.museum.upenn.edu/riao/Q004018?lang=en
10,u šū Kaldaya lemnēte ēpissa lemnāti zēr nērti Uruk Larsa Uri Eridu Kullaba Kissik Nemed-Laguda Bit-Yakin Amukkani Bit-Ašillani Bit-Saʾal Bit-Dakkuri sihir Kaldaya mal bāšâ ša kišād Diglat Tuʾmuna Rihihu Yadaqqu Gibre Malahu ša kišād Surappi Gurume Ubulu Damuni Gambulaya Hindari Ruʾuʾa Puqudaya ša kišād Puratte Hamaranaya Hagaranu Nabatu Liʾtaʾa Arame ša lā īdâma mītūssu Nippur Dilbat Marad Kiš Hursagkalamma Babili Barsipa Kute gimir Karduniaš ištēniš ipahhurū akṣur tāhāz,Moreover he the evil Chaldean evildoer and offspring of murder gathered together Uruk Larsa Ur Eridu Kullaba Kissik and Nēmed-Laguda the lands of the Bīt-Yakīn Bīt-Amukkāni Bīt-Ašillāni Bīt-Šillāni Bīt-Saʾalli and Bīt-Dakkūri all of the Chaldeans as many as there were on the bank(s of the Tigris River the Tuʾmūna Riḫiḫu Yadaqqu Gibrê and Maliḫu Malaḫu on the bank(s of the Surappu River the Gurumu Ubulu Damunu Gambulu Hindaru Ruʾuʾa and Puqudu on the bank(s of the Euphrates River the Ḫamrānu Ḫagarānu Nabatu and Liʾtaʾu — Arameans who did not know fear of death 15 Nippur Dilbat Marad Kish Ḫursagkalamma Babylon Borsippa and Cutha all of Karduniaš Babylonia and prepared them for battle,https://oracc.museum.upenn.edu/riao/Q004018?lang=en
16,yâte Sin-ahhe-eriba zikar ṣēr naʾdu epissun lemnēte ašnima labbiš annadirma qerbeša Babili ana mahar aqabbû alāk šū hiriṣ gallê lemnēte alāk gerra ašmâ sisê ṣāb qašassu Alamu Arame Kaldaya ittešunu Nergal-naṣir u <data> rab kiṣir šar Elamte ša lā īdâma mītūssu emūq lā nība ittešunu šunūte dunnina kiṣir qerbeša Kute mithāriš erēb ana mēteq gerra attaṣar kādi,When they reported his Marduk-apla-iddina's evil deeds to me Sennacherib the attentive man of the steppe I raged up like a lion and ordered the march into Babyl]on to confront him He Marduk-apla-iddina the very image of an evil gallû demon heard about the advance of my expeditionary force and then he reinforced their companies with horses and Elamite Aramean and Chaldean archers together with Nergal-nāṣir and ten unit commanders of the king of the land Elam who did not know fear of death and the countless forces who were with them He brought their contingents together in Cutha and had them keep watch at outposts for the approach of my expeditionary force,https://oracc.museum.upenn.edu/riao/Q004018?lang=en
19,ṣindā ešēr ūm <data> ša Šabaṭi ištu Baltil kīma rīmē gapšāte mahirat ummān aṣabbata pān gipiš ul adgul arkâya ul ūqi rab rāšūʾa bēl ana Kiš ʾāri mahar ṭēm Marduk-apla-iddina alammad ai egê dunnina maṣṣarāti,I put my yoked teams in order On the twentieth day of the month Šabāṭu XI like a powerful wild ox I took the lead of my troops from Baltil Aššur but I did not wait for the main force of my army nor did I wait for the rear guard 20 I sent my chief eunuch and my provincial governors to Kish ahead of me saying “Find out news of Marduk-apla-iddina II Merodach-baladan and do not be careless about putting a strong watch on him!”,https://oracc.museum.upenn.edu/riao/Q004018?lang=en
21,šū bēl amār adi gimir ummān abul Zababa aṣê ina tamerāti Kiš ittešunu rab epēssu tāhāz rab aqribma tāhāz nakirēšu el dunnina aplah qabal <data> mār šipir ša hamât ina qerbeša tamerāti Kute ṣēr ašpur,He Marduk-apla-iddina saw my provincial governors and then came out of the Zababa Gate with all of his troops and did battle with my magnates in the plain of Kish The enemy prevailed over my magnates in the thick of battle and they my magnates were afraid to clash with his They sent their messenger to me in the plain of Cutha for help,https://oracc.museum.upenn.edu/riao/Q004018?lang=en
23,ina uggat libba el Kute tīb šamri altakan mundahṣē sāhir dūr asliš aṭbuhšuma aṣabbata āl sisê ṣāb qašassu Alamu Arame Kaldaya rab kiṣir Alamu u Nergal-naṣir adi mār āl bēl hīṭātišu aṣê šallatiš amna,In my rage I unleashed a fierce assault on Cutha and then I slaughtered the warriors surrounding its wall like sheep and took possession of the city I brought out horses the Elamite Aramean and Chaldean archers the Elamite unit commanders and Nergal-nāṣir together with the guilty citizens and I counted them as booty,https://oracc.museum.upenn.edu/riao/Q004018?lang=en
25,labbiš annadirma allabib abūbāniš ittešunu qurādēšu lā gāmel el Marduk-apla-iddina ana Kiš altakan pān u šū ēpissa lemnēte hillu ana rūqēte amār pulhāte amqutma gimir ummān mušširannâti ana Guzummani innabidūma,I raged up like a lion and became furious like the Deluge With my merciless warriors I set out for Kish against Marduk-apla-iddina II Merodach-baladan Moreover he that evildoer saw the disturbance from afar and fear fell upon him He abandoned all of his troops and fled to the land Guzummānu,https://oracc.museum.upenn.edu/riao/Q004018?lang=en
27,Tannanu adi ummān Elamte Kaldaya u Arame ša idāka azziz alāk rēṣūssu dabdâšu altakan uparrir ellat Adinu mār ahāt Marduk-apla-iddina adi Basqanu ahašu Iatiʾe šarrat Aribi ittešunu ummān balṭūssa ina qāssa aṣabbata narkabat ṣumbāte sisê parê imērī gammalī udrāte ša qerbeša tamhāra muššurā akšud qāssa,I defeated Tannānu together with the Elamite Chaldean and Aramean troops who had stood by him and had come to his aid and I scattered his forces I captured alive Adīnu a nephew of Marduk-apla-iddina II Merodach-baladan together with Basqānu a brother of Iatiʾe queen of the Arabs along with their troops I seized the chariots wagons horses mules donkeys camels and Bactrian camels that he had abandoned during the battle,https://oracc.museum.upenn.edu/riao/Q004018?lang=en
30,ina hūd libba u immerū pān ana Babili ahīšma ana ēkal Marduk-apla-iddina alšu ašallal būšašu u makkūr erēb qerbeša aptâ bīssu niṣirtašu hurāṣ kasap anūt hurāṣ kasap aban aqarte eršēt kussâšu nēmed ša ašdud gaširūt šarrūssa ša ihzē hurāṣ kasap mimma šum būšašu makkūr niṣirtašu kabitta alti sekrati ēkal abrakkāti šūt rāšūʾa tīrī manzāssin pān nāri nārāti aradka ēkal munammir ṭēm rubûti sihir ummânī mal bāšâ muttabbil ēkal aṣê šallatiš amna,With a rejoicing heart and a radiant face I rushed to Babylon and entered the palace of Marduk-apla-iddina II Merodach-baladan to plunder the possessions and property therein I opened his treasury and brought out gold silver gold and silver utensils precious stones beds armchairs a processional carriage royal paraphernalia of his with gold and silver mountings all kinds of possessions and property a substantial treasure together with his wife his palace women female stewards eunuchs courtiers attendants male singers female singers palace servant(s who cheered up his princely mind all of the craftsmen as many as there were and his palace attendants and I counted them as booty,https://oracc.museum.upenn.edu/riao/Q004018?lang=en
34,aṣabbata arkešu ana Guzummani mundahṣē ana qerbeša agammē u appārāte ašpur <data> ūm ubaʾʾima ul amār ašar sitāt sisê u ummān ša yaʾašu mānahtu nāliš ipparaššidu lā alāk idāka ištu qerbeša ṣēr u bamātē mithāriš ipahhurū,I pursued him to the land Guzummānu and sent my warriors into the midst of swamps and marshes For five days they sought him out but his hiding place could not be found I gathered all together the rest of his horses and troops who were weary and who had fled like deer instead of going with him from the midst of the open country and plain,https://oracc.museum.upenn.edu/riao/Q004018?lang=en
36,ina mēteq gerra Amattu Hauae Supapu Bit-Sannabi Quṭayyin Qidrina Dur-Ladini Bitate Banitu Guzummani Dur-Yanṣuri Dur-Abi-Yataʾ Dur-Rudumme Bit-Rahe Hapiša Sadi-AN Hurudu Ṣahrina Iltuk Allallu Sabhanu Kar-Nergal Apak Bit-Dannaya Bit-Abdaya Bahir Marira Marad Yaqimuna Kupruna Bit-Kudurri Suqa-Marusi naphar <data> āl dannāku bīssu dūr ša Bit-Dakkuri adi <data> mē <data> āl ṣahri ša libīt,In the course of my campaign I surrounded conquered and plundered the cities Amatu Ḫauae Supapu Bīt-Sannabi Quṭayyin Qidrīna Dūr-Ladini Bitāti Bānītu Guzummānu Dūr-Yanṣuri Dūr-Abī-Yataʾ Dūr-Rudumme Bīt-Raḫê Ḫapiša Sadi-AN Ḫurudu Ṣaḫrina Iltuk Allallu Sabḫānu Kār-Nergal Apak Bīt-Dannāya Bīt-Abdāya Baḫir Marirâ Marad Yaqimuna Kupruna Bīt-Kudurri Sūqa-Marusi altogether 34 fortified walled cities of the land of the Bīt-Dakkūri together with 250 small(er settlements in their environs,https://oracc.museum.upenn.edu/riao/Q004018?lang=en
40,Dur-Appe Dur-Tane Dur-Samaʾ Sarrabatu Ṣalahatu Dur-Abdaya Sappi-himari Ṣibtu-ša-Makka-me naphar <data> āl dannāku bīssu dūr ša māssu Bit-Saʾal adi <data> mē <data> āl ṣahri ša libīt,the cities Dūr-Appê Dūr-Tanê Dūr-Samaʾ Sarrabātu Ṣalaḫātu Dūr-Abdāya Sappi-ḫimari Ṣibtu-ša-Makka-mê altogether 8 fortified walled cities of the land of the Bīt-Saʾalli together with 120 small(er settlements in their environs,https://oracc.museum.upenn.edu/riao/Q004018?lang=en
42,Sape Sarrabani Larak Parak-marri Bit-Ilu-bani Ahudu Alu-ša-Iṣṣur-Adad Alu-ša-harratu Manahhu Alu-ša-amele Dur-Aqqiya Nagitu Nur-abinu Har-Ṣuarra Dur-Rukbi Danda-Hulla Dur-Bir-Dada Bit-reʾe Dur-Ugurri Gindaina Dur-Uayit Bit-Taura Saphuna Buharru Harbat-Iddina Harbat-Kalbi Šaparre Bit-Bani-iluʾa Suladu Bit-Iltama-samaʾ Bit-Dini-ili Daqala Hamiṣa Bela Tairu Kipranu Iltaratu Aqqar-ša-Kina Sagabatu-ša-Mardukia naphar <data> āl dannassu bīssu dūr ša māssu Amukkani adi <data> mē <data> āl ṣahri ša libīt,the cities Sapīya Šapīya Sarrabānu Larak Parak-mā­ri Bīt-I­lu-bā­ni A­ḫu­du Ālu-ša-Iṣ­ṣur-A­dad Ālu-ša­ḫar­ra­tu Manaḫḫu Ālu-ša-amēlê Dūr-Aqqīya Nagītu Nūr-abīnu Ḫar-Ṣuarra Dūr-Rukbi Danda-Ḫulla Dūr-Bir-Dada Bīt-rēʾê Dūr-Ugurri Gindaina Ḫindaina Dūr-Uayit Bīt-Taurâ Sapḫuna Buḫarru 45 Ḫarbat-Iddina Ḫarbat-Kalbi Šaparrê Bīt-Bāni-ilūʾa Sulādu Bīt-Iltama-samaʾ Bīt-Dīni-ili Daqalu Ḫamīṣa Bēlā Tairu Kip­rā­nu Il­ta­ra­tu Aq­qar-ša-Kī­na Sa­ga­ba­tu-ša-Mar­du­ki­a altogether 39 fortified walled cities of the land of the Bīt-Amukkāni together with 350 small(er settlements in their environs,https://oracc.museum.upenn.edu/riao/Q004018?lang=en
47,Bit-Zabidaya Larsa Kullaba Eridu Kissik Nemed-Laguda Dur-Yakin adi Kar-Nabu ša kišād marrat naphar <data> āl dannāku bīssu dūr ša Bit-Yakin adi <data> mē āl ṣahri ša libīt,and the cities Bīt-Zabīdāya Larsa Kullaba Eridu Kissik Nēmed-Laguda and Dūr-Yakīn including the city Kār-Nabû which is on the shore of the Bitter Sea altogether 8 fortified walled cities of the land of the Bīt-Yakīn together with 100 small(er settlements in their environs,https://oracc.museum.upenn.edu/riao/Q004018?lang=en
49,naphar <data> āl dannāku bīssu dūr ša Kaldi adi <data> mē <data> āl ṣahri ša libīt alme akšud ašallal šallassin ,the grand total is 88 fortified walled cities of Chaldea together with 820 small(er settlements in their environs,https://oracc.museum.upenn.edu/riao/Q004018?lang=en
50,ê suluppī ša qerbeša kirâtešunu ebūr ša ṣēr ummān akul anappal anaqqar ina gīri aqmi ana tīl mašûti atūra ,I let my troops eat the grain and dates in their gardens and their crops in the countryside I destroyed them devastated them burned them with fire and I turned them into forgotten ruin hills,https://oracc.museum.upenn.edu/riao/Q004018?lang=en
51,urbī Arame Kaldaya ša qerbeša Uruk Nippur Kiš Hursagkalamma adi mār āl bēl hīṭātišu aṣê šallatiš amna ,I brought out the auxiliary forces of the Arameans and Chaldeans who were in Uruk Nippur Kish and Ḫursagkalamma together with the guilty citizens and I counted them as booty,https://oracc.museum.upenn.edu/riao/Q004018?lang=en
52,ê suluppī ša qerbeša kirâtešunu mēreš mānahišunu ebūr ṣēr balāṭ napištašu ummān akul ,I let my army eat the grain and dates in their gardens the fields they had labored in and the crops in the countryside which is their life’s necessity,https://oracc.museum.upenn.edu/riao/Q004018?lang=en
53,Bel-ibni mār banê perʾašu Šuanna ša kīma mīrāni ṣahri qerbeša ēkal arbâ ana šarrūssa māssu Šumeri u Akkad altakan el ,I appointed over them Bēl-ibni a son of a rab banî and a scion of Šuanna Babylon who had grown up like a young puppy in my palace as king of the land of Sumer and Akkad,https://oracc.museum.upenn.edu/riao/Q004018?lang=en
54,ina tayyarat Tuʾmuna Rihihu Ubudi Gibre Malahu Gurume Ubulu Damuni Gambulaya Hindari Ruʾuʾa Puqudaya Hamaranaya Hagaranu Nabatu Liʾtaʾa Arame lā kanše mithāriš akšud ašallal šallassin,On my return march I defeated all together the Tuʾmūna Riḫiḫu Ubudu Gibrê Maliḫu Malaḫu Gurumu Ubulu Damunu Gambulu Ḫindaru Ruʾuʾa Puqudu Ḫamrānu Ḫagarānu Nabatu and Liʾtaʾu insubmissive Arameans and I plundered them,https://oracc.museum.upenn.edu/riao/Q004018?lang=en
56,ina mēteq gerra ša Nabu-bel-šumati qēpāni Hararate hurāṣ kasap musukkannī rabâ imērī gammalī alap u ṣēnašu maddatta kabitta amdahhar ,In the course of my campaign I received a substantial payment from Nabû-bēl-šumāti the official in charge of the city Ḫararatu Ḫarutu gold silver large musukkannu trees donkeys camels oxen and sheep and goats,https://oracc.museum.upenn.edu/riao/Q004018?lang=en
57,bahūlāte Hirimme nakirēšu akṣi ša ištu ulla ana šar ab lā iknuša ina kak amqutma napištašu ul ētezib nagê šatti ana eššūte aṣabbata ištât alap <data> immer <data> imēr karān <data> imēr suluppī rēšēt ana gennâ il māssu Aššur bēl ikūn dārišam,I put to the sword the population of the city Ḫirimmu a dangerous enemy who since time immemorial had not submitted to the kings my ancestors and I did not leave one alive I reorganized that district and imposed for eternity one ox ten sheep ten homers of wine and twenty homers of dates as his first-fruits offerings for the ginû offerings to the gods of Assyria my lords,https://oracc.museum.upenn.edu/riao/Q004018?lang=en
59,<data> mē <data> līm nišī zikar u sinniš <data> līm <data> mē sisê parê <data> līm <data> imērī <data> līm <data> mē <data> gammalī <data> līm <data> mē alap <data> mē līm <data> mē ṣēnašu šallassin kabitta ašallal ana qerbeša māssu Aššur ezib nišī imērī gammalī alap u ṣēnašu ša gimir ummān ābuk ana ramānī iskilū sikiltu,"I carried off into Assyria a substantial booty consisting of 208,000 people male and female 7,200 horses and mules 11,073 donkeys 5,230 camels 80,100 oxen and 800,100 sheep and goats This is apart from the people donkeys camels oxen and sheep and goats that all of my troops had carried away and appropriated for themselves",https://oracc.museum.upenn.edu/riao/Q004018?lang=en
61,u bahūlāte nakirēšu šepṣu mitru ša urruhiš ana nīr lā iknuša ina kak rasāb ālul gašīšiš ,Moreover I struck with the sword the soldiers of the enemy a recalcitrant force who had not submitted quickly to my yoke and hung their corpses on poles,https://oracc.museum.upenn.edu/riao/Q004018?lang=en
62,ina ūm Egallammes bīssu Nergal ša qerbeša Tarbiṣi ša Salmanu-ašared rubâtu ālik mahar mār Aššur-naṣir-apli mār Tukulti-Ninurta epēssu ātanah bīssu šatti ana sihir anaqqar dannassu akšud <data> mē ina ammat šiddi <data> mē ina ammat pūssa qaqqar tamlâ imlâ el tarpaš bīssu mahar arde Egallammes el ša ūm pān arbâ ina epissun šitimgalla enqu ištu uššē adi naburrēšu arṣip šuklul šipir nasqi ša el mahar šūrurat u ana tanadāti šūlukā ana Nergal ša qerbeša Tarbiṣi bēl epēssu,At that time Egallammes the temple of the god Nergal that is inside the city Tarbiṣu which Shalmaneser III a former ruler son of Ashurnasirpal II and grand)son of Tukultī-Ninurta II had built became dilapidated I tore down that temple in its entirety and reached its foundation pit I filled in a terrace in an area measuring 200 cubits along its longer side and 100 cubits along its shorter side thus adding to the size of the former temple I made Egallammes larger than before I built and completed it from its foundations to its battlements through the craft of clever master builders For the god Nergal who lives in the city Tarbiṣu my lord I indeed did a splendid job which surpassed previous work and was worthy of high praise,https://oracc.museum.upenn.edu/riao/Q004018?lang=en
66,Nergal bēl emūq ṣīrāte dandan gitmālī ašarēd lā mahar ina qerbeša erēb ṭābiš armâ šubāt ṣīrāte lê kabrūti šuʾē marê nīq tašrihte ebba mahar aqqâ qerbeša bīssu šatti altakan tašīlâte lētu kišitte qāssa ša ina tuklāt rabâ el kullat nakirēšu altakan ina mušarâ alṭur ana šar mār ētezib ṣâtiš,I brought the god Nergal the lord of exalted strength almighty and perfect the foremost warrior who has no rival inside it and I graciously settled him in his august dwelling I made splendid and pure offerings of plump bulls and fattened sheep before him and I held festivities inside that temple I had the victorious conquests that I achieved over all of my enemies with his great support written on my inscribed object(s and I deposited them for posterity for the kings my descendants,https://oracc.museum.upenn.edu/riao/Q004018?lang=en
69,ana arkâssu ūm rubâtu arkīti enūma bīssu šatti ilabbbiru ātanah mušarâ amār šaman apšuš nīq aqqâ ittešunu mušarâ šiṭir šum ikūn Nergal ikrib ašmâ ,In the future may a future ruler when this temple becomes old and dilapidated find my inscribed objects anoint them with oil make an offe[ring and securely place them with inscribed object(s bearing his name The god Nergal will then hear his prayers,https://oracc.museum.upenn.edu/riao/Q004018?lang=en
70,<data> šiddi <data> šum manût mušarâ,The line count of the inscription is 69 lines,https://oracc.museum.upenn.edu/riao/Q004018?lang=en
