﻿line,akkadian,english,source
69,<data> tarbīt ēkal ša ana Kakme <data> ,The people of the cities Pāpa and Lalluknu dogs who had been bro]ught up in my palace and who had conspired wi]th the land Kakmê for the purpose of separating from Assyria I had deported them from their own places and re)settled them in the city Damas]cus of the land A]murru,https://oracc.museum.upenn.edu/riao/Q006483?lang=en
70b,<data> Dimašqa ša māssu Amurre ašāb ina šadissu <data> <data> <data> Zikirtaya māssu Mannaya <data> <data> ittešunu srgn u ittešunu Aza mār bēl ikkirā <data> <data> suhhurtašu Mannaya altakan pagar Aza <data> <data> ina Uauš šad ašar pagar Aza addâ <data>,I[n my si[xth regnal year Ursâ Rusâ the Urarṭian sent his mounted messenger with a mendacious message to Bag-dāti of the land Uišdiš and KAR of the land Zikirtu governors of the land Mannea He ma[de them hostile to me Sar]gon and to A[zâ the son of their former lord and made them side with him Rusâ Th[ey brought about the rou]t of the Manneans on Mount Uauš a rugged mountain and threw down the corpse of Azâ their lord there I raised my hand(s in prayer to the god Aššur my lord in order to avenge the Manneans and to make that area part of the territory of Assyria Then on Mount Uau[š the mountain where they had t[hrown down the c]orpse of Azâ I flayed the skin from Bag-dāti and then showed it to the Manneans,https://oracc.museum.upenn.edu/riao/Q006483?lang=en
75,<data> <data> ša ina kussâšu Aza ašāb gimir <data> <data> ina el bašê ana Rusa Uarraṭaya <data>,As for Ullusun]u whom they had set on the throne of Az[â an]d to whom they had entrusted all of the wide land Mannea the wrath of the god Aššur was directed against Ullusunu the Mannean ordaining the destruction of his land He Ullusunu then put his trust in Ursâ Rusâ the Ura]rṭi[an,https://oracc.museum.upenn.edu/riao/Q006483?lang=en
77,<data> <data> <data> <data> <data> <data> <data> <data> <data> <data> <data> <data> Ullusuni <data> <data> <data> <data> <data> <data> <data> <data> <data> <data> <data> <data> <data> <data> <data>,Too fragmentary for translation,https://oracc.museum.upenn.edu/riao/Q006483?lang=en
86,<data> <data> <data> <data> <data> <data> <data> <data> <data> <data> <data> <data> <data> šūt rāšūʾa bēl el āl altakan kak il rabâ ālik mahar epēssu qerbeša armâ Kar-Nergal šum abbi ṣalam šarrūssa ina libba azziz Bit-Sagabi Bit-Hirmami Bit-Uargi Halhubarra Kilambate Armangu akšud el pāhāt arde,I s]et a eunuch of mine as provincial governor over his city I had the weapon(s of the great gods who go before me made and I install[ed them ins]i[de it the city Kišesim I re)named it the city Kišesim Kā[r-Nergal and ere]cted a royal image of myself there I conquered the lands Bīt-[Sag]bat Bīt-Ḫi[rmami and Bīt-U[margi and the cities Ḫar]ḫubarban Kilambāti and Ar]mang[u and I a[dded them to its p[rovince,https://oracc.museum.upenn.edu/riao/Q006483?lang=en
89,Harharaya Kibaba āl ardussu <data> <data> <data> Dalta šar Ellibaya arbâ el āl šatti akšud šallassin ašallal nišī māssu kišitte qāssa ina libba erēb šūt rāšūʾa bēl ina el altakan Narti elīte ša Aranzešu Nartu šaplî ša Bit-Ramatiya Uriqatu Sikris Šaparda Uriakki <data> nagê akšud el arde kak Aššur bēl ina qerbeša armâ Kar-Šarrukin šum abbi narâ abnâ <data> <data> <data> <data> <data> <data> <data> <data> <data> <data> <data> <data> <data> ṣēr alṭur ina qerbeša azziz ša <data> āl ša Madaya dannāku,The people of the city Ḫa[rḫar dr]ov[e out Kibaba their city ruler and elevat[ed Da[lt]â k ing of the land Elli[pi over them]selves I conquered th]at city and plund]ered it I brou[ght th]ere peo[ple from the lands that I had conqu[ered and set a e[unuch of mine as provincial governor ov[er them I conque]red the up]per river(land of the land A[ranz]ê the low]er river(land of Bīt-Ra[matua the la[nd U[riqat]u the land S]ikris the land Ša[p]ar[da and the land Uriakku a total of six distric[ts and added them to th[em the people of the city Ḫarḫar I installed the weapon of the god Aššur my lord t[her]e I re)named it the city Ḫarḫar K[ār-Šarrukīn I made a stele had written upon it and ere]cted it there I received tr[ibute from twenty-eig]ht city ruler]s of the p[owerful Me]des,https://oracc.museum.upenn.edu/riao/Q006483?lang=en
95b,maddatta amdahhar ina sebê palâ Rusa Uarraṭaya ittešunu Ullusuni Mannaya sarrāti adabbuba <data> birāte <data> ekēm amât tašgerti ṭapilti Ullusuni ana Dayukka māssu Mannaya adabbuba mār ana līṭūti amdahhar ana Aššur šar il qāssa aššânni <data> birāte šâtina alme akšud ana miṣir māssu Aššur atūra Dayukka adi kimtašunu assuh Mannaya dalhāku tuqquni,In my seventh regnal ye]ar Ursâ Rusâ the Urarṭ[ian s[poke deceitfully with Ullu[su]n[u the Mannean and ly took away from him twenty-two of his fortresses He spoke treacher[ous words libels against Ul]lusunu to Dayukku a governor of the land Man]nea and received his son as a hos]tage I rai[sed my hand(s in supplication to the god Aššur the king of the gods and then surrounded and conquered those twenty-two fortresses I ma]de them part of the territory of Assyria I deported Dayukku togeth[er with his fami]ly and brought order to the dist[urbed land Mannea,https://oracc.museum.upenn.edu/riao/Q006483?lang=en
99,maddatta ša Ianzu šar Naʾiri ina Hubuškia āl amdahhar <data> birāte <data> <data> <data> <data> <data> <data> <data> ša <data> nagê ša Rusa Uarraṭaya adi maršīssunu <data> <data> <data> <data> <data> ašallal <data> <data> birāte adi āl ša libīt ša Tuayadi nagê ša Telusina Andiaya akšud <data> <data>,I rec]ei[ved tribute from Ianzû king of the land N]a[ʾiri i]n his c[ity Ḫu[b]uš[ki]a I conquered ni[ne fort[resses 100 I carried off as booty the people of five districts of Ursâ Rusâ the Urarṭian together with their property I conquered eight fo]rtresses together with the settlements in their environs that belonged to the land Tuāyadi a dis]trict belonging to Telu[sina of the land And]ia and,https://oracc.museum.upenn.edu/riao/Q006483?lang=en
188,<data> <data> <data> <data> <data> <data> ina Urarṭa rapašti šad kalāma sipitti bašê ana Rusa šar ṣurtī naglaba quppê <data> <data> <data> adi balṭi altakan nagê šatti ana miṣir māssu Aššur atūra ina qāssa šūt rāšūʾa nāgir ēkal amna Rusa Uarraṭaya namurrat Aššur bēl ashup ina patar parzilla ramānī kīma šah libba,I caused there to be lamentati[on i]n the wide land Urarṭu and all the mountains and I made Ursâ Rusâ their king use flint blades razors scalpels and to slash himself in mourning for as long as he lived I made that district Muṣaṣir part of the territory of Assyria a]nd assigned it to the authority of a eunuch of mine the palace herald The awes[ome splendor of the god Aššur my lord overwhelmed Ursâ Rusâ the Ur]a[r]ṭian and so with his o]w[n ir[on da[gg]er he stabbed himself in the heart like a p]ig an[d p[ut an end to his life,https://oracc.museum.upenn.edu/riao/Q006483?lang=en
195b,ashul napištašu iqtâ ina tišê palâ ana Ellipi Madaya u Karalla alāk nišī Karalla ša šūt rāšūʾa ardussu Amitašši ahašu Aššur-leʾi Karallaya arbâ el ina Ana ubān šad ina kak amqutma <data> līm <data> mē zīm pān ina qerbeša ušmannātešunu amdahhar Amitašši adi rēṣēšu ipparaššidu <data> <data> <data> <data> <data> <data> <data> <data> <data> <data> <data> <data> <data> <data> <data> <data> <data> <data> <data> <data> <data>,"In my ninth regnal year I marched t[o the lands El]lipi Media and Karalla As for the peop[le of the land Ka]ra[l]la who had driven out my eu[nuc]hs and elevated Amitaš[ši of the land Karalla the brother of Aššur-lēʾi over them I struck them down with the sword on Mount Ana a mountain peak and then received in my military c[am]p 2,2[00 of their face-(guards as trophies Amitašši fled together with his allies and",https://oracc.museum.upenn.edu/riao/Q006483?lang=en
205b,<data> <data> <data> <data> <data> <data> <data> <data> <data> <data> <data> nišī Habhi <data> <data> <data> <data> <data> <data> <data> <data> <data> <data> <data> <data> ašmâ hatta ramānī amqutma <data>,The people of the la]nd Ḫ[abḫu heard of the harsh deeds that I had done in the land Karalla their own fe[ar(s then fell upon them and they sent their messenger to me to do obeisance to me I assigned them to the authority of a e[unuch of mine the gove]rnor of the land L[ullumê,https://oracc.museum.upenn.edu/riao/Q006483?lang=en
207b,ina qāssa šūt rāšūʾa māssu Lullume amna <data> Mi-x-KI-x <data> <data> <data> <data> <data> <data> <data> <data> <data> <data> <data> <data> <data> <data> ittešunu attabalkat <data> <data> <data> <data> Azuktu <data> Hubahna āl dannīti adi <data> āl <data> akšud dīktaša addūk <data> <data> <data> <data> <data> <data> <data> <data> māssu <data> līm <data> mē immer <data> <data> <data> <data> <data> <data> parê imērī <data> <data> <data> <data> <data> <data> <data> <data> <data> <data> <data> <data> <data> qerbeša alme <data> <data> <data> <data> <data> <data> <data> <data> šakkanak <data> <data> <data> kamûssu <data> <data> <data> <data> <data> <data> <data> Ellipi alšu aṣabbata <data> <data> <data> <data> <data> <data> <data> <data> <data> <data> <data> <data> <data> <data> <data> <data> <data> tēmēqi ištēniš ana Azuktu <data> <data> <data> <data> <data> <data> <data> <data> <data> ṣullâ ašmâ siqiršin <data> epēssu šarrūssa,As for Daltâ of the land Ellipi a submissive subject who bore my yoke the lands Mi and a total of five of his districts revolt[ed aga[inst him Azu]ktu I conquered the city Ḫubaḫna their fortified city together with twenty-four settle[ments and inflicted a defe[at upon them for[ty/fif[ty tho]usand two hundred sheep h[orses mules d[onkeys I had him surrounded th]ere and governor their them in bondage 215 the land Ellipi be[cause of the seizure of with entreaties at the same time to Azuktu he besought me and I listened to his wo]rd(s I ordered him to continue to exercise kingship I thus made Da[ltâ happy and brought order to his dist[urbed land,https://oracc.museum.upenn.edu/riao/Q006483?lang=en
218b,aqabbû libba Dalta iṭīb tuqquni dalhāti māssu Baʾit-ili nagê ša Madaya ša miṣir Ellipi Absahutti Parnuatti Utirna Diristanu ša Uriakki Rimanuti nagê ša Upparia Uyadaue Bustis Agazi Ambanda Dananu nagê rūqāti ša patti Aribi ša niphi šamaš u nagê ša Madaya dannāku ša nīr Aššur aṣlima šad u madbar irappudu šarrāqiš ana puhrišunu āl akukāti addâ gimir,With regard to the land Baʾīt-ili a district of the land Media that is on the bor]der of the land Ellipi the land[s Absaḫutti Parnuatti and Utirna the city Diristānu of the land Uriakku the land Rimanuti a district of the land Uppuriya the lands Uyadaue Bustis Agazi Ambanda and Dananu far-off districts of the territory of the Arabs in the east and the district(s of the powerful Medes who had thrown off the yoke of the god Aššur and roamed about the mountain(s and desert like thieves — I th]rew f[ir]ebrands into all the]ir settlements and turned a]ll their districts into forgotten ruin mounds,https://oracc.museum.upenn.edu/riao/Q006483?lang=en
224b,nagê atūra ana tīl mašûti maddatta ša Ullusuni Mannaya Dalta Ellibaya Bel-aplu-iddina Allabraya ša <data> āl ša Madaya dannāku,"I re[ceived 4,609 horses mules o[xe]n and sheep and goats in countless numbers as tribute from Ul[lu]s[unu the Mannean D]al[tâ of the land Ellipi Bēl-aplu-iddina of the land Allabria and from forty-five city lords of the powerful Medes",https://oracc.museum.upenn.edu/riao/Q006483?lang=en
226b,<data> līm <data> mē <data> sisê parê alap ṣēnašu ana lā māni amdahhar Ambaris Tabalaya šar Bit-Puritiš ša rubâtu alāk pān kimtašunu Hulle ab adi šallassin māssu ana māssu Aššur ītarrê ina ūm il rabâ <data> <data> kūn palâ ina unzāšu bašê Hulle ina kussâšu šarrūssa ašāb nišī Bit-Puritiš ipahhurū ina qāssa amna ina ūm Hulle ab <data> <data> <data> <data> <data> <data> <data>,As for Am[bar]is of the land Tabal king of the land Bīt-Purutaš the fam]ily of whose father Ḫullî a ruler a predecessor of mine had brought to Assyria together with bo[oty from his land when the great gods determined the firm establishment of my re]ign they Ḫullî and his family were on my m[ind I had Ḫullî sit again on his royal throne I gathered together the people of the land Bīt-Purutaš and assi]gned them to his a[uthority In the time of Ḫullî his father I had granted him Ambaris gave him a dau[gh]ter of mine along with the city Ḫilakku and thus expa[nd]ed his land,https://oracc.museum.upenn.edu/riao/Q006483?lang=en
230b,<data> ašarrakšunūti bintī ittešunu Hilakki addin lirappiš māssu u šū Hatte lā nāṣir kināti ana Rusa šar Urarṭa Mita šar Muski u šar Tabal ekēm miṣir ašpur ummān Aššur adakkekama Tabal ana patti gimir aktum šētiš Ambaris šar Bit-Puritiš adi zēr bīssu ab ašarēd māssu kamûssu ittešunu <data> mē narkabat ana māssu Aššur alqâ Bit-Puritiš Hilakki aburriš irtabṣū nišī māssu kišitte Aššur bēl ašāb šūt rāšūʾa bēl el altakan nīr bēlūssu ēmid,However that man Ambaris a Hittite who did not pro]tect justice sent to Ursâ Rusâ ki]ng of the land U]rarṭu Mitâ king of the land M]usku and the kings of the land Tabal about taking aw]ay terr[itory of mine I mustered the troops of the god Aššur and overwhelmed the land Tabal to its full extent as if with a net Then I bro]ught in bondage to Assyria Amba]ri[s king of the land Bīt-Pur]utaš toge[ther with the other offspring of his father’s house and the nobles of his land along wi[th one hundred of his chariot(s I had the land[s Bīt-Pur[ut]aš and Ḫilakku dw[e]ll as safely as in a meadow and re)se]ttled there people from the lands that the god Aššur my lord had conquered I set a eunuch of mine as provincial governor over them and impos[ed the yo[ke of my lordship upon them,https://oracc.museum.upenn.edu/riao/Q006483?lang=en
236,ina ešrê palâ Tarhun-azi Melidaya <data> <data> lā ādir siqiršin il rabâ Kammani rapašti ša ina tuklāt Aššur bēl ekēm Gunzinanu šar attarad kamâtiš u šâšu ina kussâšu šarrūssa ašāb <data> <data> <data> <data> <data> <data> <data> <data>,In my tenth regnal year as for Tar]ḫun-azi of the city Me[lid an evil Hittite who did not fear the words of the great g[ods and as for the wi[de land Kam]manu which I had taken away with the support of the god Aššur my lord and whose king G[unzinā]nu I had driv[en ou]t and then had h[im Tarḫun-azi sit on his Gunzinānu’s royal throne,https://oracc.museum.upenn.edu/riao/Q006483?lang=en
256,<data> el Urarṭa dunnina maṣṣarāti Usi Usian Uargin patti Muski addâ ša lā mūṣâšu aṣabbata bāb Ellibir Šindarara el nišī Kasku arkus Melid āl šarrūssa <data> adi Kummuha,I strengthened the garrison(s of the cities Luḫsu Purṭir Anmurru Ki aka and Anduarsalia against the land Urarṭu I erected the cities Usi Usian and Uar]gin on the border of the land Musku and seized control of its/their entry points lit “gates” so that there should be no escape lit “exit” Finally I constructed the cit[ies Ellibir and Šindarara against the people of the land Kasku I gave his Tarḫun-azi’s royal city Melid as well as the city Kummuḫu to Mutallu,https://oracc.museum.upenn.edu/riao/Q006483?lang=en
259b,<data> ina ūm katim šad ša Hatti aptâ <data> ina ūm palâ attabbal akkuma būšašu Hatti <data> mesû simat ēkal Larisʾu Šuruman <data> binût Nudimmud siparrī namrāti ina Tušanira x-x-xdurini Elikudurini abnâ parzilla Lammun ša birīt <data> <data> <data> abāri munammir aruštišunu kullum Lammun <data> <data> <data> <data> BAR.GÙN.GÙN.NU nasqi simat šarrūssa ša kīma zagiddurî peṣât <data> <data> <data> <data> <data> <data> <data> <data> <data> <data> <data> Baʾali-ṣapuna šad rabâ siparrī ištēniš abnâ ša šad šunūte šipik eper ablul ana kīri <data> <data> <data> <data> erēb bušul amār makkūr lā nība ša ab lā amdahhar ina qerbeša Dur-Šarrukin āl aqrunma mahīri kasap kīma siparrī,At that time everything that was hi]dde[n in the mountain]s of the land Ḫa[t]ti Syria was revealed to me They brou]ght to me during my reign and I he]aped up the proper[ty of the land Ḫat]ti On Mount was produced refined appropriate for a palace on Mounts Larisʾu Šuruman and was produced the creation of the god Nudimmu]d Ea shining copper on Mount[s Tušanira durini and Elikudurini was produced iron the part of Mount Lammun that is located between Mount U and Mount pro[duced lead which whit]ens their dirt[y s]tate the part of Mount La]mmun that is located facing produced pure alabaster Mount Ammun a mountain that is located facing produced choice BAR.GÙN].GÙN.NU stone fit for royalty and as white as pale lapis lazuli and Mount Baʾil-ṣapūna a great mounta]in produced at the same time copper 265 I then mixed mound(s of ore from those mountains deposited th]em into furnaces and watch[ed their smelting I st[or]ed up inside my city Dūr-Šarrukīn countless possessions that my ancestors had never received as a result in Assyria the excha[nge rate for silver is fixed as if it were for bronze,https://oracc.museum.upenn.edu/riao/Q006483?lang=en
267b,<data> <data> <data> <data> <data> Muttallu apil <data> <data> <data> <data> <data> <data> <data> <data> <data> Tarhu-lara Muttallu apil <data> <data> <data> <data> <data> <data> <data> <data> <data> epēssu qāssa aqmi kullum <data> <data> Muttallu apil adi kimtašunu Bit-Paʾalla mal bāšâ ittešunu hurāṣ kasap būšašu ēkal ša nība lā īšâ ana šallassin amna nišī Gurgume ana patti gimir ana eššūte Aššur šūt rāšūʾa bēl,In my eleventh regnal year Tarḫu-lara of the land Gurgum who]se heir Mu]tallu had cut him down with the sword and taken away my in in order to avenge him Tarḫu-lara Tarḫu]-lar[a his he]ir M[utallu 270 in/with of the body before the god Šamaš Because of his that he had done I/he burned his hands and showed I counted as booty his heir Mutallu together with the royal family of the land Bīt-Paʾalla as many as there we[re of them along with gold silver and countless property from his palace I reorganized the administration of the people of the land Gurgum to its full extent set a eu]nuch of mi]ne as provinc[ial governor over them and consi]dered th[em as people of Assyria,https://oracc.museum.upenn.edu/riao/Q006483?lang=en
273b,<data> el altakan ittešunu nišī māssu Aššur amna Azuri šar Asdudi ana lā aššânni bilassun <data> <data> <data> <data> <data> <data> libīt zērāte māssu Aššur ašpur alšu lemnāti epēssu el nišī māssu bēlūssu ikkirā Ahi-Meti ahašu talīm ana šarrūssa el ikūn Hatte dābib ṣalipte bēlūssu izerru Iadna <data> <data> <data> <data>,Azūri king of the city Ashdod plotted so as to no longer have to deliver tribute to me and sent messages h[ostile to Assyria to the kings in his enviro]ns Thus because of the evil that he had done I did away with his lordship over the people of his land and set his favorite brother Aḫī-Mīti as kin]g over th]em The Hittites who always speak treachery hated his rule and elevated over the]m Iadna Iāmānī,https://oracc.museum.upenn.edu/riao/Q006483?lang=en
280b,<data> arbâ el ina uggat libba <data> <data> <data> <data> <data> <data> <data> <data> <data> <data> <data> ana Asdudi āl šarrūssa hitmuṭiš alāk Asdudi Gimtu Asdudimmu alme akšud il āšib libba šâšu adi nišī māssu hurāṣ kasap būšašu ēkal ana šallassin amna āl šunūte ana eššūte aṣabbata nišī māssu kišitte qāssa ina libba ašāb šūt rāšūʾa bēl el altakan,Angril]y I quickly march[ed to his royal city Ashdod I then surrounded and conquered the c[iti]es Ash[dod Gath and Ashdod-Yam I counted as booty both the god[s who dw]el[t in them and that man Iāmāni toge[ther with the people of his land gold silver and the prop]erty of his pal[ace 285 I re]orga[nized the administration of those cities and settled there people from the lands that I had conquered I se]t a eunu]ch of mi[ne as provincial governor over them and considered them as people of Assyria they now pull my y]ok[e,https://oracc.museum.upenn.edu/riao/Q006483?lang=en
287b,ittešunu nišī māssu Aššur amna išâṭ abšānī ina šinšerê palâ Marduk-apla-iddina mār Bit-Yakin šar Kaldi āšib kišād tâmāti lā ādir siqiršin il rabâ <data> el marrat u gupuš edê atkal adê māmīt il rabâ ābuk akla tāmartašu Humbaigaš Alamu ana rēṣūssu ishur Ruʾuʾa Hindari Dibirina Puqudaya gimir Sute ṣāb ṣēr ittešunu ikkirā akṣur tāhāz ešēr ana māssu Šumeri u Akkad <data> šanat kī lā libba il Babili āl Enlil il abēl u ašpur Marduk bēl rabâ epissun Kaldaya lemnēte aṭṭula eṭēr haṭṭašu u kussâšu šarrūssa altakan šapassu yâte srgn šar šahtu ina naphar malik kēniš tuttânnima elê rāšūʾa ina ereṣēti māssu Šumeri u Akkad ana Kaldaya nakirēšu lemnēte aprus arbâ,I]n my twelfth re[gnal year Mar]duk-apla-iddina II Merodach-Baladan descendant of Yakīn king of Chaldea who dwelt on the shore of the s]ea and who did not fear the words of the grea]t god]s had put his tr]ust in the sea and its s]ur[ging waves 290 He then broke lit “overturned” the tr]ea[ty sworn by the great god]s and withheld his audience gift He turned to Ḫumbanigaš Ḫumban-nikaš I the Elamite for aid made the Ruʾuʾa tribe the Ḫindaru tribe the Yadburu tribe the Puqudu tribe and all the Sutians the people of the steppe hostile to me and prepared for battle against me He proceeded 295 to the land of Sumer and Akkad and against the will of the gods ruled and governed B]abylon the city of the Enlil of the gods Marduk for twelve years However the god Marduk the great lord saw the evil deeds of the Chaldeans Then the order for the removal of his royal scepter and throne was set upon his l]ips 300 He duly chose me Sargon the reverent king from among all rulers and exalted me He made my weapon]s prevail in order to bar the e[v]il enemy Chaldeans from the territory of the land of Sumer and Akkad,https://oracc.museum.upenn.edu/riao/Q006483?lang=en
303b,kak ina qibētī bēl rabâ Marduk ṣindā ešēr akṣur ušmannātešunu ana Kaldaya nakirēšu akṣi alāk aqabbû u šū Marduk-apla-iddina alāk gerra ašmâ birāte dunnina ipahhurū kiṣir Dur-Abi-hara <data> <data> <data> <data> <data> <data> <data> <data> Gambulaya āšib itâka qerbeša erēb ana mēteq gerra dunnina maṣṣarāti <data> mē pēthal <data> līm ṣāb rēṣēšu ālik pān ummān addin arhuṣma libba dūr el ša pān usaqqiršu ištu libba Surappi butuqti abtuq kīma mīlêša kiššat ikpupū libīt āl šatti adi <data> bēr ūm lā ašquma alme akšud <data> līm <data> mē <data> nišī adi maršīssunu sisê parê imērī ibilī alap u ṣēnašu ašallal,"A[t the com]mand of the great lord the god Marduk I got my chariot teams ready prep[ared my military camp and or[de]red the march against the Chaldean a danger]ous enemy However when that man Marduk-apla-[iddina II Merodach-Baladan heard of the advance of my expeditionary force he strengthened his fortresses and assembled his military contingents He ed the city Dūr-Abi-ḫāra brought insi[de it the Gambu[lu tribe who dwell next to it and at the appr[oach of my expeditionary force strengthened its garrison He gave th[em six hundred cavalry and four thousand soldiers his allies the vang]uard of his army and 310 thereby made them confide[nt They raised their city wall higher tha]n bef[ore c]ut a channel from the Surappu River and surrounded its environs as if with cresting flo]od waters I surrounded and con]quered that city before the day had proceeded half a double-hour I carr[ied off as booty 18,4[30 people together with their prop]er[ty h[orse]s mules donkeys c[am]els oxen and sheep and goats",https://oracc.museum.upenn.edu/riao/Q006483?lang=en
314,Ba-x <data> <data> <data> <data> <data> Haza-il Hamdanu Zabidu Amma-x <data> x-iada <data> <data> Ahhe-iddina Aya-Sammu <data> nasīkāte ša Gambulaya āšib Uqne akšud āl šatti ašmâ itarrakma libba ištu qerbeša Uqne alap u ṣēnašu tāmartašu kabitta aššânni aṣabbata šēp alšu <data> <data> <data> māssu šatti gillassun amēsma baṭāli assuh šūt rāšūʾa bēl el altakan <data> bilassun <data> manê kasap <data> līm uṭṭāssu ina muhha <data> alap ištât alap ina muhha <data> immer ištât immer addin šanat el ikūn ṣibit alap ṣēnašu ana Bel mār Bel ikūn šattišam ṣāb šâtunu Aššur ina muhha <data> ṣāb ištât ṣāb aṣabbata Dur-Abi-hara ana eššūte ašāb šum ikkirā Dur-Nabu šum abbi Hubaqanu Tarbugati Timassina <data> <data> <data> <data> <data>,Ba Ḫazā-il Hamd[anu Z]abīdu Ammai iada Aḫ[ḫ]ē-iddina and Aya-Sammu a total of eight sh[ei]khs of the Gambulu tribe who dw]el[l along the Uqnû River hea[rd of the con[quest of that city and as a result their hea[rts pounded Fro]m the U[qnû River they brought m[e oxen and sheep and goats as their substantial audience gift(s and gr[asped hold of my feet Because that land I disregarded their crime(s and stopped their deportation I set a eunuch of mine as provincial governor over th]em 320 I imposed upon them the annual payment of one talent thirty minas of silver two thousand gur of barley one ox out of every twenty oxen that they had and one sheep out of every twenty sheep that they had I also imposed the annual ṣibtu tax on their oxen and on their sheep and goats for the god[s Bēl Marduk and Son of B]ēl Nabû I mustered those soldiers and took one sol[dier of theirs out of every three soldiers for my own army I resettled them in the city Dūr-Abi-ḫāra changed its the city’s name and re)na]med it Dūr-[Nabû I incorporated lit “led away” into the territory of Assyria the lands Ḫu[ba]qānu Tarb[ugāt]i Timassunu Timassina Pa]šur Ḫirūtu and Ḫilmu a total of six districts of the land Gambulu together with forty-four fortified settlements that are in them,https://oracc.museum.upenn.edu/riao/Q006483?lang=en
324b,Pašur Hirutu Ahilimmu <data> nagê ša Gambuli adi <data> āl dannāku ša qerbeša ana kudurri māssu Aššur ābuk Ruʾuʾa Hindari Dibirina Puqudaya kišitte Gambulaya ašmâ ina šāt mūša ippariš Uqne marṣāti aṣabbata Tupliyaš nār tuklāt ina šipik eper u qan aksir <data> birāte ah ana ah addâ laplapti aṣabbata ištu qerbeša Uqne aṣê aṣabbata šēp Iannuqu nasīkāte ša Zame Nabu-uṣalla ša Abure Paššunu Haukanu ša Nuhani Saʾilu ša Ibuli <data> nasīkāte ša Puqudaya Ab-hata ša Ruʾuʾa Huninu Sameʾ Sabharri Rapiʾ ša Hindari sisê alap u ṣēnašu tāmartašu kabitta ana Dur-Abi-hara aššânni inaššiquni šēp līṭī aṣabbata ilki tupšikki kī ša Gambulaya,When the Ruʾuʾa Ḫindaru Yadburu and Pu]qudu tribes heard of my conquest of the Gambulu tribe they fled during the course of the night a]nd took themselves to the Uqnû River which was difficult to ford I dammed up the Ṭupliyaš River a river upon which they relied wi[th p]ile(s of dirt and reeds I erected two forts side by side and starved them out They then came out from the Uqnû Ri]ver and grasped hold of my feet Iannuqu the s]heikh of the city Zāmê Nabû-uṣalla of the city Abūrê Paššunu and Ḫaukānu of the city Nuḫānu and Saʾīlu of the city Ibūli a total of five sheikhs of the Puqudu tribe Abi-ḫatâ of the Ruʾuʾa tribe and Ḫunīnu Sāmeʾ S[a]bḫarru and Rāpiʾ of the Ḫindaru tribe brought horses oxen and sheep and goats 330 as their substantial audience gift(s to the city Dūr-Abi-ḫāra and kissed my feet I took hostages from them and imposed upon them the same state service and corvée duty as was imposed upon the Gambulu tribe I assigned them to the authority of a eunuch of mine the governor of the Gambulu tribe,https://oracc.museum.upenn.edu/riao/Q006483?lang=en
331b,ēmid ina qāssa šūt rāšūʾa māssu Gambuli amna sitāt ša el Marduk-apla-iddina u Ištar-Nanhundi lēssu addâ aṣabbata Uqne dadmē abūbāniš aspun qirāte ummān akul gišimmari tuklāt kirâtešunu baltašun nagê akšiṭ ana Uqne ašar tapzertešunu qurādēšu ʾāri dabdâšu amdahiṣ nišī adi maršīssunu,As for the rest of those who had paid attention lit “inclined their cheek” to Marduk-apla-iddina II Merodach-Baladan and Šutur-Naḫūndi and taken themselves to the Uqnû River I overwhelmed their settlements like the Deluge I then fed my army the food in their granaries and chopped down the date palm(s upon which they relied and the orchards that were were the pride of their district I sent my warriors t[o the Uqnû Ri]ver their hiding place and they my warriors inflicted a defeat on them They my warriors carried off as booty those people together with their property,https://oracc.museum.upenn.edu/riao/Q006483?lang=en
334b,ašallal Zame Abure Yaptiru Mahiṣu Hilpanu KAL-KAL Patiyan Hayamanu Gadiyati Amate Nuhani Ama Hiuru Saʾilu <data> āl dannāku adi āl ša libīt ša šiddi Uqne ša tebût kak dannāku adāru ušahrabu nagê ištu qerbeša Uqne ašar rūqāti alāk aṣabbata šēp nagê šatti el ša mahar pargāniš irtabṣū ina qāssa šūt rāšūʾa māssu,The people of the cities Zāmê Abūrê Yaptiru Maḫīṣu Ḫilipanu KAL-KAL Pattiānu Ḫa­ya­mā­nu 335 Gadiyāti Amate Nuḫānu Amâ Ḫiuru and Saʾīlu a total of fourteen fortified cities together with the settlements in their environs located along the Uqnû River who(se people had taken fright at the onslaught of my mighty weapons and whose district I had laid waste came to me from the Uqnû River a faraway place an[d grasped hold of my fe]et I had that district dwell as in meadowland in greater safety than previously and assigned them to the authority of a eunuch of mine the governor of the Gambulu tribe,https://oracc.museum.upenn.edu/riao/Q006483?lang=en
338b,Gambulaya amna Samʾuna Bab-duri birāte ša Ištar-Nanhundi Alamu el Dibirina arkus kīma tīb mehê ashup Sa-x-nu Singamšibu rab birāte adi <data> līm <data> mē <data> Alamu ša ittešunu u <data> līm <data> nišī Gurume ṣumbāte sisê parê imērī ibilī adi būšašu maʾdê ašallal Samʾuna ana eššūte aṣabbata šum ikkirā Enlil-iqīša attasqara nibīssun Mušezibu Natnu Aya-lunu Daiṣṣanu ša Lahira Aya-rimmu Bel-ali ša Sulaya <data> nasīkāte ša Dibirina sisê parê alap u ṣēnašu ana qerbeša ušmannātešunu aššânni ana epēssu ardūssu aṣabbata šēp Lahira ša Dibirina Sulaya Gurmuk Samʾuna Bab-duri āl dannāku ša Dibirina Ahilimmu Pillate ša miṣir Elamte adi āl ša libīt ša šiddi Naṭiti ana miṣir amna,"Like the on]slaught of a storm I overwhelmed the cities Sam[ʾū]na and Bāb-dūri fortress­es that Šutur-Naḫūndi the Elamite had constructed facing lit “above” the land Yadburu and I carried off as booty Sa...nu and Singamšibu the fortress commanders together with 7,520 Elamites who were with them and 12,062 people 340 of the G]urumu tribe wago[ns h]orses mules donkeys and camels together with their abund[ant property I reorganized the administration of the city Samʾūna changed its name and gave it the name Enlil-iqīša Mušēzibu Natnu Aya-lūnu and Daiṣṣānu of the land Laḫīru and Aya-rimmu and Bēl-āli of the city Sulāya — a total of six sh]eikhs of the land Yadburu — brought horses mules oxen and sheep and goats into my military camp and grasped hold of my feet in order to do obeissance to me I considered the city Laḫīru of the land Yadibiri Yadburu the cities Sulā[ya G[ur muk Samʾūna and Bāb-dūri fortified cities of the land Yadburu the cities Aḫilimmu Ḫilimmu and Pillatu that are on the border of the land Elam together with the settlements in their env[ir]ons that are located along the Naṭīti River as part of my territory",https://oracc.museum.upenn.edu/riao/Q006483?lang=en
345,Til-Humba Dunni-Šamaš Bube Hamani māhāz dannāku ša Raše tīb tāhāz dannāku adāru ana Bit-Imbi erēb u šū Ištar-Nanhundi malik ištu pān kak ana ētezib napištašu ana qerbeša šad rūqāti,The people of the cities Tīl-Ḫu[m]ba D[un]ni-Šamaš Bubê and Ḫamānu fortified cult centers of the land Rāši took fright at my mighty battle attack and thus entered the city Bīt-Imbî Moreover that man Šu[tur]-Naḫūndi the[ir ruler sought refuge in far-off mountains away from my weapons in order to save his life lit “their lives”,https://oracc.museum.upenn.edu/riao/Q006483?lang=en
347b,šahāt ēmid ina tuklāt Aššur Nabium u Marduk ina gipiš ummān Puratte ebēr ana Dur-Ladini ša qerbeša Bit-Dakkuri altakan pān Dur-Ladini nadâ ana eššūte epēssu mundahṣē lēʾâku tāhāz erēb qerbeša lētu Aššur,With the suppo[rt of the gods Aššur Nabû and Marduk I crossed the Euphrates River with the main force of my army and set out for the city Dūr-Ladinni which is in the land Bīt-Dakkūri I had the abandoned city Dūr-L]adinni rebuilt and stationed there fighting men of mi]ne who were skilled in battle,https://oracc.museum.upenn.edu/riao/Q006483?lang=en
349b,Nabium u Marduk ša el āl šâtunu altakan Marduk-apla-iddina šar Karduniaš ina qerbeša Babili ašmâ ina qabalti ēkal hatta ramānī amqutma šū adi rēṣēšu ṣāb tāhāz mūšiš aṣê ana Dibirina ša Elamte altakan pān eršēt kasap kussâšu kasap nēmed kasap paššur kasap narmaktu kasap anūt šarrūssa tiqnī kišād ša atūra gimil ana Ištar-Nanhundi Alamu,In Babylon Marduk-apla-iddina II Mero­dach-Baladan king of the land Karduniaš Babylonia heard of the victories of the gods Ašš[ur Nabû and Marduk that I had repeatedly established over those cities As a result in the midst of his own palace 350 his own fear(s fell upon him he then went out from Babylon during the night together with his allies and his battle troops and set out for the land Yadburu which is part of the land Elam He gave to Šutur-Naḫūndi the Elamite a silver bed a silver throne a silver chair a silver table a silver washbasin his royal utensils and his neck ornament as g[if]ts from him in order to get his revenge on me,https://oracc.museum.upenn.edu/riao/Q006483?lang=en
352b,addin kadrâ ṣēni Alamu ṭaʾāti amdahhar adāru kak ipsil arah lā alāk aqabbû amât bēl gimil ašmâ qaqqariš ippalsih nahlapātešu išruta naglaba aššânni iṣruh bikīti šū adi rēṣēšu ṣāb tāhāz,That Elamite villain accepted his bribe from him but took fright at my weapons He turned aw]ay and told him Marduk-apla-iddina that he would n]ot co]me to help him When he Marduk-apla-iddina heard the words of the one who was to be his avenger he threw himself on the ground ripped his cl[o]ak wielded his razor and uttered cries of mourning Together with his allies and his battle troops that man moved away from the land Ya]dburu entered into the city Iqbi-Bēl and stay[ed there in fear,https://oracc.museum.upenn.edu/riao/Q006483?lang=en
354b,ištu qerbeša Dibirina assuh ana Iqbi-Bel erēb adīriš ašāb mār Babili Barsipa ērib bīssu ummânī mūdê šipir ālik pān muʾerru māssu ša adgul pān rēhāt Bel Zarpaniti Nabium Tašmeta ana Dur-Ladini,The citizens of Babylon and Borsippa the temple personnel the crafts[men 355 who know their trade the lead]ers and administrators of the land who up till then had been his su]bjects brought be[fore me in the city Dūr-Ladinni the leftovers of the sacrifices to the deities Bē[l Zar]panītu Nabû and Tašmētu and i]nvit[ed lit “[sa]id to]” m]e to enter Ba[bylo]n thus making my heart rejoice,https://oracc.museum.upenn.edu/riao/Q006483?lang=en
356b,adi mahar attabbal erēb Babili aqabbû elēṣ kabatsu ana Babili āl Enlil il hadîš erēb ana il āšib Esaggil Ezida amdahhar šagigurê ella mahar aqqâ ina qerbeša ēkal mūšab šarrūssa <data> <data> <data> <data> <data> <data> <data> <data> <data> <data> <data> <data> <data> Arame Amukkani Bit-Dakkuri,Happily I entered Baby]lon the city of the Enlil of the gods Marduk Then I pra]y[ed t[o the gods who dwelt in E]sagil and Ezida and offered pure vo]luntary offerings bef[ore th]em Inside his palace his royal residence I received substantial from Arameans the land Bīt-A]mukkāni the lan[d Bīt-D]akkūri,https://oracc.museum.upenn.edu/riao/Q006483?lang=en
359b,<data> <data> <data> <data> <data> <data> <data> <data> <data> <data> <data> <data> kabitta amdahhar nār Barsipa mahar ša šar ,With regard to the former Borsippa can[al which king]s who preceded me had constructed I d]ug a new canal int]o Šuan[na Babylon for the process]sion of the god Nabû my lord,https://oracc.museum.upenn.edu/riao/Q006483?lang=en
360b,ālik pān epēssu nār eššeti ana mašdah Nabium bēl ana qerbeša Šuanna ahrâ Hamaranaya ša lapān kak ipparaššidu ana Sippar erēb alāk harrān mār Babili ahbut kayyān šūt rāšūʾa bēl el ašpur nīta alme ṣeher,I then sent eunuchs of mine provincial governors against the Ḫamarānu tribe who had fle]d from my weapons ente]red Sippar and were constantly repeatedly robbing caravan(s of the citizen(s of Ba]b[ylon while they were en route They then surrounded th[e]m so that no one neither young nor old could escape and struck them down with the swo]rd,https://oracc.museum.upenn.edu/riao/Q006483?lang=en
363b,rab lā ipparaššidu anār ina kak akšud Nisanni arah aṣê bēl il qāssa bēl rabâ ,When the month Nisannu I arrived the month the lord of the gods goes out from his temple I to[ok the hands of the great divine lord the god Marduk and of the god Nabû the king of the totality of heaven and earth and brought them safely along the road to the a[kī]tu house,https://oracc.museum.upenn.edu/riao/Q006483?lang=en
364b,Marduk Nabium šar kiššat šamê ereṣēti aṣabbata išlimma arah bīssu akīt <data> mē <data> bilassun <data> manê <data> šiqil hurāṣ huššû <data> līm <data> mē <data> bilassun <data> manê kasap ebba ṣurri <data> <data> uqnê pappardilê ašgigî UGU.AŠ.GI₃.GI₃ digil pappardilê muššārī ana muʾuddê takilte argamanni lubulti birmē u kitê taskarinni erēnī šurmēni kal riqqī bibil Hamana ša erēssi ṭāba erâ annaki parzilla abāri ša nība lā īšâ ana Bel Zarpaniti Nabium Tašmeta il māhāz māssu Šumeri u Akkad aqīssu ana qīšāssu gumāhī bitrê <data> <data> <data> <data> <data> <data> <data> <data> ebba <data> <data> <data> <data> <data> kurkī paspasī mahar aqqâ alšu altakan dabdâšu Marduk-apla-iddina mār Bit-Yakin zēr Kaldaya hiriṣ gallê lemnēte amdahhar ina supê u tēmēqi mahar utnennu ištu isinnāti bēl rabâ Marduk išlimma <data> <data> <data> <data> <data> māhāz māssu Šumeri u Akkad <data> <data> <data> <data> <data> <data> <data>,"I prese[nted a]s g[if]ts to the deities Bēl Marduk Zarpanītu Nabû Tašmēt]u and the other gods of the cult ce[nters of the land of Sumer and Akkad 1[54 talents 26 minas and 10 shekels of red gold 1,604 talents and 20 minas of pu]re silver obsidian lapis laz[uli banded agate blue turquoise green turq[uoise of banded agate and muššaru stone in large quantities blue-purple wool red-purple wool garments with multi-colored trim and linen garments boxwood cedar cypress and every kind of aromatic the products of Mount Am]anus who[se sce[nt(s are pleas]ant copper tin iron and lead in imme[asurable quan]tities I offered before them prize bull[s in prime condition shini[ng s ge[e]se and du]cks I appealed to them the gods in order to bring about the defeat of Marduk]-apla-iddina II Merodach-Baladan descendant of Yakī[n of Chaldean extraction the very image of an evil gal]lû demon I prayed t[o them w[ith supplications and en[treaties After I had carried out in full the festival of the great lord the god Marduk the cult centers of the land Sumer and Ak[kad",https://oracc.museum.upenn.edu/riao/Q006483?lang=en
372,ina šalaššerê palâ ina Ayyaru ina qerbeša Šuanna ṣindā ešēr akṣur ušmannātešunu <data> <data> <data> <data> <data> <data> <data> <data> <data> <data> <data> <data> <data> <data> <data> <data> <data> <data> ellāmēšun Bit-Zabidaya Iqbi-Bel Hursaggalli <data> <data> <data> <data> <data> <data> <data> <data> <data> <data> nišī Uri <data> <data> <data> x Kissik Nemed-Laguda <data> <data> <data> ašallal ana Dur-Yakin erēb dunnina kerhē ašla lapān dūr rabâ unessima <data> mē ina ammat rupšu harīṣi altakan <data> <data> nindan išpiluma akšud mê nagab butuqti ištu qerbeša Puratte abtuq arde tamerāti ušalla āl ašar amdahiṣ mê imlâ abtuq titūri šū adi rēṣēšu ṣāb tāhāz ina birīt nār kīma kumê kultār šarrūssa altakan akṣur ušmannātešunu,In my thirteen re]gnal y[ear in the month Ayyāru II I got my chariot te]ams ready i]n Šu]anna Babylon prepared my military c]amp Before my arrival he Marduk-apla-iddina evacuated the cities Bīt-[Z]abidāya Iqbi-Bēl Ḫu[rsaggalla carried off as booty the people of the cities Ur Kissik Nēmed-[Laguda and 375 and brought them into the city Dūr-Yakīn He then strengthened its enclosure walls and moving back a distance of one measuring rope from the front of its main wall he made a moat two hundred cubits wide he made the moat one and a half nindanu deep and reached ground water He cut a channel from the Euphrates River thereby making its water flow in)to its meadowland He thus filled the city’s flatlands where battles are fought with water and cut the bridges Together with his allies and his battle troops he pitched his royal tent in a bend of the river lit “between rivers” like a crane and set up his military camp,https://oracc.museum.upenn.edu/riao/Q006483?lang=en
384,ina qibētī Aššur Šamaš u Marduk mundahṣē el nār arâniš ippariš altakan dahtê šâšu adi kiṣir šarrūssa nīta alme kīma aslī ina pān šēp unappiṣ qurādēšu sisê ṣimdat nīr ina uṣṣi ušaqqir u šâšu ina ziqit mulmullī rittāšin apṭur kīma šikkê hallālāniš abul āl erēb Puqudaya <data> ša ittešunu <data> <data> <data> <data> <data> <data> imat mūt asluh nišī kultār šarrūssa ša ṣillaša hurāṣ šarrūssa haṭṭašu hurāṣ eršēt hurāṣ nēmed hurāṣ udê hurāṣ kasap iṣ māssu gangannišu tilli,At the command of the gods A[š]šur Šamaš and Marduk I had m]y fighting men fly over its water channels like eagles and they brought about his defeat I surrounded him together with his royal military contingent and slaughtered his warriors like sheep at his feet I pierced the horses trained to his yoke wi]th arrows Then as for him 390 I pierced lit “loosened” his hand with the poin[t of an a]rrow and he then entered the gat[e of his city ste]althfully like a mongoose I cut down the Puqudians his allie(s and the Maršanians together with the Sutians who were wi[th him in front of the gate of his city and splattered his people with deadly venom I took away from him his royal tent his royal gold parasol gold scepter gold bed gold ch[air gold and silver objects his potstands equipment and battle gear,https://oracc.museum.upenn.edu/riao/Q006483?lang=en
394b,anūt tāhāz ekēm kullat nišī āšib dadmē sihir māssu ša ištu pān kak aṣabbata pašēru adi sakullāt alap gammalī imērī u ṣēnašu ša <data> <data> <data> <data> šatti ummān Aššur gapšāte <data> ūm mušīti šallassin lā nība ašallal <data> <data> <data> nišī <data> līm <data> mē sisê <data> mē <data> parê <data> līm <data> ibilī <data> <data> immer ša ummān ašallal ina qerbeša ušmannātešunu amdahhar <data> <data> alap u ṣēnašu ša ina ramānī ētezib <data> alšu lā aṣê āl u lā naparkâ <data> <data> <data> <data> itâka āl akṣur kīma šah erreti ina qerbeša āl šupšuqiš ēsirma kirâtešunu akšiṭ gišimmari akkis ana mê dannāku ša harīṣi āl <data> rabâ arammē,"As for all his people the inhabitants of the settlements of all of his land whom he had from before my weapons and 395 settled in a secret place together with herds of cattle camel]s d[onkey s and sheep and go[ats which that man the numer]ou[s troops of the god Aššur required thr[ee days and night(s to carry them off as their countless booty and I received inside my military cam[p 90,580 people 2,500 horses 710 mules 6,054 camels and 40+[x sheep that my troops had carried off as booty oxen and sheep and goats that had been le[ft by themselves In order to prevent anyone going out from 400 his city or leaving it I constructed around his city and shut him up inside his city in dire circumstances like a pig in a pig[sty I chopped down his orchards and cut down his date palms To the mighty water]s of the moat of his city with a great I construct]ed lit “trod down” a siege ramp against it and r[aised the ramp up a[gainst its city wall",https://oracc.museum.upenn.edu/riao/Q006483?lang=en
402b,el akbus el dūr ašquma u šū hatta ramānī amqutma <data> <data> <data> <data> <data> <data> <data> <data> <data> <data> <data> <data> <data> <data> innabidūma lā amār ašar <data> <data> <data> <data> <data> <data> <data> <data> <data> <data> <data> <data> <data> <data> hurāṣ kasap tupninnāte ṣurri <data> <data> <data> <data> <data> <data> <data> <data> <data> <data> <data> <data> <data> <data> <data> <data> <data> u erâ uqnê ašpê <data> <data> <data> <data> <data> <data> <data> <data> <data> <data> <data> <data> <data> <data> <data> gimir šammē nabīssu <data> <data> <data> <data> <data> <data> <data> hurāṣ <data> <data> <data> hurāṣ tilli anūt <data> <data> kussâšu kasap paššur kasap anūt <data> <data> <data> <data> <data> <data> <data> rabâ <data> <data> <data> <data> <data> <data> <data> <data> <data> <data> <data> <data> <data> <data> <data> <data> <data> <data> <data> <data> <data> <data> <data> <data> <data> <data> <data> <data> <data> <data> <data> paššur <data> <data> <data> <data> <data> <data> <data> <data> <data> <data> <data> kasap anūt <data> <data> <data> <data> <data> <data> <data> <data> <data> <data> <data> lā mīna <data> <data> <data> <data> <data> <data> <data> <data> <data> <data> <data> ša ah x <data> <data> <data> <data> <data> <data> <data> arah <data> <data> <data> <data> <data> <data> <data> <data> <data> <data> <data> <data> <data> <data> <data> <data> <data> <data> <data> <data> <data> <data> <data> <data> <data> <data> <data> <data> <data> <data> imērī ibilī alap ṣēnašu <data> <data> <data> <data> <data> <data> <data> <data> Dur-Yakin āl dannīti ina gīri aqmi kerhē zaqri anappal anaqqar,Moreover as for h]im Marduk-apla-iddina II his own fear(s fell upon him and he f]led and his whereabouts have never been discovered gol]d si]lver chests full of obsidian 405 s s stone copper lapis lazuli jasp[er a]ll kinds of plants product(s of gold s gold equipment uten[sils silver th[rone]s silver tables ut[ensils 410 lar[ge s tables silver u[tensils in]numerable on the ba]nk of the river rout[e s s donkeys camels ox[en sheep and goats 415 I burned down his fort]if[ied city Dūr-Ya]kīn with f]ire I destroyed and demoli]shed its high enclosure walls I tor]e up its foundation(s and ma]de it like a ruin mou]nd left by the Deluge,https://oracc.museum.upenn.edu/riao/Q006483?lang=en
416b,temmēn assuh kīma tīl abūb ēmâ mār Sippar Nippur Babili Barsipa ša ina lā anna ina qerbeša kamû ṣibittašunu abātu kullum nūr eqel ša ištu ūm ullê ina ešâte māssu Sute ekēm ramānī atūra Sute ṣāb ṣēr ina kak amqutma kisurrî ekmūte atūra ašar ša Uri Uruk Eridu Larsa Kissik Nemed-Laguda altakan andurār u il,As for the citizens of Sippar Nippur Babylon and Borsippa who through no fault of their own had been held capti]ve t]her[e Dūr-Yakīn I put an end to their imprisonment and let them see the light of day With regard to their fields which long ago while the land was in disorder the Sutians had taken away and appropriated for their own I struck down those Sutians the people of the steppe with the sword I restored to their former status the ter]ritories that had been taken away from them the citizens 420 I re)-established the freedom from obligations of the cities Ur Uruk Eridu Larsa Kissik and Nēmed]-Lag[uda Moreover I returned their gods that had been carried off as booty to their cult centers and restored their regular offe[rings that had been interrupted,https://oracc.museum.upenn.edu/riao/Q006483?lang=en
421b,šallūte ana māhāz atūra sattukkēšu baṭalu atūra ašar Bit-Yakin eliš u šapliš adi Samʾuna Bab-duri Dur-Telite Bube Til-Humba ša miṣir Elamte mithāriš abēl nišī Kummuha ša qerbeša Hatti ša ina tuklāt il rabâ bēl akšud qāssa qerbeša armâ ašāb nidûssu el miṣir Elamte ina Sagbat Nabu-damiq-ilani ana aprus šēp nakirēšu Elamte arkus birāte,I ruled all toget[her the land Bīt-Yakīn from one end to the other lit “above and below” as far as the cities Samʾūna Bāb-dūri Dūr-Telīte Bubê and Tīl-Ḫumba which are on the Ela]mite border I se[ttled there people from the land Ku[mmuḫu which is located in the land Ḫatti that I had con]quered with the support of the great gods my lords and I had them occupy its Bīt-Yakīn’s abandoned regions I had Nabû-[damiq-ilāni construct a fortress on the Elamite border 425 at the city Sagbat in order to b]ar access to lit “the feet of” the enemy Elamite(s I divided up that land into equ]al parts and assigned them to the authority of a eun[uch of mine the governor of Bab]ylon and a(nother eunuch of mine the governor of the Gam]bu[lu tribe,https://oracc.museum.upenn.edu/riao/Q006483?lang=en
426b,māssu šatti malmališ azūz ina qāssa šūt rāšūʾa māssu Babili u šūt rāšūʾa māssu Gambulaya amna Uperi šar Dilmun ša mālak <data> bēr ina qabal tâmāti niphi šamaš šitkunā narbāṣu danān bēlūssu ašmâ aššânni tāmartašu,Up]ēri king of Dilmun who(se lai]r is situ[ated at a distance of thirty le[agues in the middle of the Eastern Sea heard of my lordly might and brought me his audience gift,https://oracc.museum.upenn.edu/riao/Q006483?lang=en
428,adi anāku dabdâšu Kaldaya u Arame altakan el nišī Elamte lišamrir kak šūt rāšūʾa māssu Que <data> <data> <data> <data> <data> <data> <data> <data> <data> <data> <data> <data> <data> <data> <data> <data> ša Mita šar Muski ina nagê adi šalāšīšu šilipu alāk <data> līm ṣāb tidūkima <data> <data> <data> <data> <data> <data> <data> <data> <data> <data> <data> sisê tāhāz ekēm <data> birāte tuklāt nagê ša ina šad marṣāti itâka <data> <data> <data> <data> adi āl ša libīt akšud ašallal šallassin anappal anaqqar ina išāti ašrup mār šipir ša amât damiqtim naṣû,While I was bringing ab]out the defea]t of the Chaldeans and Arameans and making my weapons prevail over the people of the land Elam a eunuch of mine the governor of the land Que Cilicia marched ly three times into the district of Mi]tâ Midas king of the land Musku and 430 took away one thousand of his Mitâ’s combat troops and their war horses He conquered two fortresses upon which his Mitâ’s district relied and which are located on a rugged mountain adjacent to together with the settlements in their environs He plundered them and then destro[yed dem]olished and burned them down with fire His messenger who bore the good news brought one thous[and face-(guards taken from his Mita’s wa]rriors as trophies to me in the city Samaʾū]na which is located on the Elamite border a]nd thus made my heart rejoice,https://oracc.museum.upenn.edu/riao/Q006483?lang=en
432b,<data> līm zīm pān qurādēšu ana Samʾuna ša patti Elamte adi mahar attabbal elēṣ libba u šū Mita Muskaya ša ana šar ab lā iknuša ana ašʾal šulme lā ašpur rakbâšu altakan lētu kišitte qāssa ša Aššur Marduk šutlimšu ahpi <data> Bit-Yakin ašallal nišī iknuša Uperi šar Dilmun ša qabal tâmāti ašmâ <data> <data> <data> ina qerbeša māssu rūqāti šahurratu atbuk mār šipir ša epēssu ardūssu u aššânni bilassun igisê ana tâmāti ša ṣīssun šamaš,Moreover th]at man Mitâ of the land Musku who had not submitted to the kings my ancestors and had never sent his mounted messenger to inquire about their well-being heard about the accomplishment of the victo[ri(es and conquest(s that the gods Aššur and Marduk had gr]anted me and of the destruction of Bīt-Yakīn the carrying off of its people and the subjugation of Upēri k[in]g of Dilm[un which is located in the middle of the sea Then in his far-o]ff land deathly quiet o[verwhelmed hi]m and he se]nt his mes]sen[ger before m[e a[t the Eastern Se]a to do obeisa]nce to me and to bring me tribute and pr]esents,https://oracc.museum.upenn.edu/riao/Q006483?lang=en
436b,adi mahar ašpur Silṭa <data> Ṣurraya <data> <data> <data> <data> ana māssu Aššur <data> <data> šar ša Yaʾ nagê ša Adnana ša mālak <data> ūm ina qabal tâmāti ereb šamaš šitkunā šubāt nesât ša ištu ūm ullê ana <data> <data> <data> <data> <data> kadrâ mithāriš <data> <data> <data> <data> <data> <data> <data> <data> <data> <data> akla <data> <data> <data> Silṭa maddatta kabitta aššânni ana iknuša <data> <data> <data> <data> <data> <data> <data> ērissunūti kitaršu šūt rāšūʾa lā ādir tāhāz ittešunu kiṣir šarrūssa ana atūra gimil ʾāri <data> <data> <data> <data> <data> <data> <data> <data> <data> <data> <data> <data> <data> <data> emūq Aššur amār ana siqiršin šum ašhut irmâ idāka hurāṣ kasap anūt ušî taskarinni,As for Silṭa of the city Ty]re to Assyr[ia seven k[ing]s of the lan]d Yāʾ a district of the land Adnana Cyprus — who[se abode(s are situated far away at a distance of seven da[ys journey in the middle of the West]ern Sea and who fr]om the dis[tant pa[st until now all together stopped the delivery of their gift(s they withheld However Silṭ]a brought his substantial tribute to me and in or]der to subjugate he a[sked me for military aid I sent a eunuch of mine who was fe[ar]less in battle with a royal military conti[ngent of mine to avenge him Silṭa they saw the fo]rces of the god Aššur Then they became afraid a[t the mere me]ntion of my name and the[ir arms grew weak They bro[ught bef]ore me in Babylon gold sil[ver and utensils of ebony and boxwood product(s of the[ir land an]d so I conside[red them,https://oracc.museum.upenn.edu/riao/Q006483?lang=en
441b,nēpešti māssu ana qerbeša Babili ana mahar aššânni <data> <data> <data> <data> amna Muttallu Kummuhaya Hatte lemnēte lā ādir siqiršin il <data> <data> <data> <data> <data> <data> <data> <data> <data> <data> <data> <data> <data> <data> <data> <data> <data> <data> <data> <data> <data> <data> <data> <data> <data> <data> <data> <data> <data> <data> <data> <data> <data> Melid āl rabâ adgul pān el hursānī zaqri atkal <data> <data> <data> <data> <data> <data> <data> <data> <data> <data> <data> <data> <data> maddatta akla ana ašʾal šulme ana qerbeša Bit-Yakin adi mahar lā ašpur rakbâšu u šū alaktašu gerra ša qerbeša māssu Aššur u epissun ina Kaldaya Elamte epēssu ašmâ atbuk hatta ana <data> <data>,Mutallu of the lan]d Kummuḫu — an evil Hittite who did not fe]ar the words of the gods and to who]m I had entrusted the c]ity M]elid his great city — put his trust in the high mountains withheld his tri]bute and did not se]nd his mounted mess[enger before me in the land Bīt-Yakīn to inquire about my well-being However when that man 445 heard of the advan]ce of my expeditionary force which was already in Assyria and of the deeds I had been doing among the Chaldeans and in the land Elam fear overwhelmed him He conferred lit “confers” with his advisors day and night lit “night and day” in order to and to save his own life and to take to the rugged mountains,https://oracc.museum.upenn.edu/riao/Q006483?lang=en
446b,u ētezib napištašu mūša u urra ittešunu mālik ātammuma <data> ana elê šad marṣāti šūt rāšūʾa <data> <data> <data> <data> ittešunu ummān rapašti ittešunu kiṣir šarrūssa ʾāri ṣēr <data> bēr qaqqar pān alāk gerra <data> <data> <data> <data> alti mār mārassu ētezib ēdānuššu ipparaššidu lā amār ašar āl šatti alme alti mār mārassu <data> ittešunu nišī māssu sisê parê imērī gammalī alap u ṣēnašu ana šallassin amna aptâ bīssu niṣirtašu <data> hurāṣ kasap lubulti birmē u kitê takilte argamanni mašak pīri šinni pīri ušî taskarinni niṣirtašu ēkal,I sent against him eunuchs of mine provincial governors wi[th their extensive troops along with my royal military contingent When there was still a distance of six leagues for my expeditionary force to go he abandoned his wi]fe his sons and his daught]ers fled away by himself and his whereabouts have never been discovered They the Assyrian troops surrounded that city Melid and counted as booty his wife his son[s and his daughters along with the people of his land horses mules donkeys camels oxen and sheep and goats They opened his treasure house 450 to]ok g]old silver gar[men]ts with multi-[co]lored trim and linen garments blue-purp]le wool red-purple wool elephant hide(s elephant ivory ebony and boxwood the treasure of his palace and brought these befor[e m]e in the city Kalḫu,https://oracc.museum.upenn.edu/riao/Q006483?lang=en
451b,aššânni ana qerbeša Kalha adi mahar attabbal āl šatti ana eššūte aṣabbata nišī Bit-Yakin kišitte qāssa ina libba ašāb šūt rāšūʾa bēl el altakan tartannu bīssu šumēla aqabbû <data> <data> <data> <data> <data> <data> <data> <data> el ša mahar ikūn kussâšu <data> mē <data> narkabat <data> līm <data> mē pēthal <data> līm ṣāb qašassu <data> līm nāš gabābī u azmarānê ina libba akṣur adgul pān ittešunu bēl māssu amna <data> <data> <data>,"I re[or]ganized that city Melid and settled there the people of the land Bīt-Ya[kīn that I had conquered I s[e]t a eunuch of mine as provincial governor over them I named him field marshal of the left wing of the army lit “field marshal of the house of the left” and I made his throne firm[er than before I conscripted from among them 150 chariot(s 1,500 cavalry 20,000 bowm[en and 10,000 shie[ld and spear bearers and entrusted them to him I considered him as one of the provincial gov]ernors of my land and",https://oracc.museum.upenn.edu/riao/Q006483?lang=en
455,Dalta šar Ellipi ša ina alāk gerra mahar <data> <data> <data> <data> <data> Aššur <data> <data> <data> <data> <data> <data> <data> uṣurāt adānka akšud šīmāt attabbal <data> <data> <data> <data> <data> <data> alāk arah mūt Nibe Ispa-bara mār ahāt ana ašāb kussâšu šarrūssa ittešunu <data> <data> <data> <data> <data> <data> <data> <data> <data> <data> <data> <data> <data> <data> <data> tuqmāte <data> <data> <data> <data> <data> epēssu tāhāz Nibe alšu atūra gimil el Ištar-Nanhundi Alamu urriha mār šipir kitaršu addin <data> <data> <data> <data> <data> <data> <data> <data> <data> <data> <data> alāk rēṣūssu Ispa-bara <data> <data> adāru ana eṭēr napištašu ina supê u tēmēqi ṣullâ ērissunūti kitaršu <data> šūt rāšūʾa bēl ana atūra gimil ašpur dīktaša ša Nibe maʾassi addūk šū adi <data> līm <data> mē Alamu ṣāb qašassu ana ētezib napištašu ipparaššidu,At that time the appointed moment came for Daltâ king of the lan]d Ellipi who/whom during the course of my previous campaign the god Aššur and so his fate carried him off and his he wen[t the way of death In order to ascend his royal throne Nibê and Ašpa-bara sons of his siste]rs with wa]rf[are th[ey were doing battle with one another Nibê quickly sent a messe]nger to Šutur-Na]ḫūnd[i the Elamite in or]der to get revenge He Šutur-Naḫūndi gave him military aid and 460 and came to his assista[nce Aš[pa-bara took fright at his and in order to save his li[fe he besought me with supplications and entreaties and asked m[e for military ai[d I sent seven of my eun]uchs provincial governors to avenge him They inflicted a major defeat on Ni[b]ê As a result that man toge[ther with four thousand five hundred Elamite bowmen fled in order to save their lives and went up to the city Marubištu,https://oracc.museum.upenn.edu/riao/Q006483?lang=en
463b,<data> <data> <data> Marubišti elê ana Marubišti birāte ša el ubān šad gapšāte aṣâma ittešunu šikin urpat <data> <data> <data> <data> <data> <data> birāte šatti huhāriš ashup šâšu adi mundahṣē ina ṣiṣṣī u išqātē adi mahar attabbal āl Marubišti ana eššūte aṣabbata ṣāb kādi <data> <data> <data> <data> <data> <data> elê el gimir Elamte atbuk šahrartu nišī Ellipi ana patti gimir šubāt nēhte ašāb nīr bēlūssu ēmid,To the city Marubištu a fortress that rises up on the peak of a mass[ive mountain and reaches up among the cloud[s They the Assyrian troops overwhelmed that fortress as with a bird trap and they then brought bef[ore me that man Nibê together with his fighting men in m]anacles and handcuffs 465 I reorganized the administration of his city Marubištu and stationed garrison troops I had deathly silence de]scend over all the land E]lam I allowed the people of the land Ellipi to its fu]ll extent to live in peace I impo[sed the yoke of my lordship upon them and they now pull my yoke,https://oracc.museum.upenn.edu/riao/Q006483?lang=en
467b,išâṭ abšānī ina ūm ina tenēšet nakirēšu kišitte qāssa ša Aššur Nabium u Marduk iknuša ana šēp ina šēp Muṣri šad elāni Nina kī ṭēm il ina bibil libba āl epēssu Dur-Šarrukin,At that time using as laborers en[em]y people whom I had ca[ptur]ed and wh]om the gods Aššur Nabû and Marduk had made bow down at my feet and in accordance with divine will and m]y heart’s desire I bui]lt a city at the foot of Mount Muṣ[ri a mountain upstream from Nineveh and I nam]ed it Dūr]-Šarruk[īn,https://oracc.museum.upenn.edu/riao/Q006483?lang=en
469b,attasqara nibīssun Ea Sin Šamaš Nabium Adad Ninurta u hīrat rabâ ša ina qerbeša Ehursaggalkurkurra šad Aralli kēniš iʾʾaldu aširte namrāti sukkī naklāti ina qerbeša Dur-Šarrukin ṭābiš armâ sattukkēšu lā narbâte ešqī ikūn nêšak ramkī surmahhī šūt ithuzū nindan lāmid pirište,The gods Ea Sîn Šamaš Nabû Adad N[inurta and their great spo]uses wh]o were duly born inside Eḫursaggalkurkurra “House the Great Mountain of the Lands” the mountain of the netherworld gladly took up residence in resplend]ent san]ctuaries and artfully-built shrines in]side the city Dūr-Šarrukī]n I established innumerable regular offerings as their shares of temple income I had nešak]ku priest]s ramku priests surmaḫḫu priests men well versed in the[ir fields of knowl]edge and initiated in secret rites and naṭpu-[ecst]atics serve them lit “[stand before them”,https://oracc.museum.upenn.edu/riao/Q006483?lang=en
472b,angubbê naṭpūti mahar azziz ēkal šinni pīri ušî taskarinni musukkannī erēnī šurmēni daprāni burāši u buṭni Egalgabarinutukua ana mūšab šarrūssa ina qerbeša abnâ el mušarâ hurāṣ kasap uqnê ašpê parūti erâ annaki abāri u hibišti riqqī uššē addâ libittašin ikūn gušūrī erēnī rabâ el atruṣma dalāt šurmēni musukkannī meser erâ namrāti arkus arti nēreb bīssu appāte tamšīl ēkal Hatti ša ina lišān māssu Amurre bīssu hilāni alsâ,I built in[side it the city a pa]lace using lit “of” elep[hant ivory ebony boxwood musuk]kan[nu wood cedar cyp[ress daprānu juniper juniper and terebinth namely the Egalgabarinutukua “Palace That Has No Equal” to be my royal residence and laid their foundations up]on inscr[ibed object]s made of gold silver lapis lazuli jas]per par[ūtu alabaster copper tin lead and pieces of aromatic wood[s Then I established their brickwork and roofed them with larg]e cedar beam]s 475 I bound the doors of cypress and mus[ukkannu wood with band(s of shining copper and installed them in their entrance(s I had bu]ilt in front of th[eir gat]es a po]rt[ico bīt appāti a replica of a Hittite palace which is called a bīt ḫilāni in the language of the land Amurru,https://oracc.museum.upenn.edu/riao/Q006483?lang=en
477b,epēssu mahirat bāb <data> urmahhē tūʾamāte šūt <data> šār nēr <data> šūš <data> bilassun maltakti erâ namrāti ša ina šipir Ninagal nakliš aptiq malâ namrīr <data> timmē erēnī šutāhāte ša <data> nindan kuburšu bibil Hamana el piriggallē ikūn adappī kulūl bāb ēmid immer šad lamassāt ṣīrāte ša aban šad ešqi nakliš abnâ ana erbaʾi šāri aṣabbata sigar asmā askuppāt pēli rabâ dadmē kišitte qāssa ṣēr abšimma asurrûšin ishur ana tabrât alāk tenēšet mātitān ša ištu ṣītān adi šīlān ina emūq Aššur bēl akšud ina šipir urrākūte ina qerbeša ēkal šâtina altakan,"Eight t]win l]ion colossi of shining copper that weigh 4,6[10 full lit “tested” talents and that were skill]fully ca]st by the craft of the god Nin]ag[al and filled with radiance — upon those lion colossi I installed four ma]tching cedar columns whose diameter(s are one nindanu ea]ch the product of Mo]unt Amanus and I positioned cross-beams upon them as a cornice for their ga[te]s I skill[fully fashioned magnificent mountain sheep colossi of massive mountain stone and 480 in the four dir]ections I had them hold their the gates’ respective lit “fitting” door bolt(s I dep]icted the settle]ments that I had con[quered upon large limestone s[la]bs and surrounded their the palatial halls’ lower cou]rses with them I made them an object of wonder I plac[ed in]si[de these pala]tial halls represe]ntations — made by the craft of the sculptor — of the people of every la]nd that I had conquered from ea[st t]o wes[t by the strength of the god Aššur my lord",https://oracc.museum.upenn.edu/riao/Q006483?lang=en
483b,simat ina arah šemê ūm mitgāri Aššur ab il bēl rabâ il u ištar āšib māssu Aššur qerbeša aqre kadrâ ṣāriri ruššê ṣarip ebba igisê šadal tāmartašu kabitta amdahhar elēṣ nupāra gumāhī bitrê šuʾē marê kurkī paspasī šummē izhēt nūnī u iṣṣūr hegal apsê ša lā īšâ miṭīta kurunni lallāru bibil māssu ella kišitte qāssa ša ana ešqī šarrūssa liṣṣib zārîšunu il Aššur ittešunu nīq šagigurê ebba qutrinnī šurruhāku tamqītī lā narbâte mahar aqqâ alšu šaṭāpu napištašu ūm rūqāti addin u ikūn palâ naʾdiš akmis utnennu,In a favorable month on an auspicious day I inv[ited the god Aššur the father of the gods the great lord and the gods and goddesses who dwell in Assyria to come inside them and I of[fe]red them the gods gif]ts of red ṣāriru gold and pure si[lv]er extensive pr[esen]ts as my substantial audience gift I thus 485 made the]ir the gods’ mo[ods j]oy[ful I offered before them prize b[u]lls in prime condition fa]ttened sheep ge]ese duc]ks dormice strings of fish and bird[s the we]alth of the Deep apsû that never lessens ku[runnu-beer and whi[te honey pr]oducts of the pure mountains that I had conquered which the pro[genit]or of the gods the god Aššur had added to my royal l[ot along with pur]e voluntary sacrific]es splendid incense offerings and in[nu]merable libations Reverently I knelt and prayed before him that he preser[ve my lif[e give me a l[ong life and fir]mly est[ablish my reign,https://oracc.museum.upenn.edu/riao/Q006483?lang=en
489b,mahar ištu māssu rabâ Enlil bēl māssu āšib Ehursaggalkurkurra u il āšib māssu Aššur ina tamgīti u zamār taknê atūra āl ittešunu malik mātitān bēl pāhāt māssu akli šāpirī rubâtu šūt rāšūʾa u šībī māssu Aššur ina qerbeša ēkal ašāb altakan nigûte hurāṣ kasap anūt hurāṣ kasap binût šad kal riqqī šaman ṭāba lubulti birmē u kitê takilte argamanni mašak pīri šinni pīri ušî taskarinni mimma aqarte niṣirtašu šarrūssa sisê Muṣri ṣimdat nīr rabâ parê imērī gammalī alap u ṣēnašu <data> maddatta kabitta amdahhar,After the great mountain the divine En]lil Aššur the lord of all lands who dwells in E[ḫurs]agga[l­kur]­kur[ra and the other gods who d]we[ll in Assyria had returned to their c[ity amid so[ngs of joy 490 and hymns of pra]ise with rul[ers from every la]nd provi[ncial gove]rnors of my land overseers commanders nob[les eun]uchs and elders of Assyria I sat down in]side my pal]ace and h[e]ld a fes[ti]val I received as their substantial tri[bute gol]d s[ilv]er ut[ensils of gold and sil[ver produ]ct(s of the mountain[(s every kind of aromatic fine oil gar[men]ts with multi-colored trim and linen garments blue-[pur]ple wool red-purple wool elepha]nt hide(s elep[hant ivory ebony boxwood everything valuable royal treasure large Egy]ptian horses that are trai[ne]d to the yoke mules donkeys camels oxen and sheep and goats,https://oracc.museum.upenn.edu/riao/Q006483?lang=en
495,āl itût kūn libba u ēkal šâtu Aššur ab il ina immerū būnâšu ella kēniš appalisma ana ūm rūqāti ēteneddišu attasqara ina pâ ella altakan šēd nāṣir il mušallim imma u mūša qerbeša lištabrâ ai ipparakkû idāka qibētī malik bān šēbūta alāk akšud littūti ana ūm dārê libūr epissun ina šapassu ella aṣê āšib ēkal šâtunu ina ṭūb šīr nūg libba u immerū kabatsu qerbeša lišālila išabbû buʾārī ina <data> <data> <data> <data> <data> <data> <data> <data> <data> <data> <data> <data> <data> <data> <data> būšašu māssu nakirēšu šadal igisê dadmē nuhše kibrāt hiṣba šad u tâmāti,May the god Aššur the father of the gods look steadfastly upon this city that has been d[uly selected by me lit “the ch[oice of the steadfastness of my heart]” and upon this palace with his holy ra]dia[nt fa[ce and may he ordain the]ir renovation for future days May the following command c[ome from lit “be s[et in” his ho]ly mouth May the guardian spirit and the prot]ect[ive god stay continually in them d[a]y and nig[ht and may they never leave them At his command may the r[uler who constructed them li]ve l[ong and reach 500 extreme old a]ge May th]eir bu[ilder remain in good health for]ev[er May this command iss[ue from his the god Aššur’s h]o[ly lips May the one who d]wells inside these palatial hall(s rejoi]ce th[er]e in physical well-being merriment and h]appiness and be fully satisf]ied with his good fortune In May I store up inside it the palace extensive prop[erty taken from enemy land]s presents from every set]tl[ement the yield of the four quar[ters of the world and the wealth of both the mountain(s and the seas,https://oracc.museum.upenn.edu/riao/Q006483?lang=en
506b,aqrunma qerbeša ana arkâssu ūm rubâtu arkīti ina šar mār anhūssa ēkal šâtu ēteneddišu mušarâ amār šaman apšuš nīq aqqâ ana ašar,In day[s to come may a future ruler among the king]s m[y descendants renovate any dilapi]da[ted sections of this pal]ace May he then discover my inscribed object a]noint it with oil offer a sac[rif]ice and return it to its original place The god Aššur will then listen to his pra[yers,https://oracc.museum.upenn.edu/riao/Q006483?lang=en
509b,atūra Aššur ikrib ašmâ munakkir šiṭir u šum Aššur bēl šarrūssa askip šum zēr ina māssu halāq ai aršâ rēma,As for the one who alte]rs my inscri[ption or my name may the god Aššur my lord overthrow his kingship May he the god Aššur make his name and his descendant(s disappear from the land and may he have no pity on him,https://oracc.museum.upenn.edu/riao/Q006483?lang=en
