﻿line,akkadian,english,source
1,Salmanu-ašared malik daʾʾat itpēšu nišīt Enlil u Ninurta <data> <data> <data> <data> mūdê <data> rēʾi kēni šar kibrāt erbaʾi pālih il rab mār Aššur-naṣir-apli šangê ṣīra ša sikiptašu lā māgir altakan nabīssu ella ša Tukulti-Ninurta ša zāʾeriki anār asappan abūbāniš,Shalmaneser III strong and wise ruler chosen of the gods Enlil and Ninurta expert faithful shepherd king of the four quarters of the world worshipper of the great gods son of Ashurnasirpal II exalted priest who always achieved the defeat of those insubmissive to him pure offspring of Tukultī-Ninurta II who slew his enemies and annihilated them like a flood,https://oracc.museum.upenn.edu/riao/Q004621?lang=en
6,in šurrât šarrūssa ša in kussâm šarrūssa rabêš ašāb narkabat ummān adakkekama in nērab ša Simesi erāba Aridi āl dannīti,At the beginning of my reign after I sat on the throne of my royal majesty in a grandiose manner I mustered my chariots and troops I entered the pass of the land Simesi and captured the city Aridu the fortified city of Ninni,https://oracc.museum.upenn.edu/riao/Q004621?lang=en
8b,ša Ninni akšud in ištât palâ Purate in mēliša ēber ana tâmāte ša šulme Šamaš alāk kak in tâmāte ullil nīq ana il aṣabbata ana šad Hamana elê gašūrī erēna burāšī akkis,In my first regnal year I crossed the Euphrates River in flood and marched to the Sea of the Setting Sun I washed my weapons in the sea and made sacrifices to my gods I climbed up Mount Amanus and cut down beams of cedar and juniper I climbed up Mount Lallar and erected a statue of my royal majesty therein,https://oracc.museum.upenn.edu/riao/Q004621?lang=en
11b,ana Lallar elê ṣalam šarrūssa in libba atazziz in šanê palâ Diglat ēber ana Til-Barsip aqribma āl ša Ahuni mār Adini akšud in āl ēsir Purate in mēliša ēber Dabigi birāte ša Hatta,In my second regnal year I crossed the Tigris River and approached the city Tīl-Barsip Barsaip captured the cities of Aḫūnu of Bīt-)Adini lit “son of Adīnu” and confined him to his city I crossed the Euphrates River in flood and captured the city Dabigu a fortress of the land Ḫatti together with cities in its environs,https://oracc.museum.upenn.edu/riao/Q004621?lang=en
14b,adi āl ša libīt akšud in <data> palâ Ahuni mār Adini išdu pān kak daʾʾat aplah Til-Barsip āl šarrūssa mušširannâti Purate ēber Ana-Aššur-uter-aṣbat ša šēp ammâte ša Purate ša el Sagura ša amēl Hattaya Pitiru aqabbû ana ramānī aṣabbata in tayyarat in nērab ša Alzi erāba Alzi Suhme Daiaeni Tumme Arṣašku āl šarrūssa ša Arrame,In my third regnal year Aḫūnu of Bīt-)Adini lit “son of Adīnu” became frightened in the face of my mighty weapons and abandoned the city Tīl-Bar[sip his royal city He crossed the Euphrates River I took as my own the city Ana)-Aššur-utēr-aṣbat which is on the other side of the Euphrates River by the Sagurri River which the people of the land Ḫatti call the city Pi[tru On my return march I entered the pass of the land Alzi and captured the lands Alzi S[uḫnu Daiaeni and Tummi the city Arṣaš]kun the royal city of Arrāmu of the land Urarṭu the lands Gilzānu and Ḫubuškia,https://oracc.museum.upenn.edu/riao/Q004621?lang=en
20b,Uarraṭaya Gilzani Hubuške akšud in <data> palâ Purate in mēliša ēber arkešu Ahuni mār Adini alāk Šitamrat ubān šad ša ah Purate ana dannīti altakan ubān šad albišu akšud Ahuni adi il narkabat sisê mār mārassu <data> līm <data> līm ummān anassah,"In my fourth regnal year I crossed the Euphrates River in flood and marched in pursuit of Ahunu of Bīt-)Adini lit “son of Adīnu” He had made as his stronghold Šītamrat a mountain peak on the bank of the Euphrates River I besieged and captured th(at mountain peak I uprooted Aḫūnu together with his gods his chariots his horses his sons his daughters and 22,000 of his troops and brought them to my city Aššur",https://oracc.museum.upenn.edu/riao/Q004621?lang=en
24b,ana āl Aššur ābilāt in šanāt šiāti Kullar abbalkit ana Mazamua ša bētāni arād āl ša Nikdera Idaya Nikdema,In this same year I crossed Mount Kullar went down to the interior of the land Zamua and captured the cities of Nikdēra of the land Idu and the other Nikdēra,https://oracc.museum.upenn.edu/riao/Q004621?lang=en
26b,akšud in <data> palâ ana Kašari elê <data> āl daʾʾat akšud Anhitte Šubriaya in āl ēsir maddanāti amdahar,In my fifth regnal year I ascended Mount Kāšiāru and captured eleven fortified cities I confined Anḫitti of the land Šubria to his city and received his payment,https://oracc.museum.upenn.edu/riao/Q004621?lang=en
28,in <data> palâ ana āl ša šiddi Baliha aqribma Ge-ammu āl addūak ana Til-ša-turahi erāba makkūr maʾassi adi ēkal ašša āl ana ramānī aṣabbata Purate in mēliša ēber maddanāti ša šar ša Hatta kal amdahar in ūm Adda-idri Imeri Irhulena Amataya adi šar ša Hatta u ah tâmāte ana emūq ahāmeš atkal ana epāš qabal u tāhāssu ana irassun atbīma in qibēti Aššur bēl rab bēl Ninurta rāʾim šangûssu issišunu amdahaṣ dabdâ altakan narkabat pēthal anūt tāhāssu ekēm <data> līm <data> līm ṣāb tidūki in kak amqutma sitāt ṣāb ša in pān kak ipparaššidu,"In my sixth regnal year I approached the cities on the banks of the Balīḫ River and they killed Gē-ammu their city ruler I entered the city Tīl(-ša)-turāḫi I carried off his numerous possessions 30 together with his palace women and took the city as my own I crossed the Euphrates River in flood and received the payment of all of the kings of the land Ḫatti At that time Hadad-ezer Adda-idrī of Damascus and Irḫulena of the land Hamatt together with the kings of the land Ḫatti and on the shore of the sea trusting in their united forces attacked me to wage war and battle By the command of the god Aššur the great lord my lord and the god Ninurta who love 35 my priesthood I fought with them and defeated them I captured from them their chariotry cavalry and military equipment and struck down 29,000 of their fighting men with the sword I threw the remnant of their troops who had fled in the face of my weapons into the Orontes River",https://oracc.museum.upenn.edu/riao/Q004621?lang=en
38b,in Aramtu asbuk in <data> palâ ana āl ša Habini Til-abnaya alāk Til-abne āl dannīti adi āl ša libīt akšud adi rāšūʾa ēna ša Diglat alāk kak Aššur in libba ullil nīq ana il aṣabbata naptan hudûtu altakan ṣalam šarrūssa šurbâ epāš tanadāte Aššur bēl alkakāt qurdi mimma ša in māssu epāš in qarbešunu alṭur,In my seventh regnal year I marched to the cities of Ḫabīnu of the city Tīl-abnē I captured the city Tīl-abnē his fortified city together with the cities 40 in its environs I marched to the source of the Tigris River I washed the weapon of the god Aššur therein made sacrifices to my gods and put on a joyful banquet I created a colossal statue of my royal majesty and wrote thereon praises of the god Aššur my lord and my heroic deeds that I had accomplished in the lands I erected it therein,https://oracc.museum.upenn.edu/riao/Q004621?lang=en
44b,in libba atazziz in <data> palâ Nabu-apla-iddina šar Karduniaš šad ēmessunu Marduk-zakir-šumi mār kussâm aṣabbata Marduk-bel-usate ah duppussû issišunu lū abbalkit māssu malmališ azūz Marduk-zakir-šumi ana muhha Salmanu-ašared ʾāri rakbâšu Salmanu-ašared ālali šamri ša tuklāt Ninurta aṣabbata harrān ana māssu Akkad alāk aqabbû <data>,In my eighth regnal year Nabû-apla-iddina the king of Karduniaš Babylonia 45 passed away and Marduk-zākir-šumi his son took the throne Marduk-bēl-usāti his younger brother rebelled against him and they divided the land equally Marduk-zākir]-šumi sent his messenger with a plea for help to Shalmaneser III Shalmaneser III the vigorous hero whose support is the god Ninurta took the road and ordered the march to the land Akkad I captured the city Mê]-Turnat,https://oracc.museum.upenn.edu/riao/Q004621?lang=en
50b,Me-Turnat akšud <data> in <data> palâ šaniutēšu ana māssu Akkad alāk  Barsipa Kute alāk nīq in Babili Barsipa Kute epāš qīšāssu ana il rab aqīssu ana ṣāb kidin qerēti altakan lubultē attalbiš ana Kaldi arād āl akšud maddanāti ša šar Kaldi amdahar šurbat kak adi tâmāte ša Marrate aqabbû asahhap,In my ninth regnal year for a second time I marched to the land Ak[kad I marched to Babylon 60´ Borsippa and Cutha and made sacrifices in Babylon Borsippa and Cutha and presented offerings to the great gods I established protection for the people at a banquet and dressed them in garments I went down to Chaldea and captured their cities I received the payment of the kings of Chaldea Awe of my weapons overwhelmed them as far as the sea which is called the Bitter Sea,https://oracc.museum.upenn.edu/riao/Q004621?lang=en
66',in <data> palâ <data> Purate ēber āl ša Sagara Gargamišaya akšud išdu āl ša Gargamišaya ammušma ana āl ša A-rame aqribma Arne āl šarrūssa adi <data> mē āl ša libīt akšud abbul,In my tenth regnal year I crossed the Euphrates River for the eighth time I captured the cities of Sangara of the city Carchemish Moving on from the cities of the Carchemishite I approached the cities of A(b)-rāmu Abi-rāmu and captured Arnê his royal city together with 100 cities in its environs I destroyed demolished and burned with fire those cities,https://oracc.museum.upenn.edu/riao/Q004621?lang=en
71'b,anaqqar in išātāti ašrup in <data> palâ <data> Purate ēber <data> āl ša Sagara <data> mē ša A-rame akšud abbul anaqqar in išātāti ašrup šiddi Hamana aṣabbata Yaraqi abbalkit ana āl ša Amataya arād Abšimaku adi <data> āl akšud abbul anaqqar in išātāti ašrup in ūm Adda-idri Imeri Irhulena Amataya adi <data> šar ša Hatta ša šiddi tâmāte ana emūq ahāmeš atkal issišunu amdahaṣ dabdâ altakan ṣāb tidūki in kak amqutma,In my eleventh regnal year I crossed the Euphrates River for the ninth time I captured ninety-seven cities of Sangara I captured destroyed demolished and burned with fire 100 cities of A(b)-rāmu Abi-rāmu I took to the slopes of Mount Amanus crossed Mount Yaraqu and descended to the cities 75´ of the people of Hamath I captured destroyed demolished and burned with fire the city Aštammaku Abtammaku together with eighty-nine other cities At that time Hadad]-ezer Adda-idrī of Damascus and Irḫulena of the land Hamath together with twelve kings of the land Hatti on the shore of the sea 80´ trusted in their united forces and I fought with them and defeated them I struck down their fighting men with the sword,https://oracc.museum.upenn.edu/riao/Q004621?lang=en
82',in <data> palâ <data> Purate ēber ana Paqarahubuni alāk nišē šad marṣa aṣabbata dīkāti addūak šallassin būšašu išdu qarbešunu šad arād,In my twelfth regnal year I crossed the Euphrates River for the tenth time and marched to the city Paqarḫubuni The people took to a rugged mountain I massacred them and brought plunder and possessions of theirs down from th(at mountain,https://oracc.museum.upenn.edu/riao/Q004621?lang=en
85',in <data> palâ in nērab ša Ištarate erāba ana Mateiate alāk Mateiate ana sihir,In my thirteenth regnal year I entered the pass of the city Ištarāte marched to the city Matiātu and captured the city Matiātu in its entirety I plundered their holdings and possessions,https://oracc.museum.upenn.edu/riao/Q004621?lang=en
87'b,akšud šallassin būšašu assalla in <data> palâ māssu rapalti ana lā māni adakkekama issišunu <data> mē līm <data> <data> <data> atkal <data> lubultē <data> issišunu amdahaṣ dabdâ altakan narkabat pēthal aṣēʾ anūt tāhāssu ekēm ana ētazbū napištašu elê,"In my fourteenth regnal year I mustered the troops of my extensive land in countless numbers and crossed the Euphrates River in flood with 1[20,000 troops 91´ They trusted in their united forces and garments I fought with them and defeated them I destroyed their chariotry and cavalry and took away their military equipment In order to save their own lives they ran away",https://oracc.museum.upenn.edu/riao/Q004621?lang=en
96',<data> <data> <data> <data> <data> <data> <data> <data> <data> <data> <data> <data> <data>,In my fifteenth regnal year,https://oracc.museum.upenn.edu/riao/Q004621?lang=en
102',<data> <data> <data>  Ianzu <data>,In my sixteenth regnal year Ianzû of Bīt-)Ḫamban lit “son of Ḫamban”,https://oracc.museum.upenn.edu/riao/Q004621?lang=en
116',in <data> palâ Purate ēber maddanāti ša šar ša Hatta amdahar ana šad Hamana elê gašūrī erēna akkis ana āl Aššur ābilāt in tayyarat <data> <data> <data> <data> <data> <data> <data> <data> <data> <data> <data> <data>,In my seventeenth regnal year I crossed the Euphrates River and received the payment of the kings of the land Ḫatti I ascended Mount Amanus cut down beams of cedar and brought them to my city Aššur On my return march from Mount Amanus,https://oracc.museum.upenn.edu/riao/Q004621?lang=en
122'b,<data> <data> in samānēšret palâ <data> Purate ēber Haza-il Imeri ana gipiš ṣāb atkal ṣāb ana maʾdiš adakkekama Saniru ubān šad ša pūssa Labnana ana dannīti altakan <data> <data> ṣāb tidūki in kak amqutma <data> līm <data> mē <data> narkabat <data> mē <data> pēthal issišunu ušmannašu ekēm ana ētazbū napištašu elê arkešu arde in Dimašqa āl šarrūssa ēsir kirâtešunu akkis kurillašu in išātāti ašrup adi šad Haurani alāk āl ana lā māni abbul anaqqar in išātāti ašrup šallassin assalla ana šad Baʾali-raʾasi ša pūssa tâmāte ša pūssa Ṣurri alāk ṣalam šarrūssa in libba atazziz maddanāti ša Baʾali-manzeri Ṣurraya ša Iau mār Humri amdahar ana Labnana lū elê ṣalam šarrūssa issišunu ṣalam ša Tukulti-apil-Ešarra rubā,"In my eighteenth regnal year I crossed the Euphrates River for the sixteenth time Hazael of Damascus trusting in the might of his soldiers carried out an extensive muster of his troops He fortified Mount Saniru a mountain peak 125´ that is before Mount Leban]on I struck down 16,020 of his fighting men with the sword and took away from him 1,1[21 of his chariots and 4]70 of his cavalry with his military camp In order to save his own life he ran away but I pursued him I imprisoned him in Damascus his royal city 130´ cut down his gardens and burned his shocks I marched to Mount Ḫaurānu and destroyed demolished burned with fire and plundered cities without number I marched to Mount Baʾali-raʾasi which is a cape jutting out into the sea before Tyre and erected a statue of my royal majesty there I received the payment of Baʾal-manzē(r 135´ of Tyre and Jehu Iāūa of Bīt-)Ḫum]rî Israel lit “[son of Om]ri” I ascended Mount Lebanon and erected a statue of my royal majesty with a statue of Tiglath-pileser I a ruler who came before me",https://oracc.museum.upenn.edu/riao/Q004621?lang=en
137'b,ālik pān atazziz in <data> palâ <data> Purate ēber maddanāti ša šar ša Hatta amdahar ana Hamana elê gašūrī erēna burāšī akkis <data> <data> <data> <data> <data> <data> <data> <data> <data> <data>,In my nineteenth regnal year I crossed the Euphrates River for the seventeenth time and received the payment of the kings of the land Ḫatti I ascended Mount Amanus cut down beams of cedar and juniper and brought them to my city Aššur On my return march from Mount Amanus I slew ten perfect specimens of strong horned wild bulls and two calves by the city Zuqarri which is on the opposite bank of the Euphrates River,https://oracc.museum.upenn.edu/riao/Q004621?lang=en
143'b,<data> addūak in <data> palâ <data> Purate ēber šar ša Hatta kal issišunu adakkekama Hamana abbalkit ana āl ša Katea Quaya arād Lusanda Abarnani Kisuatni āl daʾʾat adi āl ana lā māni išdu rāšūʾa āl adi ganni āl akšud dīkāti addūak šallassin assalla <data> ṣalam šarrūssa epāš tanadāte kiššūta in libba alṭur ištât in rāšūʾa āl <data> in ganni āl in pūssa tâmāte ašqup lētu u danān el Ga?-u?-e altakan,In my twentieth regnal year I crossed the Euphrates River for the twentieth time and mustered with my forces all of the kings of the land Ḫatti 145´ I crossed Mount Amanus and went down to the cities of Katî of the land Que Qau I captured the cities Lusanda Abarnāni and Kisuatni fortified cities together with innumerable cities from the nearest of his cities to the farthest of his cities I massacred and plundered them I created two statues of my royal majesty inscribed thereon my mighty praises and erected one in the nearest 150´ of his cities and the second in the farthest of his cities on a cape jutting into the sea I prevailed over the land text “city” Que Qau with might and main,https://oracc.museum.upenn.edu/riao/Q004621?lang=en
152',in <data> palâ <data> Purate ēber maddanāti ša šar ša Hatta kal amdahar išdu Hatta ammušma šiddi Labnana aṣabbata Saniru abbalkit ana āl ša Haza-il Imeri arād āl kal adāru šad ana daʾʾat aṣabbata Ya-x <data> <data> <data> x Danabu Malaha āl daʾʾat in pilšē nābili ṣābīte akšud dīkāti addūak šallassin assalla āl abbul anaqqar in išātāti ašrup Baʾil ša x-raya šēp aṣabbata maddanāti amdahar ṣalam šarrūssa in Laruba āl dannīti in ēkur atazziz u maddanāti ša Ṣurraya Ṣidunaya,In my twenty-first regnal year I crossed the Euphrates River for the twenty-first time and received the payment all of the kings of the land Ḫat]ti Moving on from the land Ḫatti I took to the slopes of Mount Lebanon I crossed Mount Saniru and went down to the cities 155´ of Hazael of Damascus All of the cities became frightened and took to the mountain for their protection I conquered the cities Ya Danabu and Malaḫu fortified cities by means of tunnels battering-rams and siege towers I massacred and plundered them I destroyed demolished and burned with fire th(ose cities Baʾal 160´ of the land ra grasped by feet and I received payment from him I erected a statue of my royal majesty in the temple of the city Laruba his fortified city Now I received the tribute of the people of Tyre Sidon and Byblos I marched as far as the land Muṣurūna,https://oracc.museum.upenn.edu/riao/Q004621?lang=en
162'b,Gublaya amdahar adi Muṣuruna alāk in <data> palâ <data> Purate ēber maddanāti ša šar ša Hatta kal amdahar išdu Hatta ammušma x-inzini abbalkit maddanāti ša Maliddaya amdahar Timur abbalkit ana āl ša Tuatti Tabalaya arād āl abbul anaqqar in išātāti ašrup Tuatti pulhat melam ša Aššur bēl asahhap ana ētazbū napištašu in āl ēsir Artulu āl šarrūssa albišu Kikki mār tāhāssu adāru šēp aṣabbata maddanāti amdahar ša <data> šar ša Tabal igisê,In my twenty-second regnal year I crossed the Euphrates River for the twenty-second time and received the payment of all of the kings of the land Ḫatti Moving on from the land Ḫatti I crossed Mount inzini and 165´ received the payment of the people of the land Melid I crossed Mount Timur and went down to the cities of Tuatti of the land Tabal I destroyed demolished and burned with fire their cities The fearful radiance of the god Aššur my lord overwhelmed Tuatti and he remained confined in his city in order to save his own life I surrounded the city Artulu his royal city Kikki his son was afraid to fight and grasped my feet 170´ I received payment from him I received gifts from twenty kings of the land Tabal,https://oracc.museum.upenn.edu/riao/Q004621?lang=en
172'b,amdahar ana Tunni šad kasap elê išdu Tunni ammušma ana āl Puhame Hubišnaya arād ana Hubuške āl šarrūssa aqribma <data> <data> <data> <data> <data> <data> <data> maddanāti amdahar Muli šad ašnugalli elê ašnugalli <data> maʾassi epāš <data>,I ascended Mount Tunni the mountain of silver Moving on from Mount Tunni I went down to the cities of Puḫame of the city text “land” Ḫubušnu and approached the city Ḫubušnu his royal city I received the payment of of the land Yauṣa I ascended Mount M]ulî the mountain of alabaster alabaster 180´ much I made I erected a statue of my royal majesty on Mount Mulî,https://oracc.museum.upenn.edu/riao/Q004621?lang=en
181'b,šarrūssa in Muli atazziz in <data> palâ <data> Purate ēber maddanāti ša Lalla Maliddaya amdahar išdu Melid ammušma <data> Pala-x abbalkit ana <data> arād Uetaš <data> akšud šallassin assalla <data> ana Ta-garimmu <data> ana irassun alāk <data> amdahar bilassun maddanāti <data> ammušma ana x aqribma pulhat melam ša Aššur bēl asahhap āl mušširannâti ana ētazbū napištašu <data> āl abbul anaqqar in išātāti ašrup ša <data> šar ša Tabal igisê amdahar,In my twenty-third regnal year I crossed the Euphrates River for a twenty-third time and received the payment of Lalla of the land Melid Moving on from the city Me lid I crossed Mount Pala and 185´ went down to I captured and plundered the city Ue[taš To the city Tīl-gari[mmu They came to me I received booty and payment 190´ Moving on from I approached the city The fearful radiance of the god Aššur my lord overwhelmed them and they abandoned the city in order to save their own lives I destroyed demolished and burned with fire their cities I received gifts from twenty kings of the land Tabal,https://oracc.museum.upenn.edu/riao/Q004621?lang=en
195',in <data> palâ i šaplê ēber Hašimur abbalkit ana Nammur arād Ianzu šar Nammur išdu pān kak daʾʾat aplah ana ētazbū napištašu elê Sihišalah Bit-Tamul Bit-šakki Bit-šedi āl daʾʾat akšud dīkāti addūak šallassin assalla āl abbul anaqqar in išātāti ašrup <data> <data> <data> <data> <data> <data> <data>,In my twenty-fourth regnal year I crossed the Lower Zab crossed Mount Ḫašimur and went down to the land Namri Ianzû the king of the land Namri took fright in face of my mighty weapons and ran away in order to save his own life I captured the cities Siḫišalaḫ Bīt-Tamul Bīt-šakki and Bīt-šēdi his fortified cities I massacred them plundered them destroyed demolished and 200´ burned with fire those cities,https://oracc.museum.upenn.edu/riao/Q004621?lang=en
215,ana ramānī aṣabbata sippi akṣur ēkal šubat šarrūssa ,In my twenty-fifth regnal year Upon my return march I took over as a fortress 215´ for myself Mūru the fortified city of A(b)-rāmu Abi-rāmu of Bīt-A)gūsi lit “son of Gūsu” I re)built its gateways and founded therein a palace as an abode of my royal majesty,https://oracc.museum.upenn.edu/riao/Q004621?lang=en
216'b,in libba addâ in <data> palâ <data> Hamana abbalkit erbêšu ana āl ša Katea Quaya alāk Tanakun āl dannīti ša Tulli albišu pulhat melam ša Aššur bēl asahhap aṣê šēp aṣabbata līṭē aṣabbata kasap hurāṣ parzilla alap immer maddanāti amdahar išdu Tanakun ammušma ana šad Lamena alāk nišē adāru šad marṣa aṣabbata ubān šad albišu akšud dīkāti addūak šallassin alap ṣēnašu išdu qarbešunu šad arād āl abbul anaqqar in išātāti ašrup ana Tarzi alāk šēp aṣabbata kasap hurāṣ maddanāti amdahar Kirri ah ša Katea ana šarrūssa in muhha altakan in tayyarat ana Hamana elê gašūrī erēna akkis ašša ana āl Aššur ābilāt,In my twenty-sixth regnal year I crossed Mount Amanus for the seventh time I marched for a fourth time to the cities of Katî of the land Que Qau I surrounded the city Tanakun the fortified city of Tullu Overwhelmed by fear of the radiance of the god Aššur my lord he came out and grasped my feet I took hostages from him and received from him a payment of silver 220´ gold iron oxen and sheep Moving on from the city Tanakun I marched to Mount Lamena The people became frightened and took to the rugged mountain I laid siege to th(at mountain peak and captured it I massacred them and brought down from th(at mountain plunder consisting of oxen and sheep I destroyed demolished and burned with fire their cities I marched to the city Tarzu Tarsus The people grasped my feet and 225´ I received from them a payment of silver and gold I appointed Kirrî the brother of Katî as king over them Upon my return march I ascended Mount Amanus cut down beams of cedar and carried them back to my city Aššur,https://oracc.museum.upenn.edu/riao/Q004621?lang=en
228',in <data> palâ narkabat ummān adakkekama Dayyan-Aššur tartāni rab ummān rapalti in pānāssu ummān ana Urarṭa ʾāri asappara ana Bit-Zamani arād in nērab ša Ammaš erāba Arṣania ēber Se-duri Uarraṭaya ašmâ ana gipiš ummān maʾassi atkal ana epāš qabal tāhāssu ana irassun atbīma issišunu amdahaṣ dabdâ altakan pagar qurād ṣēr rapalti imlâ pēthal maʾassi anūt tāhāssu ekēm ana ētazbū napištašu ana šad marṣa elê Unzumuni <data> <data> šubat <data> adi āl ša libīt abbul anaqqar in išātāti ašrup pulhat melam šarrūssa el asbuk in mētaqtiya <data> Uraš āl šarrūssa ša Alsianna akšud,In my twenty-seventh regnal year I mustered my chariots and troops 230´ I issued orders and sent Dayyān-Aššur the field marshal the chief of my extensive army to lead my army to the land Urarṭu He went down to Bīt-Zamāni and entered the pass of the city Ammaš He crossed the Ar)ṣania River When Sarduri I of the land Urarṭu heard of this relying on the might of his mighty army he attacked to wage war and battle 235´ He fought with him defeated him and filled the wide plain with the corpses of his warriors He took away from him Sarduri his numerous cavalry and his fighting equipment In order to save his own life he Sarduri ascended a rugged mountain The city Unzu muni abode of together with the cities in its environs 240´ he destroyed demolished and burned He poured out upon them fear of the radiance of my royal majesty In the course of his campaign he captured the city U r]aš the royal city of Alsian na,https://oracc.museum.upenn.edu/riao/Q004621?lang=en
255',<data> <data> <data> <data> <data> <data> <data> <data> āl abbul <data> ana <data> <data> <data> <data> <data> ana <data> ana <data> <data> makkūr <data> <data> <data> <data> <data> <data> ša <data> <data> maddanāti ša <data> <data> <data> <data> <data> <data> alāk <data> in nērab <data> in <data> <data> <data>,No translation warranted,https://oracc.museum.upenn.edu/riao/Q004621?lang=en
268',in <data> palâ kī in Kalha ašbā ṭēm atūra ša amēl Pattinaya Liburna bēl addūak Surri lā bēl kussâm ana šarrūssa in muhha ašša Dayyan-Aššur tartāni rab ummān rapalti in pānāssu ummān karāssu ʾāri asappara Purate in mēliša ēber in Kinalua āl šarrūssa madaktiya altakan Surri lā bēl kussâm pulhat melam ša Aššur bēl asahhap mūt šīmat alāk amēl Pattinaya išdu pān namrurat kak daʾʾat aplah mār Surri adi ṣāb bēl hīṭātišu aṣabbata ittannūni ṣāb šunūte in gašīšē arti Sasi mār Kuruṣṣa šēp aṣabbata ana šarrūssa ana muhha altakan kasap hurāṣ annakī siparram parzilla šinni pīrāti ana lā māni amdahar ṣalam šarrūssa šurbâ epāš in Kinalua āl šarrūssa,In my twenty-eighth regnal year while I was residing in the city Kalḫu a report was sent back to me that the people of the land Pattinu had killed 270´ Lubarna their lord and appointed Surri a non-royal person lit “a non-lord of a throne” as king over them I issued orders and sent out Dayyān-Aššur the field marshal the chief of my extensive army at the head of my army and camp He crossed the Euphrates River in flood and 275´ pitched camp at the city Kunulua Kinalua his royal city Overwhelmed by fear of the radiance of the god Aššur my lord Surri a non-royal person departed this life The people of the land Pattinu took fright in face of the flash of my strong weapons and laying hold of the sons of Surri together with the guilty soldiers 280´ they handed them over to him He hung those soldiers on stakes Sāsî of Bīt-)Kuruṣṣâ lit “son of Kuruṣṣâ” grasped his feet and he appointed him a king over them He received from them silver gold tin bronze iron and elephant ivory without measure 285´ He created a colossal statue of my royal majesty and erected it in the city Kunulua Kinalua his royal city in the temple of his gods,https://oracc.museum.upenn.edu/riao/Q004621?lang=en
286'b,in bēssu il atazziz in <data> palâ ummān karāssu ʾāri asappara ana Habhi elê āl abbul anaqqar in išātāti assarap māssu abūbāniš asappan pulhat melam el asbuk,In my twenty-ninth regnal year I gave orders and sent out my army and camp He went up to the land Ḫabḫu and destroyed demolished and burned with fire their cities and annihilated their land like a flood thus 290´ spreading my radiant fearfulness over them,https://oracc.museum.upenn.edu/riao/Q004621?lang=en
291',in <data> palâ kī in Kalha ašbā Dayyan-Aššur tartāni rab ummān rapalti in pānāssu ummān ʾāri asappara Zaba ēber in libba āl ša Hubuške aqribma maddanāti ša Data Hubuškaya amdahar išdu libba āl ša Hubuškaya ammušma ana libba āl ša Magdubi Madahisaya aqribma maddanāti amdahar išdu libba āl ša Madahisaya ammušma ana libba āl ša Udaki Mannaya aqribma Udaki Mannaya išdu pān namrurat kak daʾʾat aplah Izirte āl šarrūssa mušširannâti ana ētazbū napištašu elê arkešu arde alap ṣēnašu būšašu ana lā māni atūra āl abbul anaqqar in išātāti ašrup išdu Mannaš ammušma ana āl ša Šulusunu HARna aqribma Masašuru āl šarrūssa adi āl ša libīt akšud Šulusunu adi mār rēmūtu altakan ana māssu atūra bilassun maddanāti sisê ṣimdassu nīr el altakan ana Paddir aqribma maddanāti ša Arta-sari Paddiraya amdahar ana Parsua arād maddanāti ša šar ša Parsua amdahar sitāt Parsua lā māgir Aššur āl akšud šallassin,In my thirtieth regnal year while I was residing in the city Kalḫu I gave orders and sent out Dayyān-Aššur the field marshal the chief of my extensive army at the head of my army Crossing the Lower Zab he approached the cities 295´ belonging to the city Ḫubuškia He received the payment of Dātāna of the city Ḫubuskia Moving on from the cities belonging to the city Ḫubuškia he approached the cities of Magdubu of the land Madaḫisa and received payment 300´ Moving on from the cities of the city Madaḫisa he approached the cities of Udaki of the land Mannea Udaki of the land Mannea took fright in the face of the flash of my strong weapons and abandoned I)zirtu his royal city and ran away in order to save his own life 305´ He went after him and brought away his oxen sheep and property without measure He destroyed demolished and burned with fire his cities Moving on from the land Mannea Mannaš he approached the cities of Šulusunu of the land ḪARna He captured the city Masašuru 310´ his royal city together with the cities in its environs He spared Šulusunu together with his sons and brought him back to his land He imposed upon him a tax and tribute of 315´ teams of horses He approached the city Paddira and received the payment of Artasari of the city Paddira He went down to the land Parsua and received the payment of the kings of the land Parsua He conquered the cities of the rest of the land Parsua that was insubmissive to the god Aššur and brought their captives and property to Assyria,https://oracc.museum.upenn.edu/riao/Q004621?lang=en
320'b,būšašu ana māssu Aššur ābilāt in <data> šanāt šaniutēšu pūrišu in pān Aššur Adad akruru in ūm kī in Kalha ašbā Dayyan-Aššur tartāni rab ummān rapalti in pānāssu ummān karāssu ʾāri asappara ana āl ša Data Hubuškaya aqribma maddanāti amdahar ana Zapparia āl dannīti ša Muṣaṣir alāk Zapparia adi <data> āl ša Muṣaṣiraya akšud adi birāte ša Uarraṭaya alāk āl abbul anaqqar in išātāti ašrup ana Gilzani arād maddanāti ša Upu Gilzanaya Mannaya Gaburisaya Harranaya Šašganaya Andiaya x-birayu alap immer sisê ṣimdassu nīr amdahar ana āl ša x arād Pirria Šitiuaria āl daʾʾat adi <data> āl ša libīt abbul anaqqar in išātāti ašrup pulhat melam el asbuk ana āl ša Parsuaya alāk Puštu Salahamanu Kiniḫamanu āl daʾʾat adi <data> āl ša libīt akšud dīkāti addūak šallassin assalla ana Nammur arād pulhat melam ša Aššur Marduk asahhap āl mušširannâti ana šad marṣa elê <data> mē <data> āl abbul anaqqar in išātāti assarap in nērab ša Simesi in pūssa,In my thirty-first regnal year when I threw the die for a second time before the gods Aššur and Adad At that time while I remained residing in the city Kalḫu I gave orders and sent out Dayyān-Aššur the field marshal the chief of my extensive army at the head of my army and camp He approached the cities of Dātāna Datâ of the land Ḫubuskia and received payment from him 325´ He marched to the city Zapparia the fortified city of the land Muṣaṣir He captured the city Zapparia together with forty-six cities belonging to the people of the city Mu[ṣaṣir He marched as far as the fortresses of the land of Urarṭu and destroyed demolished and burned with fire their cities He went down to the land Gilzānu and received payment from Upû of the land Gilzānu of people of the land Mannea the inhabitants of the city Gaburisu and of the lands Ḫarrānia 330´ Šaš]gānu Andia and biru oxen sheep and harness-trained horses He went down to the cities of the land and destroyed demolished and burned with fire the cities Pirria and Šitiuaria fortified cities together with twenty-two cities in the environs Thus he spread my radiant fearfulness over them He marched to the cities 335´ of the land Parsua and captured the cities P[uštu Šalaḫamanu Ki]niḫamanu fortified cities together with twenty-three cities in their environs He massacred them and plundered them He went down to the land Namri Overwhelmed by fear of the radiance of the gods Aššur and Marduk they abandoned their cities and ascended a rugged mountain 340´ He destroyed demolished and burned with fire 250 of their cities He went down through the pass of Mount Simesi before the land Ḫalm]an,https://oracc.museum.upenn.edu/riao/Q004621?lang=en
341'b,Arman arād Ninurta u Nergal ša iššakkūssu arammu būl ṣēr lušatlimū epāš baʾʾari aqabbû <data> <data> <data> <data> mē <data> nēšē pīrāti <data> ṣahri in narkabat patûte in qitrub bēl addūak asāte <data> adi <data> ayyalī <data> <data> <data> <data> mē <data> <data> <data> šah qan <data> mē <data> <data> nimerāni <data> senkurrī <data>,The gods Ninurta and Nergal who love my priesthood gave to me the wild beasts and commanded me to hunt I killed from my chariot N wild bulls 640 lions 40 elephants and N with my lordly assault 345´ I captured 28 female bears together with 5 ayyalu deer N hundred 12 51 marsh pigs N hundred 22 panthers and one senkurru,https://oracc.museum.upenn.edu/riao/Q004621?lang=en
348',<data> līm <data> narkabat <data> līm mē <data> pēthal ana emūq māssu akṣur,"I hitched up 2,00[2 chariots and equipped 5,542 cavalry for the forces of my land",https://oracc.museum.upenn.edu/riao/Q004621?lang=en
