﻿line,akkadian,english,source
1,ēkal Sin-ahhe-eriba šar rabâ šar dannāku šar kiššat šar māssu Aššur šar kibrāt erbaʾi migir il rabâ lulīmē eršu malik pitqudu rēʾi bahūlāte muttarrû nišī rapašti anāku,Palace of Sennacherib great king strong king king of the world king of Assyria king of the four quarters of the world favorite of the great gods wise prince circumspect ruler shepherd of the people and leader of a widespread population I,https://oracc.museum.upenn.edu/riao/Q003517?lang=en
3,Belet-ili bēlet nabīssu ina šassūr agarinni ālitti kēniš appalisma uṣabbâ ,The goddess Bēlet-ilī the lady of creation looked steadfastly upon me and created my features while I was still in the womb of the mother who gave birth to me Moreover the god Ninšiku gave me wide understanding equal to that of the sage Adapa and endowed me with broad knowledge,https://oracc.museum.upenn.edu/riao/Q003517?lang=en
4b,nabīssu u Ninšiku addin karassin ritpāše šinnat apkal Adapa ašarrakšunūti palkâ hasīs Aššur ab il gimir ṣalmāt qaqqad iknuša šēp ana rēʾûssina māssu u nišī elê rāšūʾa addin haṭṭašu išarti murappiš,The god Aššur father of the gods made all of the black-headed people bow down at my feet and elevated me for shepherding the land and people He gave me a just scepter that widens the land and he put in my hand a merciless weapon to fell enemies,https://oracc.museum.upenn.edu/riao/Q003517?lang=en
6b,māssu kak lā pādê ana amqutma zāʾeriki atmuh rittāšin ina ūm tenēšet nakirēšu kišitte qāssa ,At that time I made the enemy people whom I had captured carry baskets of earth and they made bricks,https://oracc.museum.upenn.edu/riao/Q003517?lang=en
7b,tupšikki aššânni albin libittašin ēkal qabal āl ša Nina ša <data> mē <data> ina ammat šiddi <data> ina ammat pūssa mārak šitkunā ṣuhhur šubāt ša šar ālik mahar ab ana rimīt bēlūssu epēssu,The palace in the citadel of Nineveh whose extent was 360 cubits on its longer side and 95 cubits on its shorter side and whose site was too small and which earlier kings my ancestors had had constructed for their lordly dwelling but whose construction they had carried out inexpertly,https://oracc.museum.upenn.edu/riao/Q003517?lang=en
9b,lā ikkilū šipir immer šad lamassāt ša pēli peṣât ina Tastiate abtuq ana mukīl bāb ana epēssu eleppa qerbeša qišāti iṣ rabâ aqārimma ina naphar māssu ina Ayyaru ūm adānka edê pān šanat ina eleppa ṣīrāte ana ahannâ ebēr marṣiš ina nēber kār magulê uṭebbû bahūlāte ātanah lilammina karassin ina danān u šupšuq marṣiš attabbal,They quarried mountain sheep colossi of white limestone in the city Tastiate to be their the palatial halls’ gatekeepers Throughout all of their lands they depleted forests of large trees to have boats built In the month Ayyāru II the time of spring floods they brought the colossi across to this side of the river with difficulty in magnificent boats They sank large boats at the quay dock and then made their crews struggle and strain With might and main they struggled to transport the colossi and install them in their gates,https://oracc.museum.upenn.edu/riao/Q003517?lang=en
13b,aṣabbata bāb Tebilti agê šitmurti ša ištu ūm rūqāti ṭēh ēkal ,The Tebilti River a tempestuous flood of water which had flowed from distant days by the side of the palace and had shaken its base when its flood was in full spate,https://oracc.museum.upenn.edu/riao/Q003517?lang=en
14b,ibʾa ina mīlêša gapšāte irūmma temmēn egalturrâ šâtu ana sihir anaqqar ,I tore down that small palace in its entirety and then I changed the course of the Tebilti River and directed its outflow,https://oracc.museum.upenn.edu/riao/Q003517?lang=en
15b,ša Tebilti mālak išni ešēr mūṣâšu qerbeša asurrakkiša šaplāni qan elāniš kupri ittešunu pēli rabâ dunnuniš aksâ <data> mē <data> ina ammat arku <data> mē <data> ina ammat rapašti eqel ištu māmē elê nābališ atūra tarpaš el ša ūm pān arbâ ṣēr mešihta ēkal mahar arde,In its subterranean waters I very firmly bonded reeds below and bitumen above with large blocks of limestone I raised a plot of land that was 554 cubits long and 289 cubits wide out of the water and converted it to dry land I made the area larger than before added it to the former dimensions of the palace and raised its superstructure 190 courses of brick high,https://oracc.museum.upenn.edu/riao/Q003517?lang=en
18b,ina <data> mē <data> tibik elê rāšūʾa labāriš ūm ina mīlêša kiššat temmēn lā enēše pēli rabâ kisû ishur dunnina šupuk ana <data> mē <data> ina asli rabâ šiddi,In order to prevent its foundation from being weakened over the passage of time by cresting flood(s I surrounded its base with large limestone slabs and thereby reinforced its base I enlarged the structure of the palace to 914 large cubits along its longer side and 440 large cubits along its shorter side and thus I made its site bigger,https://oracc.museum.upenn.edu/riao/Q003517?lang=en
20b,u <data> mē <data> ina asli rabâ pūssa šikittaš ēkal šūturi šubāt arbâ ēkal turminabandâ gišnugalli šinni pīri ušî taskarinni musukkannī erēnī šurmēni burāši elammakku ana mūšab,I built a palace of breccia alabaster elephant ivory ebony boxwood musukkannu wood cedar cypress juniper and elammaku wood for my lordly residence then I had a portico a replica of a Hittite palace constructed opposite its gates,https://oracc.museum.upenn.edu/riao/Q003517?lang=en
22b,bēlūssu abnâ bīssu appāte tamšīl ēkal Hatti mahirat bāb epēssu gušūrī erēnī šurmēni ša erēssi ṭāba binût Hamana Sirara šad ella atruṣma el,I roofed them the palatial halls with beams of cedar and cypress whose scent is sweet product(s of Mount Amanus and Mount Sirāra the holy mountains I fastened bands of silver and copper on doors of cedar cypress and juniper and I installed them in their gates,https://oracc.museum.upenn.edu/riao/Q003517?lang=en
24b,dalāt erēnī šurmēni burāši meser kasap u erâ arkus arti bāb ina barakkāni ša qerbeša papāh aptī birrī aptâ lamassāt gišnugalli šinni pīri ša illūrū naṣû kitmusā rittāšin baltašun kuzba hitlup lulê malâ,In the corridors that are within the papāḫu chambers I made openings for latticed windows At their gates I stationed apotropaic figures of alabaster and elephant ivory whose folded hands hold poppies who are laden with pride and allure and who are filled with exuberance and thus I made them an object of wonder,https://oracc.museum.upenn.edu/riao/Q003517?lang=en
27b,ina bāb azziz ana tabrât alāk ṣulūl tarāni ša qerbeša barakkāni eṣûssun ihtallâ ūmiš immerū sikkāt karri kasap u erâ qerbeša alme ina agurrī ṣurri uqnê ussim sellu nēbehī u gimir pasqīšin,The covering of the roof that hangs over the corridors — I made their somber atmosphere cheerful making them as bright as day I decorated them with silver and copper knobbed nails I adorned the arches friezes and all of their copings with baked bricks glazed in the color of obsidian and lapis lazuli,https://oracc.museum.upenn.edu/riao/Q003517?lang=en
33,alšu šipir ēkal ešēr u lipit qāssa išlimma ina ūm Aššur u Ištar rāʾim <data> <data> nābû šum gišmahhī erēnī ša ištu ūm rūqāti išēhu ikbirū magal ina qerbeša Sirara šad ina puzrašin nanzuzu kullum ṣīssun,So that the construction of my palace might be carried out correctly and that my handiwork be completed at that time the god Aššur and the goddess Ištar who love my priestly service and who selected me lit “who called my name” revealed to me a source of trunks of cedar which since distant days grew tall and very thick as they stood in seclusion in the Sirāra mountain range,https://oracc.museum.upenn.edu/riao/Q003517?lang=en
43,ša gišnugalli ša ina tarṣi šar ab ana karri namṣar šūquri ina sapan Ammanana aptâ,In the uplands of Mount Ammanāna northern Anti-Lebanon they Aššur and Ištar disclosed to me the location of alabaster which in the time of the kings my ancestors was too expensive even for the pommel of a sword,https://oracc.museum.upenn.edu/riao/Q003517?lang=en
46b,pān u turminabandâ mal burzigalli ša lā amār immatēma ina Kapridargila ša patti Til-Barsip,Moreover breccia as much as is needed for making burzigallu bowls a stone that had never been seen before revealed itself at Kapridargilâ “Dargilâ Village” which is on the border of the city Tīl-Barsip,https://oracc.museum.upenn.edu/riao/Q003517?lang=en
49b,kullum ramānī itâka Nina ina ereṣēti Balaṭaya kī ṭēm il pēli peṣât ana muʾuddê amār <data> <data> <data> u ṣalam mešrête gišnugalli ša ina ištât aban abnâ minâta šuklulū ina kigalla ramānī šaqîš nanzuzu apsasāte gišnugalli ša zīm nussuqā kīma ūm napardê nummuru zumri askuppāt turminabandâ ṣīrāte abnâ kilallān ina šad abtuq ana šipir ēkal ašdud,Near Nineveh in the territory of the city Balāṭāya by divine will white limestone was discovered in abundance and then I created bull colossi and other statues with limbs of alabas[ter that are sculpted from a single stone whose proportions are perfect and who stand high on the[ir own pedestals sphinxes of alabaster whose features are exquisite and whose bo[dies sh[in]e like a brilliant day and magnificent slabs of breccia I cut them free on both sides from their mountains and then for the construction of my palace I had them dragged into Nineveh,https://oracc.museum.upenn.edu/riao/Q003517?lang=en
63b,qerbeša Nina aladlammê rabâ u apsasāte pēli peṣât ina lipit Ninkura ina ereṣēti Balaṭaya iʾʾaldu šuklul,I had large bull colossi and sphinxes of white limestone created in the territory of the city Balāṭāya and their forms perfected through the craft of the deity Ninkura,https://oracc.museum.upenn.edu/riao/Q003517?lang=en
67b,gattašin ša ištu ulla šar ab ṣalam erâ tamšīl gattašin ana azziz qerbeša ēkurrāti abnâ ina epissun ātanah gimir mār ummânī ina lā bišīt unzāšu lā hasās amât ana šipir hišehti šaman iškūru nalbaš ṣēnašu aqārimma qerbeša māssu,Since time immemorial the kings my ancestors created copper statues replicas of their own forms to be erected in temples and through their manufacture they had exhausted all of the craftsmen Through ignorance and failure to give thought on the matter they depleted the oil wax and wool in their lands for the work they desired,https://oracc.museum.upenn.edu/riao/Q003517?lang=en
73,yâte Sin-ahhe-eriba ašarēd kal malik mūdê šipir kalāma timmē erâ rabâ urmahhē petâ birkāya ša manāma lā aptiq šar pān mahar ina unzāšu nikilte ša šutlimšu rubâtu Ninšiku ina šitūlti ramānī ana epēssu šipir šatti rabîš amtallikma ina milik ṭēm u mēreš kabatsu,But as for me Sennacherib the foremost of all rulers expert in every type of work regarding large columns of copper and striding lion colossi which none of the kings of the past who came before me had cast With the ingenious mind that the prince the god Ninšiku had granted to me and taking counsel with myself I intensively pondered how to perform this work Then with my own ideas and knowledge I created a cast work of copper and expertly carried out its artful execution,https://oracc.museum.upenn.edu/riao/Q003517?lang=en
79b,pitiq erâ abšimma ikkilū nikilte ša gišmahhī u alamitta iṣ mešrê <data> urmahhē nāʾiri adi <data> aladlammê ṣīrāte ša šuklulū nabīssu <data> apsasāte ša kuzba u ulṣī hitlup baltašun lalâ kummurū ṣēr kī ṭēm il ziʾpī ṭīdi abnâ erâ qerbeša ašpuk kī pitiq <data> šiqil šuklul,By divine will I created clay mold(s of tree trunks and date pal]m(s the tree of abundance of twelve raging lions as well as of twelve magnificent bull colossi with perfect features and twenty-two sphinxes that are coated in allure and charm and that have pride and exuberance heaped upon them and I poured copper into it Just like the cast work of an object weighing only a half shekel I perfected their form(s,https://oracc.museum.upenn.edu/riao/Q003517?lang=en
83b,nabīssu aladlammê nabīssu erâ ša <data> ina libba zahalâ litbušā aladlammê gišnugalli adi aladlammê u apsasāte pēli peṣât ša ēkal aṣabbata,I made bull colossi with copper features two of which were overlaid with zaḫalû silver and bull colossi of alabaster together with bull colossi and sphinxes of white limestone hold the door bolts of my palatial halls,https://oracc.museum.upenn.edu/riao/Q003517?lang=en
85b,sigar timmē erâ ṣīrāte adi timmē erēnī rabâ bibil Hamana meser erâ arkus ,I fastened bands of copper on magnificent copper columns as well as on large cedar columns which are the product of Mount Amanus and then I installed them upon lion colossi and positioned cross-beams upon them as a cornice for their gates,https://oracc.museum.upenn.edu/riao/Q003517?lang=en
86b,ṣēr piriggallē azziz adappī kulūl bāb ēmid apsasāte gišnugalli adi apsasāte pitiq urudê ša zahalâ litbušā u apsasāte pitiq ešmarâ ša nummuru gattašin timmē ušî šurmēni erēnī daprāni burāši u tatīdi ihzēt pašalli u kasap,Sphinxes of alabaster as well as sphinxes of cast urudû copper that were overlaid with zaḫalû silver and sphinxes of cast metal whose features were brilliant I erected over them columns of ebony cypress cedar daprānu juniper juniper and tatīdu wood with pašallu gold and silver inlays and then I positioned the architraves of the inner rooms of my lordly residence on those columns,https://oracc.museum.upenn.edu/riao/Q003517?lang=en
89b,ṣēr azziz ša kummē mūšab bēlūssu ēmid hittāniša askuppāt turminabandâ gišnugalli ,I surrounded their the palace rooms’ lower courses with slabs of breccia and alabaster and large limestone slabs and made them an object of wonder,https://oracc.museum.upenn.edu/riao/Q003517?lang=en
90b,u askuppāt pēli rabâ asurrûšin ishur ana tabrât alāk alšu ūmešam mê dilûti dalûm eblēšun guhaṣṣāte siparrī u harharī siparrī epēssu kēmū makâte gišmahhī,In order to be able to draw water by bucket every day I had bronze wire chains and bronze cables made and inste[ad of poles I had tre]e trunks and date palm(s placed over wells,https://oracc.museum.upenn.edu/riao/Q003517?lang=en
92b,u alamitta ṣēr būrti azziz ēkal šâtina alāk asmeš sihir ēkal ana tabrât kiššat nišī elê ,I made those palatial halls beautiful To be an object of wonder for all of the people I raised the superstructure of the entire palace I called it the “Palace Without a Rival.”,https://oracc.museum.upenn.edu/riao/Q003517?lang=en
93b,rāšūʾa ēkal ša šānin lā īšâ nibīssun attasqara kirimahhi tamšīl Hamana ša gimir riqqī inba ṣippat iṣ ,I planted alongside it the palace a botanical garden a replica of Mount Amanus which has all kinds of aromatic plants and fruit trees trees that are the mainstay of the mountains and Chaldea collected inside it,https://oracc.museum.upenn.edu/riao/Q003517?lang=en
94b,tuklāt šad u Kaldi qerbeša hurrušu itâka azqup ana miṭrāte išmuhā ištu patti Kisiri adi tamerāti Nina šad ina akkulāte parzilla ušattirma ešēr harrāti <data> <data> bēr qaqqar ištu qerbeša,To make those planted areas luxuriant I cut with iron picks a canal straight through a mountain from the border of the city Kisiri to the plain of Nineveh I caused an inexhaustible supply of water to flow there for a distance of one and a half leagues from the Ḫusur River and made it gush through feeder canals into those planted areas,https://oracc.museum.upenn.edu/riao/Q003517?lang=en
96b,Husur māmē dārê ašar arde qerbeša miṭrāte šâtina lišahbiba pattiš ana ipšah alaktašu mê ša kirâtešunu agammē bašê ṣuṣê qerbeša ušastil igirê šah qan alap qīši ina libba mušširannâti ina ṭēm il qerbeša kirâtešunu karān u gimir inba serdi u riqqī magal išmuhā šurmēni musukkannī naphar iṣ išēhu liṣarriša papalli appārāte magal ešēr iṣṣūr šamê,I created a marsh to moderate the flow of water for those gardens and planted a canebrake in it I let loose in it herons wild boars lit “pigs of the reeds” and roe deer By divine will vines and all kinds of fruit trees olive trees and aromatic trees flourished greatly in those gardens Cypress trees musukkannu trees and all kinds of trees grew tall and sent out shoots The marshes thrived greatly Birds of the heavens heron(s made nest(s and wild boars and roe deer gave birth in abundance,https://oracc.museum.upenn.edu/riao/Q003517?lang=en
100b,igirê qinna iqnunma šah qan alap qīši lirappiš tālitti musukkannī šurmēni tarbīt ṣippat qan ,I cut down musukkannu trees and cypress trees grown in the orchards and marsh reeds from the swamps and I used them in the work required to build my lordly palatial halls,https://oracc.museum.upenn.edu/riao/Q003517?lang=en
101b,appārāte ša qerbeša agammē akšiṭ ana šipir hišehti ēkal bēlūssu lū epēssu ištu šipir ēkal iqtâ Aššur bēl rabâ il u ištar āšib māssu Aššur ina qerbeša aqre nīq tašrihte aqqâ šutlimšu kadrâ šaman serdi u hibišti uraqqâ ana rūšte ina tašrīt ēkal ša bahūlāte māssu ašqi muhha karān duššupat,After I had finished the work on my palace I invited inside it the god Aššur the great lord and the gods and goddesses living in Assyria and then I made splendid offerings and presented my gift(s I made fine oil from olives and aromatics At the inauguration of the palace I had the heads of the subjects of my land drenched and I watered their insides with swe[e]t wine,https://oracc.museum.upenn.edu/riao/Q003517?lang=en
105b,ṣurra amkir ina qibētī Aššur ab il u Ištar šarrat šēd dumqēšu lamassāt dumqēšu qerbeša ēkal šâtu dāreš lištabrâ ai ipparakkû idāka,By the command of the god Aššur father of the gods and the goddess Ištar the queen may the good šēdu and the go]od lamassu last forever and ever in that palace May they never leave it,https://oracc.museum.upenn.edu/riao/Q003517?lang=en
