﻿line,akkadian,english,source
Frgm._A 1,<data> <data> <data> <data> <data> <data> <data> <data> <data> <data> <data>,No translation possible,https://oracc.museum.upenn.edu/riao/Q006538?lang=en
Frgm._B 1,<data> <data> <data> <data> <data> <data> <data> Harhar <data>,the city Ḫarḫar,https://oracc.museum.upenn.edu/riao/Q006538?lang=en
Frgm._C 1,<data> Aššur šar dannāku <data> <data> <data> Amate <data>,the god Aššur strong king land Hamath,https://oracc.museum.upenn.edu/riao/Q006538?lang=en
Frgm._D 1,ēkal srgn <data> migir il rabâ <data>,Palace of Sargon II favorite of the great god[s,https://oracc.museum.upenn.edu/riao/Q006538?lang=en
Frgm._E 1,<data> <data> <data> <data> <data> <data> <data>,my,https://oracc.museum.upenn.edu/riao/Q006538?lang=en
Frgm._F 1,<data> ina qerbeša <data> <data> <data> <data> el <data>,inside upon,https://oracc.museum.upenn.edu/riao/Q006538?lang=en
Frgm._G 1,<data> <data> <data> <data> <data> <data> <data> <data> <data>,No translation possible,https://oracc.museum.upenn.edu/riao/Q006538?lang=en
Frgm._H 1,<data> <data> <data> <data> <data> <data> Ma-x <data>,the land Ma,https://oracc.museum.upenn.edu/riao/Q006538?lang=en
Frgm._I 1,<data> <data> <data> ,No translation possible,https://oracc.museum.upenn.edu/riao/Q006538?lang=en
Frgm._J 1,<data> srgn <data> ,Sarg[on,https://oracc.museum.upenn.edu/riao/Q006538?lang=en
Frgm._K 1,<data> rāšūʾa <data> <data> <data> <data> <data>,head,https://oracc.museum.upenn.edu/riao/Q006538?lang=en
Frgm._L 1,<data> <data> <data> ,No translation possible,https://oracc.museum.upenn.edu/riao/Q006538?lang=en
Frgm._M 1,<data> <data> šar <data> <data>,king,https://oracc.museum.upenn.edu/riao/Q006538?lang=en
