﻿line,akkadian,english,source
1,ēkal srgn šar kiššat šar māssu Aššur šakkanak Babili šar māssu Šumeri u Akkad,Palace of Sargon II king of the world king of Assyria governor of Babylon king of the land of Sumer and Akkad,https://oracc.museum.upenn.edu/riao/Q006493?lang=en
4,šar ša ina tuklāt Aššur Nabium Marduk ištu Adnana ša qabal tâmāti ša išlimma šamaš adi patti Muṣri u Muski māssu Amurre rapašti Hatti ana sihir naphar Gute Madaya rūqāti ša patti Bikni Ellipi Raše ša patti Elamte nagab Arame āšib ah Diglat Surappi Uqne adi Dunni-Šamaš Bube Til-Humba ša miṣir Elamte Karduniaš eliš u šapliš gimir Kaldi mal bāšâ Bit-Yakin ša kišād marrat adi patti Dilmun mithāriš abēl šūt rāšūʾa ana bēl el altakan nīr bēlūssu,the king who with the support of the gods Aššur Nabû and Marduk ruled lit “I ruled” all together from the land Yadnana Cyprus which is in the middle of the Western Sea as far as the border(s of Egypt and the land Musku the wide land Amurru the land Ḫatti Syria in its entirety 10 all of the land Gutium the distant Medes who live on the border of Mount Bikni the lands Ellipi and Rāši on the border of the land Elam all the Arameans who live beside the Tigris Surappu and Uqnû Rivers 15 as far as the cities Dunni-Šamaš Bubê and Tīl-Ḫumba which are on the border of the land Elam the land Karduniaš Babylonia from one end to the other lit “above and below” all of Chaldea as much as there is of it and the land Bīt-Yakīn which is on the shore of the sea as far as the border of Dilmun 20 I set eunuchs of mine as provincial governors over them and imposed the yoke of my lordship upon them,https://oracc.museum.upenn.edu/riao/Q006493?lang=en
23b,ēmid ina ūm ina bahūlāte nakirēšu kišitte qāssa ša Aššur Nabium Marduk ana šēp iknuša išâṭ abšānī kī ṭēm il ina šēp Muṣri elāni Nina ina bibil libba āl epēssu Dur-Šarrukin attasqara nibīssun,At that time using as laborers enemy people that I had conquered whom the gods Aššur 25 Nabû and Marduk had made bow down at my feet and who now pull my yoke and in accordance with divine will and my heart’s desire I built a city at the foot of Mount Muṣri upstream from Nineveh and named it Dūr-Šarrukīn,https://oracc.museum.upenn.edu/riao/Q006493?lang=en
30,ēkal šinni pīri ušî taskarinni musukkannī erēnī šurmēni daprāni burāši u buṭni ana mūšab šarrūssa qerbeša abnâ Aššur bēl rabâ u il āšib māssu Aššur ina qerbeša aqre nīq takbitti ella mahar aqqâ ša malik kibrāt erbaʾi ša ana nīr bēlūssu iknuša eṭēr napištašu ittešunu bēl māssu akli šāpirī rubâtu šūt rāšūʾa u šatamme tāmartašu kabitta amdahhar ina qerēti ašāb altakan nigûte,I built inside it the city a palace using lit “of” elephant ivory ebony boxwood musukkannu wood cedar cypress daprānu juniper juniper and terebinth to be my royal residence I then invited the god Aššur the great lord and the other gods who dwell in Assyria 35 to come inside it and I offered pure honorific sacrifices before them I received substantial audience gift(s from rulers from the four quarters of the world who had submitted to the yoke of my lordship and thereby saved their lives along with gifts from the provincial governors of my land 40 overseers commanders nobles eunuchs and temple administrators I had them sit down for a banquet and held a festival,https://oracc.museum.upenn.edu/riao/Q006493?lang=en
