﻿line,akkadian,english,source
1',mušaklil māhāz mumaaggir māssu nakirēšu muʾabbit dadmē <data>,the one who brings his cult cent[ers to completion makes enemy land(s submissive and destroys their settlem[ents,https://oracc.museum.upenn.edu/riao/Q003968?lang=en
3',enūma ṣalam Aššur bēl <data> ēteneddišu paraṣ Ešarra šuklul kī srgn šar māssu Aššur ab ab lū <data> ašar <data> <data> <data> Aššur,When I refur bis hed the image(s of the god Aššur my l[ord and carried out to perfe]ction the rites of Ešar[ra 5´ just like Sargon II king of Assyria my fat]her — my father Its place my the god Aš]šur,https://oracc.museum.upenn.edu/riao/Q003968?lang=en
9',<data> <data> <data> <data>,No translation possible,https://oracc.museum.upenn.edu/riao/Q003968?lang=en
r 1',šikin ša muhha askuppāt ša alallum ša bīssu Aššur ša šar ina muhha azziz qaqqar inaššiquni,The arrangement of the inscription that is upon the paving slabs of alallu stone in the temple of the god Aššur upon which the king stands when he kisses the ground,https://oracc.museum.upenn.edu/riao/Q003968?lang=en
