﻿line,akkadian,english,source
1,ēkal srgn šakin Enlil nêšak Aššur šar rabâ šar dannāku šar kiššat šar māssu Aššur šar kibrāt erbaʾi migir il rabâ,Pa[lace of Sa]rgon II appointee of the god Enlil nešakku priest of the god Aššur great k]in[g strong kin]g king of the world king of Assyria king of the four quar[ters of the world favorite of the great gods,https://oracc.museum.upenn.edu/riao/Q006525?lang=en
4,rēʾi kēni ša Aššur u Marduk šarrūssa lā išnunūšuma šutlimšu siqiršin šum aṣê ana rēšēt,jus]t shephe[rd one to whom the gods Aššur and Marduk granted a reign without equal and whose re[putat]ion these gods exalted to the heights,https://oracc.museum.upenn.edu/riao/Q006525?lang=en
7,šākin šubarrâšun Sippar Nippur Babili hātin enši mušallim hibiltašina kāṣir kidinnūssun Baltil baṭalu mušaššik tupšikki Deri mušapšihu nišī anhāti lēʾî kal malik ša el Harran andullaša atruṣma kī ṣāb Anim u Dagan,who re)-established the šubarrû privileges of the cities Sippar Nippur and Babyl]on protects the weak among them lit “their weak ones” and makes restitution for the wrongful damage suffered by them who re)-established 10 the privileged status of the city Baltil Aššur that had lapsed abolished corvée duty for the city Dēr and gave relief to their weary people most capable of all rulers who extended his protection over the city Ḫarrān and recorded its exemption from obligations as if its people were people of the gods Anu and Dagān,https://oracc.museum.upenn.edu/riao/Q006525?lang=en
15b,alṭur zakûssunu zikar dannāku lābiš namurrat ša ana amqutma nakirēšu šutbû kak šar ša ištu ūm bēlūssu gabarâšu lā bašê ina qabal u tāhāz lā amār munehha māssu kal kīma haṣbatti udaqqaqu hammāʾē ša erbaʾi addâ ṣerrat šūt rāšūʾa šakin el altakan bilassun maddatta kī ša Aššur ēmid,the strong man who is clothed in awesome splendor and whose weapons are raised to strike down his enemies the king who since the first day of his reign has had no equal or met with anybody who could overpower him in war or battle 20 who smashed all enemy lands as if they were pots and put halters on all rebels in the four quarters of the world who regularly set eunuchs of his as governors over them and imposed upon them the same tribute and payment(s as if they were Assyrians,https://oracc.museum.upenn.edu/riao/Q006525?lang=en
26,ina bibil libba šēp Muṣri šad ina rebâte Nina āl epēssu Dur-Šarrukin,In accordance with my heart’s desire I built a city at the foot of Mount Muṣri a mountain on the outskirts of Nineveh and named it Dūr-Šarrukīn,https://oracc.museum.upenn.edu/riao/Q006525?lang=en
28b,attasqara nibīssun parak rašdūti ana Ea Sin Šamaš Adad u Ninurta il rabâ bēl ina qerbeša addâ,I erected firmly-founded daises for the gods Ea Sîn Šamaš Adad and Ninurta the great gods my lords inside it,https://oracc.museum.upenn.edu/riao/Q006525?lang=en
31,<data> <data> <data> <data> <data> <data> <data> <data> <data> <data> <data> <data> <data> ,No translation possible,https://oracc.museum.upenn.edu/riao/Q006525?lang=en
33,ēkal šinni pīri ušî taskarinni musukkannī erēnī šurmēni daprāni burāši buṭni <data> ana mūšab šarrūssa abnâ bīssu hilāni tamšīl ēkal Hatti mahirat bāb aptiq gušūrī erēnī šurmēni ikūn ṣēr askuppāt pēli <data> <data> <data> <data> <data> alme <data> <data> <data> <data> <data> <data> <data> <data> lišaršid uššē <data> <data> <data> <data> <data> <data> <data> <data> <data> <data> <data> <data> <data> <data> <data> <data> <data> <data> <data> <data> <data> <data> <data> <data> <data> <data> <data> <data> <data> <data> <data> <data> <data> musukkannī uqnê <data> <data> <data> <data> <data> arkus <data> <data> <data> <data> <data> <data> <data> <data> <data> <data> <data> <data> <data> <data> <data> <data> <data> šār šār šār šār nēr nēr nēr <data> šūš <data> qan <data> ammat nibīssun šum mešihta dūr altakan el aban šad,"I bui[lt palatial halls using lit “of” elephant ivory ebo]ny boxwood musu]kkan[nu wood cedar cypress dap­rā­nu juniper juniper and te[rebinth to be my royal resi]dence I then fashioned a bīt ḫilāni a repli]ca of a Hittite palace in fr[ont of the]ir gates and roo]fed them with beams of cedar and cypr]ess Limestone slabs 40 I had surround I made their foundation secure musukkannu wood lapis lazuli 45 I bound and I made the length of its wall 16,28]0 cubits corresponding to the rendering of m]y na]me and I made its foundation se[cu]re upon mountain stone",https://oracc.museum.upenn.edu/riao/Q006525?lang=en
49b,lišaršid temmēn baʾūlāt erbaʾi āšib šad u māssu mal arteʾʾâ nūr il bēl gimir <data> <data> <data> <data> armâ qerbeša mār māssu Aššur mūdê inî kalāma ana āhuz ṣibittašunu aplah il u šar akli šāpirī ʾāri,People from the four quarters of the world those who had dw]elt in both mount]ain(s and low)land(s as many as the “Light of the Gods” Šamaš the lord of al]l shepherded and I re)settled them inside it Dūr-Šarrukīn I commissioned native Assyrians masters of eve]ry craft as overseers and commanders to instruct the settlers in correct behavior and how to revere god and ki]ng,https://oracc.museum.upenn.edu/riao/Q006525?lang=en
55,il āšib šamê ereṣēti u āl šâšu qibētī amgur epēssu āl u ilabbbiru qerbeša,The gods who dwe]ll in heaven and netherworld and in this city we]re ame]nable to my prayer and granted me the eternal privilege of bu]ilding this city and growing old in it,https://oracc.museum.upenn.edu/riao/Q006525?lang=en
57b,ašarrakšunūti ana dāreš ša epissun qāssa ikkirā bunnannê issehuma uṣurāt ēṣeru assukma Aššur Ningal Adad u il rabâ āšib ina libba šum zēr ina māssu lilqutūma ina šaplî nakirēšu ašāb kamêš,As for the one who alters the wo[rk of my hands mutilates my features on a relief or obliterates the rel]iefs that I have e[ngrave]d may the god Aššur the goddess Ningal the god Adad and th]e gre[at gods who dw]ell there rem]ove his name and his descendant(s from the land and make him live in bondage under his enemy,https://oracc.museum.upenn.edu/riao/Q006525?lang=en
