﻿line,akkadian,english,source
i 1,Aššur bēl rab šar gimer il rab Ana šar Igigi u Anunnaki bēl māssu Enlil ab il mušīm šīmat muṣṣir eṣurāt šamê ereṣēti Ea eršu šar apsê bān nikil Sin nannār šamê ereṣēti il etel Šamaš dayyān kibrāt multēširšunu tenēšet Ištar bēlat qabal u tāhāssu ša mēlultaša tuqmāte il rab rāʾim šarrūssa ša bēlūssina kiššūta u šāpirūssunu arbâ šum kabitta siqaršu ṣīra el naphar bēl maʾdiš altakan,The god Aššur the great lord the king of all of the great gods the god Anu the king of the Igīgū and Anunnakū gods the lord of the lands the god Enlil the father of the gods the one who decrees destinies and who devises the designs of heaven and netherworld the god Ea the wise one the king of the apsû the creator of clever devices the god Sîn the light of heaven and netherworld the noble one the god Šamaš the judge of the four quarters of the world the one who leads aright humankind and the goddess Ištar the lady of war and battle whose game is fighting the great gods who love my kingship who have made great my dominion power and leadership who have richly established for me my honorable name and my lofty command over all lords,https://oracc.museum.upenn.edu/riao/Q004607?lang=en
i 5,Salmanu-ašared šar kiššat nišē rubā iššakki Aššur šar daʾʾat šar māssu Aššur šar kullat kibrāt arbaʾi šamaš kiššat nišē murteddû kal māssu šar baʾʾīt il nišīt ēna Enlil šakkanak Aššur pitqudu rubā naʾda āmeru durgī u šapšāqī mukabbis rāšūʾa ša šad kal hursānī māhir bilassun u igisê ša kal kibrāt mupattî ṭūdāt ša eliš u šapliš ša ana tēbu tāhāssu daʾʾat kibrāt šupšuq hâli māssu in mēziz qardussu išdāša zikar daʾʾat ša in tuklāt Aššur Šamaš il raʾiṣīšu alāk in malik ša kibrāt arbaʾi šānin lā īšâ šar māssu šarhā ša arah pašqat alāk aštamdih šad u tâmāte,Shalmaneser III king of all of the people ruler vice-regent of the god Aššur strong king king of Assyria king of all four quarters of the world sun(god of all of the people ruler of all of the lands the king who is the desired object of the gods chosen of the god Enlil trustworthy appointee of the god Aššur the attentive ruler who has seen remote and rugged regions the one who has trodden upon the mountain peaks in all of the highlands the receiver of booty and tax from all four quarters of the world the one who opens paths above and below at whose strong attack for combat the four quarters of the world are distressed and at whose warlike ferocity the lands are convulsed down to their foundations the strong male who acts with the support of the gods Aššur and Šamaš the gods who support him and who has no rival among the rulers of the four quarters of the world the magnificent king of lands who has kept progressing by difficult ways through mountains and seas,https://oracc.museum.upenn.edu/riao/Q004607?lang=en
i 11,mār Aššur-naṣir-apli šakan Enlil iššakki Aššur ša iššakkūssu el il iṭābu māssu naphar ana šēp iknuša nabīssu ella ša Tukulti-Ninurta ,son of Ashurnasirpal II appointee of the god Enlil vice-regent of the god Aššur whose priesthood was pleasing to the gods and who made all of the lands bow down at his feet pure offspring of Tukultī-Ninurta II who slew all of his enemies and annihilated them like a flood,https://oracc.museum.upenn.edu/riao/Q004607?lang=en
i 12b,ša kullat zāʾirīšu anār asappan abūbāniš enūma Aššur bēl rab in kūn libba in ēna ella šūdu ana rēʾûssina māssu Aššur abnâ kak daʾʾat mušamqit lā māgir atmuh agâ ṣīra annapruma bēlūssina naphar māssu,When the god Aššur the great lord chose me in his steadfast heart and with his holy eyes and named me for the shepherdship of Assyria he put in my grasp a strong weapon that fells the insubordinate crowned me with a lofty crown and sternly commanded me to exercise dominion over and to make all of the lands insubmissive to the god Aššur bow down,https://oracc.museum.upenn.edu/riao/Q004607?lang=en
i 14b,lā māgir Aššur ana abēl u iknuša aggiš ʾāri in ūm in šurrât šarrūssa in mahar palâ in kussâm šarrūssa rabêš ašāb narkabat ummān adakkekama in nērab ša Simesi erāba ana Aridi āl dannīti ša Ninni aqribma āl albišu akšud dīkāti maʾassi addūak šallassin assalla asaʾīte ša qaqqad in pūssa āl arṣib batūlīšunu batulātešunu ana maqlūte qilûti kī in Aridi ašbā maddanāti ša Hargaya Harmasaya,At that time in my accession year and in my first regnal year after I sat on the throne of my royal majesty in a grandiose manner I mustered my chariots and troops I entered the pass of the land Simesi and approached the city Aridu the fortified city of Ninni I besieged th(at city captured it massacred many of his people and carried off booty from him I erected a tower of heads in front of the city and burned with fire their adolescent boys and girls While I was residing in the same city Aridu I received the payment of the people of the lands Ḫargu Harmasa Simesi Simerra Siriš and Ulmania teams of horses oxen sheep and wine,https://oracc.museum.upenn.edu/riao/Q004607?lang=en
i 18b,Simesaya Simerraya Sirišaya Ulmaniaya sisê ṣimdassu nīr alap immer karān amdahar išdu Aridi ammušma arah pašqat šad marṣa ša kīma šēlūt patar ana šamê ziqipta šakin in akkul erâ anaqqar narkabat ummān etāqim ana Hubuške aqribma Hubuške adi <data> mē āl ša libīt in išātāti ašrup Kaki šar Naʾiri u sitāt ummān išdu pān namrurat kak aplah šad daʾʾat aṣabbata arkešu ana šad elê tāhāssu daʾʾat in qarbešunu šad altakan dabdâ amdahaṣ narkabat ummān sisê ṣimdassu nīr išdu qarbešunu šad atūra pulhat melam,Moving on from the city Aridu I smashed out with copper picks rough paths in rugged mountains that rose perpendicularly to the sky like the points of daggers I moved my chariots and troops over these paths and approached the city Ḫubuškia I burned with fire the city Ḫubuškia together with 100 cities in its environs Kākīa the king of the Naʾiri land(s and the remainder of his troops became frightened in the face of the flash of my weapons and took to rugged mountains for refuge I climbed up th(os)e mountains after them I waged mighty war in the mountains and defeated them I brought back chariots troops and teams of horses from the mountains Overwhelmed by fear of the radiance of the god Aššur my lord they came down and grasped my feet I imposed upon them tribute and tax,https://oracc.museum.upenn.edu/riao/Q004607?lang=en
i 23b,ša Aššur bēl asahhap arād šēp aṣabbata bilassun u maddanāti el ikūn išdu Hubuške ammušma ana Sugunia āl dannīti ša Arrame Uarraṭaya aqribma āl albišu akšud dīkāti maʾassi addūak,Moving on from the city Ḫubuškia I approached the city Sugunia the fortified city of Arrāmu of the land Urarṭu I besieged th(at city captured it massacred many of their people and carried off booty from them I erected a tower of heads in front of his city I burned with fire fourteen cities in their environs,https://oracc.museum.upenn.edu/riao/Q004607?lang=en
i 25b,šallassin assalla asaʾīte ša qaqqad in pūssa āl arṣib <data> āl ša libīt in išātāti ašrup išdu Sugunia ammušma ana tâmāte ša Naʾiri arād kak in tâmāte ullil nīq ana il aqqâ in ūm ṣalam bunannîya epāš tanittašun Aššur bēl rab bēl u lētu kiššūta in qarbešunu alṭur in el tâmāte atazziz in tayyarat ša tâmāte maddanāti ša Asau Gilzanaya sisê alap immer karān <data> tāmarāte ša <data> guggalīpšina amdahar,Moving on from the city Sugunia I went down to the Sea of the Naʾiri land(s I washed my weapons in the sea and made sacrifices to my gods At that time I made an image of myself and wrote thereon the praises of the god Aššur the great lord my lord and the prowess of my power I erected it by the sea On my return march from the sea I received the payment of Asû of the land Gilzānu horses oxen sheep wine and two camels with two humps and brought it to my city Aššur,https://oracc.museum.upenn.edu/riao/Q004607?lang=en
i 29b,ana āl Aššur ābilāt in Ayyaru <data> išdu Nina ammušma Diglat ēber Hasamu Dihnunu abbalkit ana Laʾlaʾte ša Ahuni mār Adini aqribma pulhat melam ša Aššur bēl asahhap ana ētazbū napištašu elê āl abbul anaqqar in išātāti ašrup išdu Laʾlaʾte ammušma ana Til-Barsip āl dannīti ša Ahuni mār Adini aqribma Ahuni mār Adini ana gipiš ummān atkal ana qabal u tāhāssu agrûšu in tuklāt Aššur u il rab bēl issišunu amdahaṣ abekte altakan in āl ēsir išdu Til-Barsip ammušma ana Bur-marʾina ša Ahuni mār Adini aqribma āl albišu akšud <data> šūš mudahṣīšunu in kak amqutma asaʾīte ša qaqqad in pūssa āl arṣib in mētaqtiya maddanāti ša Habini Til-abnaya ša Gaʾuni Sarugaya ša Giri-Adda Immerinaya kasap hurāṣ alap immer karān amdahar,On the thirteenth day of Ayyāru II I moved out from Nineveh crossed the Tigris River traversed Mounts Ḫasamu and Diḫnunu and approached the city Laʾlaʾtu which belonged to Aḫūnu of Bīt-)Adini lit “son of Adinu” Overwhelmed by fear of the radiance of the god Aššur my lord they fled upstream/higher in order to save their own lives I destroyed demolished and burned with fire th(at city Moving on from the city Laʾlaʾtu I approached the city Tīl-Barsip the fortified city of Aḫūnu of Bīt-)Adini lit “son of Adinu” Trusting in the strength of his troops Aḫūnu of Bīt-)Adini lit “son of Adinu” advanced aggressively to make war and battle With the support of the god Aššur and the great gods my lords I fought with him and defeated him I confined him to his city Moving on from the city Tīl-Barsip I approached the city Būr-marʾīna which belonged to Aḫūnu of Bīt-)Adini lit “son of Adinu” I besieged th(at city captured it and struck down 300 of their fighting men with the sword I erected a tower of heads in front of his city In the course of my progress I received the payment of Ḫabīnu of the city Tīl-abnē of Gaʾūnu of the city Sarugi and of Gīr-Adda of the city Immerina silver gold oxen sheep and wine,https://oracc.museum.upenn.edu/riao/Q004607?lang=en
i 36b,išdu Bur-marʾina ammušma in eleppa dušê Purate ēber maddanāti ša Qatazili Kummuhaya kasap hurāṣ alap immer karān amdahar ana Paqarahubuni āl ša Ahuni mār Adini ša šēp ammâte ša Purate aqribma abekte māssu altakan āl namûta alāk dabdâ qurād ṣēr rapalti imlâ <data> līm <data> mē ṣāb tidūki in kak amqutma,"Moving on from the city Būr-marʾīna I crossed the Euphrates River in rafts made of inflated goatskins I received the payment of Qatazilu of the land Kummuḫu silver gold oxen sheep and wine I approached the city Paqarḫubuni one of the cities belonging to Aḫūnu of Bīt-)Adini lit “son of Adinu” which is on the opposite bank of the Euphrates River I defeated his land and laid waste to his cities I filled the wide plain with the corpses lit “defeat” of his warriors by striking down 1,300 of his combat troops with the sword",https://oracc.museum.upenn.edu/riao/Q004607?lang=en
i 40,išdu Paqarahubuni ammušma ana āl ša Mutalli Gurgumaya aqribma maddanāti ,Moving on from the city Paqarḫubuni I approached the cities of Mutallu of the city Gurgum I received the payment of Mutallu of the city Gurgum silver gold oxen sheep wine and his daughter together with her rich dowry,https://oracc.museum.upenn.edu/riao/Q004607?lang=en
i 41b,ša Mutalli Gurgumaya kasap hurāṣ alap immer karān mārassu ištu nadunnîšinama maʾassi amdahar išdu Gurgume ammušma ana Lutibu āl dannīti ša Hayyani Samʾallaya aqribma Hayyani Samʾallaya Sapalulme Pattinaya Ahuni mār Adini Sagara Gargamišaya ana rēṣūssu ahāmeš atkal akṣur tāhāssu ana epāš tuqmāte ana irassun atbīma in emūq ṣīra ša urigalli ālik pān in kak ezza ša Aššur bēl ašarrakšunūti issišunu amdahaṣ abekte altakan mudahṣīšunu in kak amqutma kīma Adad el rihilta izannun in harīṣa asbuk šalamdi qurād ṣēr rapalti imlâ dām kīma nabāsi māssu assarap narkabat maʾassi sisê ṣimdassu nīr ekēm asaʾīte ša qaqqad in pūssa āl arṣib āl abbul anaqqar in išātāti ašrup in ūm adlul narbût il rab ša Aššur u Šamaš qurdi lišāpâ ana ṣât ṣalam šarrūssa šurbâ epāš alkakāt qurdi epissun tašninte in qarbešunu alṭur in rāšūʾa ēna Saluara,Moving on from the city Gurgum I approached the city Lutibu the fortified city of Hayyānu of the land Samʾal Hayyānu of the land Samʾal Sapalulme of the land Pattinu Aḫūnu of Bīt-)Adini lit “son of Adinu” and Sangara of the land Carchemish put their trust in each other and prepared for war They attacked me to do battle With the exalted might of the divine standard that goes before me and with the fierce weapons that the god Aššur my lord gave to me I fought and defeated them I struck down their fighting men with the sword rained down upon them destruction lit “flood” like the god Adad piled up their bodies in ditches filled the extensive plain with the corpses of their warriors and dyed the mountain red with their blood like red wool I took from them lit “him” numerous chariots and teams of horses I erected a tower of heads in front of his city I destroyed demolished and burned with fire his cities At that time I praised the greatness of the great gods and made manifest the heroism of the gods Aššur and Šamaš for posterity by creating a colossal statue of my royal majesty and writing thereon about my heroic deeds and victorious actions I erected it before the source of the Saluara River at the foot of Mount Amanus,https://oracc.museum.upenn.edu/riao/Q004607?lang=en
i 51b,ša šēp šad Hamana atazziz išdu Hamana ammušma Aramtu ēber ana AliMUŠ āl dannīti ša Sapalulme Pattinaya aqribma Sapalulme Pattinaya ana ētazbū napištašu Ahuni mār Adini Sagara Gargamišaya Hayyani Samʾallaya Katea Quaya Pihrim Hilakkaya Bur-Anate Yasbuqaya Adanu  Yahanaya ana emūq alqâ in qibēti Aššur bēl puhrišunu apruʾ āl albišu akšud šallassin kabitta narkabat maʾassi sisê ṣimdassu nīr assalla <data> mē mudahṣīšunu in kak amqutma in qarbešunu tamhāra šatti Bur-Anate Yasbuqaya qāssa lū akšud māhāz rab ša Pattinaya akšud āl ša ah tâmāte elēnīte ša Amurre u tâmāte ša šulme Šamaš kīma tīl abūb lū asahhap maddanāti ša šar ša ah tâmāte amdahar in ah tâmāte rapalti mēšariš šaltiš lū alāk ṣalam bēlūssina mukīn šum ana dārât epāš in el tâmāte atazziz ana šad Hamana elê gašūrī erēna burāšī akkis ana šad,Moving on from Mount Amanus I crossed the Orontes River and approached the city AliMUŠ the fortified city of Sapalulme of the land Pattinu In order to save his own life Sapalulme of the land Pattinu received into his armed forces Aḫūnu of Bīt-)Adini lit “son of Adinu” Sangara of the city Carchemish Hayyānu of the land Samʾal Katî of the land Que Piḫirim of the land Ḫilakku Bur-Anate of the land Yasbuqu and Adānu of the land Yaḫānu By the command of the god Aššur my lord ii 1 I scattered their assembled forces I besieged th(at city captured it and carried off valuable booty from them including numerous chariots and teams of horses I struck down 700 of their fighting men with the sword In the midst of this battle ii 5 I captured Bur-Anate of the land Yasbuqu I captured the large cities of the Pattinean Sapalulme I overwhelmed the cities on the shore of the Upper Sea of the land Amurru which is also called the Sea of the Setting Sun so that they looked like ruin hills created by the Deluge I received the payment of the kings on the seashore I marched about by right of victory in the extensive area of the seashore I made an image of my lordly majesty that establishes my fame lit “name” for eternity I erected it by the sea I ascended Mount Amanus and cut down beams of cedar and juniper I marched to Mount Atalur Mount Lallar where the image of Anum-ḫirbe stands and erected my image together with his image,https://oracc.museum.upenn.edu/riao/Q004607?lang=en
ii 10b,Atalur ašar ṣalam ša Anum-hirbe zaqpatma alāk ṣalam ašar ṣalam atazziz išdu tâmāte ammušma Taya Hazazi Nulia Butamu ša Pattinaya akšud <data> līm <data> mē dīkāti addūak <data> līm <data> mē šallassin assalla maddanāti ša A-rame mār Agusi kasap hurāṣ alap,"Moving away from the sea I captured the cities Tayâ Ḫazazu Nulia and Butāmu which belong to the Patinnean Sapalulme I massacred 2,800 of their fighting men and carried off 14,600 captives I received the payment of A(b)-rāmu Abi-rāmu of Bīt-A)gūsi lit “son of Gūsu” silver gold oxen sheep wine and a gold and silver bed",https://oracc.museum.upenn.edu/riao/Q004607?lang=en
ii 13b,immer karān eršēt hurāṣ kasap amdahar in līmi šanāt šum in Ayyaru <data> išdu Nina ammušma Diglat ēber Hasamu Dihnunu abbalkit ana Til-Barsip āl daʾʾat ša Ahuni mār Adini aqribma Ahuni mār Adini ana gipiš ummān atkal ana irassun atbīma abekte altakan in āl,On the thirteenth day of Ayyāru II in the eponymy of my own name I moved out from Nineveh crossed the Tigris River traversed Mounts Ḫasamu and Diḫnunu and approached the city Tīl-Barsip Bursip the fortified city of Aḫūnu of Bīt-)Adini lit “son of Adinu” Trusting in the strength of his troops Aḫūnu of Bīt-)Adini lit “son of Adinu” attacked me I defeated him and confined him to his city,https://oracc.museum.upenn.edu/riao/Q004607?lang=en
ii 16b,ēsir išdu Til-Barsip ammušma in eleppa ša dušê Purate in mēliša ēber x-ga Tagi Surunu Paripa Til-bašere Dabigi <data> āl daʾʾat ša Ahuni mār Adini lū akšud dīkāti,Moving on from Tīl-Barsip Bursip I crossed the Euphrates River which was in flood in rafts made of inflated goatskins I besieged the cities gâ Tagi Sūrunu Paripa Tīl-bašerê and Dabigu six fortified cities belonging to Aḫūnu of Bīt-)Adini lit “son of Adinu” and captured them I massacred many of their people and carried off booty from them I destroyed demolished and burned with fire 200 cities in their environs,https://oracc.museum.upenn.edu/riao/Q004607?lang=en
ii 18b,maʾassi addūak šallassin assalla <data> mē āl ša libīt abbul anaqqar in išātāti ašrup išdu Dabigi ammušma ana Sazabe āl dannīti ša Sagara Gargamišaya aqribma āl albišu akšud dīkāti maʾassi addūak šallassin assalla āl ša libīt abbul anaqqar in išātāti ašrup šar ša Hatta ana sihir išdu pān namrurat kak daʾʾat u tāhāssu šitmurāku aplah šēp aṣabbata Qalparuda Pattinaya <data> bilassun hurāṣ <data> mē bilassun kasap <data> mē bilassun siparram <data> mē bilassun parzilla <data> līm diqār siparram <data> līm lubultē birmē kitê mārassu issišunu nadunnîšinama maʾassi <data> bilassun argamanni <data> mē alap <data> līm immer amdahar <data> bilassun kasap <data> bilassun argamanni <data> mē gašūrī erēna,"Moving on from the city Dabigu I approached the city Sazabê a fortified city of Sangara of the city Carchemish I besieged th(at city captured it massacred many of their people and carried off booty from them I destroyed demolished and burned with fire cities in its environs All of the kings of the land Ḫ[atti became afraid in the face of the flash of my strong weapons and my stormy onslaught and submitted to me I received from Qalparunda of the land Pattinu 3 talents of gold 100 talents of silver 300 talents of bronze 300 talents of iron 1,000 bronze casseroles 1,000 linen garments with multi-colored trim his daughter together with her rich dowry 20 talents of red purple wool 500 oxen and 5,000 sheep I imposed upon him as an annual payment 1 talent of silver 2 talents of red purple wool and 100 cedar beams and I regularly receive it in my city Aššur",https://oracc.museum.upenn.edu/riao/Q004607?lang=en
ii 24b,maddanāti in el altakan šattišam in āl Aššur amdahar Hayyani mār Gabbari ša šēp Hamana <data> bilassun kasap <data> bilassun siparram <data> bilassun parzilla <data> mē lubultē birmē kitê <data> mē alap <data> līm immer <data> mē gašūrī erēna <data> <data> imēr dām erēna mārassu issišunu nadunnîšinama amdahar <data> manê kasap <data> mē gašūrī erēna <data> imēr dām erēna maddanāti in el altakan šattišam,"I received from Hayyānu of Bīt-)Gabbāri lit “son of Gabbāru” which is at the foot of Mount Amanus N talents of silver 90 talents of bronze 90 talents of iron 300 linen garments with multi-colored trim 300 oxen 3,000 sheep 200 cedar beams N]+2 homers of cedar resin and his daughter with her rich dowry I imposed upon him as tribute 10 mina s of silver 100 cedar beams and 1 homer of cedar resin and I receive it annually in my city Aššur",https://oracc.museum.upenn.edu/riao/Q004607?lang=en
ii 27b,amdahar A-rame mār Agusi <data> manê hurāṣ <data> bilassun kasap <data> mē alap <data> līm immer amdahar Sagara Gargamišaya <data> bilassun hurāṣ <data> bilassun kasap <data> bilassun siparram <data> mē bilassun parzilla <data> bilassun argamanni <data> mē ṣubāt mārassu issišunu nadunnîšinama u <data> mē mārassu rab <data> mē alap <data> līm immer amdahar <data> manê hurāṣ <data> bilassun kasap <data> bilassun argamanni in el altakan šattišam amdahar Qatazili,"I received from A(b)-rāmu Abi-rāmu of Bīt-A)gūsi lit “son of Agūsu” 10 mina s of gold 6 talents of silver 500 oxen and 5,000 sheep I received from Sangara of the city Carchemish 2 talents of gold 70 talents of silver 30 talents of bronze 100 talents of iron 20 talents of red purple wool 500 garments his daughter together with her dowry 100 of his nobles’ daughters 500 oxen and 5,000 sheep I imposed upon him as a payment 1 mina of gold 1 talent of silver and 2 talents of red purple wool and I receive it annually From Qatazilu of the land Kummuḫu I receive annually 20 mina s of silver and 300 cedar beams",https://oracc.museum.upenn.edu/riao/Q004607?lang=en
ii 30b,Kummuhaya <data> manê kasap <data> mē gašūrī erēna šattišam amdahar in līmi Aššur-belu-kaʾʾin in Ayyaru <data> išdu Nina ammušma Diglat ēber Hasamu Dihnunu abbalkit ana Til-Barsip āl dannīti ša Ahuni mār Adini akšud Ahuni mār Adini išdu pān namrurat kak ezza u tāhāssu šitmurāku ana ētazbū napištašu in mēliša Purate ēber ana māssu šanâ abbalkit in qibēti Aššur bēl rab bēl Til-Barsip Alligi Nanpigi Rugguliti ana āl šarrūssa aṣabbata amēl Aššur in libba ašāb ēkal ana šubat šarrūssa in qarbešunu addâ šum Til-Barsip Kar-Salmanu-ašared,On the thirteenth day of Ayyāru II in the eponymy of Aššur-bēlu-kaʾʾin I moved out from Nineveh crossed the Tigris River traversed Mounts Ḫasamu and Diḫnunu approached the city Tīl-Barsip the fortified city of Aḫūnu of Bīt-)Adini lit “son of Adinu” and captured it Aḫūnu of Bīt-)Adini lit “son of Adinu” in the face of the flash of my ferocious weapons and stormy onslaught crossed the Euphrates River which was in flood in order to save his own life He crossed over to strange lands By the command of the god Aššur the great lord my lord I seized the cities Tīl-Barsip Alligu Nappigi and Rug(g)ulitu as my royal cities I settled therein Assyrians and founded inside palaces as residences of my royal majesty I re)named Tīl-Barsip as Kār-Shalmaneser Nappigi as Līt-Aššur Alligu as Aṣbat-lakūnu and Rug(g)ulitu as Qibīt Aššur,https://oracc.museum.upenn.edu/riao/Q004607?lang=en
ii 35b,šum Nanpigi Lita-Aššur šum Alligi Aṣbat-la-kunu šum Rugguliti Qibit-Aššur šum abbe in ūm ana Ana-Aššur-uter-aṣbat ša amēl Hattaya Pitiru aqabbû ša el Sagura ša šēp ammâte ša Purate u Mutkinu ša šēp annâ ša Purate ša Tukulti-apil-Ešarra ab rubā alāk mahar aṣabbata in tarṣi Aššur-rabi šar māssu Aššur šar Arama in danān ekēm āl šunūte ana ašar atūra amēl Aššur in libba ašāb kī in Kar-Salmanu-ašared ašbā maddanāti ša šar ša ah tâmāte šar ša ah Purate kasap hurāṣ annakī siparram,At that time the city Ana)-Aššur-utēr-aṣbat which the people of the land Ḫatti call Pitru and which is on the Sagura River on the opposite bank of the Euphrates River and the city Mutkīnu which is on this bank of the Euphrates River which Tiglath-pileser I my ancestor a ruler who came before me had established — at the time of Aššur-rabi II king of Assyria the king of the Arameans had taken these two cities away by force — I restored these cities I settled Assyrians therein While I was residing in the city Kār-Shalmaneser I received the payment of the kings of the seashore and kings on the banks of the Euphrates River silver gold tin bronze bronze and iron casseroles oxen sheep garments with multi-colored trim and linen garments,https://oracc.museum.upenn.edu/riao/Q004607?lang=en
ii 40b,diqār siparram parzilla alap immer lubultē birmē u kitê amdahar išdu Kar-Salmanu-ašared ammušma Hasumu abbalkit ana Bit-Zamani arād išdu Bit-Zamani ammušma Namdanu Merhisu abbalkit arah pašqat šad marṣa ša kīma šēlūt patar ana šamê ziqipta šakin in akkul erâ anaqqar narkabat ummān etāqim ana Enzata ša Isua arād Enzata ana sihir qāssa akšud āl abbul anaqqar in išātāti ašrup šallassin būšašu makkūr ana lā mēna assalla ṣalam šarrūssa šurbâ epāš tanadāte Aššur bēl rab bēl u lētu kiššūta in qarbešunu alṭur in Saluria šapliš in qaqqar ēqi atazziz,Moving on from the city Kār-Shalmaneser I crossed over Mount Ḫa sumu and went down to the land Bīt-Zamāni Moving on from the land Bīt-Zamāni I crossed over Mounts Namdānu and Merḫisu I smashed out with copper picks rough paths in rugged mountains that rose perpendicularly to the sky like the points of daggers I moved my chariots and troops over these paths and descended to the land Enzi of the land Išua I conquered all of the land Enzi destroyed demolished and burned with fire their cities and carried off their incalculable booty possessions and property I made a colossal statue of my royal majesty and wrote thereon the praises of the god Aššur the great lord my lord and my victorious conquests I erected it in the lower city Saluria in its ēqu area,https://oracc.museum.upenn.edu/riao/Q004607?lang=en
ii 45,išdu Enzata ammušma Arṣania ēber ana Suhme aqribma Uaštal āl dannīti akšud Suhme ana sihir abbul anaqqar in išātāti ašrup Suʾa āl in qāssa aṣabbata išdu Suhme ammušma ana Daiaeni arād Daiaeni,Moving on from the land Enzi I crossed the Arṣania River and approached the land Suḫnu I captured the city Uaštal its fortified city I destroyed demolished and burned with the land Suḫnu in its entirety I captured their city ruler Sūʾa Moving on from the land Suḫnu I descended to the land Daiaeni I captured the land lit “city” Daiaeni in its entirety I destroyed demolished and burned with fire their cities I received their captives property and rich possessions,https://oracc.museum.upenn.edu/riao/Q004607?lang=en
ii 47b,ana sihir akšud āl abbul anaqqar in išātāti ašrup šallassin būšašu makkūr maʾassi alqâ išdu Daiaeni ammušma ana Arṣašku āl šarrūssa ša Arrame Uarraṭaya aqribma Arrame Uarraṭaya išdu pān namrurat kak daʾʾat u tāhāssu šitmurāku aplah āl mušširannâti ana šad Adduri elê arkešu ana šad elê tāhāssu daʾʾat in qarbešunu šad altakan <data> līm <data> mē mudahṣīšunu in kak amqutma kīma Adad in el rihilta izannun dām kīma nabāsi māssu assarap ušmannašu ekēm narkabat pēthal sisê parê agāla makkūr šallassin būšašu maʾassi išdu qarbešunu šad atūra Arrame ana ētazbū napištašu ana šad marṣa elê in kiṣir zikrūssu māssu kīma rīm adʾiš āl namûta alāk Arṣašku adi āl ša libīt abbul anaqqar in išātāti ašrup asaʾīte ša qaqqad in pūssa abul arṣib annâ rab in libba asaʾīte umaggig annâ in battubatte ša asaʾīte in zipqa ašqup išdu Arṣašku ammušma ana šad Eritia elê ṣalam šarrūssa šurbâ epāš tanadāte ša Aššur bēl u lētu kiššūta ša in Urarṭa epāš in qarbešunu,"Moving on from the land Daiaeni I approached the city Arṣašku(n the royal city of Arrāmu of the land Urarṭu Arrāmu of the land Urarṭu became frightened in the face of the flash of my strong weapons and stormy onslaught abandoned his city and ascended Mount Adduri I went up th(at mountain after him and fought a mighty battle in th(at mountain ii 50 I struck down 3,400 of his fighting men with the sword rained down upon them destruction lit “flood” like the god Adad and dyed the mountain red with their blood like red wool I took away his camp and brought back from the mountain his chariots cavalry horses mules beasts of burden captives and rich possessions Arrāmu in order to save his own life ascended a rugged mountain I trampled his land with my vigorous virility like a wild bull and laid waste to his cities I destroyed demolished and burned with fire the city Arṣašku(n together with the cities in its environs I erected towers of heads before his gate some heads of nobles I spread out within the piles while others I erected on stakes around the piles Moving on from the city Arṣašku(n I ascended Mount Irtia Eritia I made a colossal statue of my royal majesty and wrote thereon the praises of the god Aššur my lord and the victorious conquests that I had been achieving in the land Urarṭu I erected it on Mount Ir]tia Eri]tia",https://oracc.museum.upenn.edu/riao/Q004607?lang=en
ii 56b,alṭur in šad Eritia atazziz išdu Eritia ammušma ana Aramale aqribma āl abbul anaqqar in išātāti ašrup išdu Aramale ammušma ana Zanziuna aqribma <data> šar Zanziuna tāhāssu adāru šēp aṣabbata sisê ṣimdassu nīr alap immer amdahar rēmūtu altakan <data> in tayyarat ana tâmāte ša Naʾiri arād kak Aššur ezza in libba tâmāte ullil nīq aqqâ ṣalam šarrūssa šurbâ epāš tanadāte,Moving on from Mount Irtia Eritia I approached the city Arama(riya)lî and I destroyed demolished and burned with fire its surrounding cities Moving on from the city Arama(riya)lî I approached the city Zanziuna ute the king of the city Za]nziuna being afraid to do battle with me grasped my feet I received from him teams of horses oxen and sheep I had mercy on him and spared him On my return march I went down to the Sea of the Naʾiri land(s washed the fierce weapons of the god Aššur in the sea and made sacrifices I created a colossal statue of my royal majesty wrote thereon the praises of the god Aššur the great lord my lord my heroic deeds and victorious actions and erected it by the sea,https://oracc.museum.upenn.edu/riao/Q004607?lang=en
ii 60b,Aššur bēl rab bēl alkakāt qurdi u epissun tašninte in qarbešunu alṭur in el tâmāte atazziz išdu tâmāte ammušma ana Gilzani aqribma Asau šar Gilzani adi ah mār in irassun aṣê šēp aṣabbata narkabat ummān sisê ṣimdassu nīr alap immer karān <data> tāmarāte ša <data> guggalīpšina amdahar ṣalam šarrūssa šurbâ epāš tanadāte Aššur bēl rab bēl,Moving on from the sea I approached the land Gilzānu Asû the king of the land Gilzānu together with his brothers and sons came out to meet me and submitted to me I received from him numerous chariots teams of horses oxen sheep wine and seven camels with two humps I made a colossal statue of my royal majesty and wrote thereon the praises of the god Aššur the great lord my lord and the victorious conquests that I had been achieving in the Naʾiri land(s I erected it inside his city in his temple,https://oracc.museum.upenn.edu/riao/Q004607?lang=en
ii 63b,u lētu kiššūta ša in Naʾiri epāš in qarbešunu alṭur in qabal āl in ēkur atazziz išdu Gilzani ammušma ana Šilaia āl dannīti ša Kaki šar Hubuške aqribma āl albišu akšud dīkāti maʾassi addūak <data> līm šallassin alap ṣēnašu sisê parê agāla ana lā mēna assalla ana āl Aššur ābilāt in nērab ša Enzata erāba in nērab ša Habriuri,"Moving on from the land Gilzānu I approached the city Šilaia a fortified city of Kākī(a the king of the land Ḫubuškia I besieged th(at city captured it and massacred many of them I carried off from them 3,000 captives oxen sheep horses mules and donkeys without number and brought them to my city Aššur I entered the passes of the land Enzi and came out through the passes of the land Ḫabru[ri before Arbela",https://oracc.museum.upenn.edu/riao/Q004607?lang=en
ii 66b,in pūssa Arba-il aṣê Ahuni mār Adini ša išdu šar ab šepṣu u danān altakan in šurrât šarrūssa in līmi šanāt šum išdu Nina ammušma Til-Barsip āl dannīti albišu qurād albišu mithuṣu in libba altakan kirâtešunu akkis nabli malmalli el izannun išdu pān namrurat kak melam ša bēlūssina aplah āl mušširannâti,As for Aḫūnu of Bīt-)Adini lit “son of Adinu” who had fought with might and main since the days of the kings my ancestors at the beginning of my reign in the eponymy of my name I moved out from Nineveh and besieged the city Tīl-Barsip Bursip his fortified city I surrounded him with my warriors and did battle against him I cut down his gardens and rained flaming arrows upon him He became afraid in the face of the flash of my weapons and my lordly brilliance abandoned his city and crossed the Euphrates River in order to save his own life,https://oracc.museum.upenn.edu/riao/Q004607?lang=en
ii 69b,ana ētazbū napištašu Purate ēber in šanê šanāt in līmi Aššur-bunaʾi-uṣur arkešu arde Šitamrat ubān šad ša ah Purate ša kīma erpeti išdu šamê šuqallula ana dannīti altakan in qibēti Aššur bēl rab bēl u urigalli ālik mahar ana Šitamrat aqribma ša in šar ab mumma in qarbešunu lā iṭhū in <data> ūm qarrād šad ahīṭ gapša libba tuqmāte ābilāt elê in šēp šad asahhap Ahuni ana rupšu ummān atkal in irassun aṣê sidirta lū altakan kak Aššur bēl in libba atruṣma dabdâ altakan qaqqad muqtablī akkis dām mudahṣīšunu šad assarap maʾdūtišu ana kāpi ša šad amqutma tāhāssu daʾʾat in libba āl altakan pulhat melam ša Aššur bēl asahhap arād šēp aṣabbata Ahuni issišunu ummān narkabat pēthal makkūr ēkal maʾassi,In a second year the eponymy of Aššur-būnāʾī-uṣur I went after him ii 70 He had made as his stronghold Mount Šītamrat a mountain peak on the bank of the Euphrates River which is suspended from heaven like a cloud By the command of the god Aššur the great lord my lord and the divine standard that goes before me I approached Mount Šītamrat a mountain which none of the kings my ancestors had penetrated For three days the hero explored the mountain His bold heart yearned for battle He ascended on foot and gained control of th(at mountain Aḫūnu trusting in the might of his troops came forth against me and drew up his battle line I pointed the weapons of the god Aššur my lord against them and defeated them I cut off the heads of his warriors and dyed the mountain red with the blood of his fighting men Multitudes of his men tumbled from mountain cliffs I waged a mighty battle against his city Fear of the brilliance of the god Aššur my lord overwhelmed them and they came down and submitted to me I took as my own Aḫūnu with his troops chariots cavalry and rich palace property beyond measure I transported it across the Euphrates River text “Tigris River” and brought it to my city Aššur I counted them as people of my land,https://oracc.museum.upenn.edu/riao/Q004607?lang=en
ii 75b,ša šuqultaša lā ṣabit ana pān atūra Diglat ēber ana āl Aššur ābilāt ana nišē māssu amnâ in šanāt šiāti ana Mazamua alāk in nērab ša Bunais lū erāba ana āl ša Nikdema Nikdera aqribma išdu pān namrurat kak daʾʾat u tāhāssu šitmurāku aplah in eleppa urbatē ana tâmāte asbuk in eleppa dušê arkešu lū aṣabbata tāhāssu daʾʾat in qabal tâmāte lū epāš dabdâ lū altakan,In this same year I marched to the land Zamua Mazamua I entered the pass of the land Bunais and approached the cities of Nikdēme and Nikdēra They became frightened in the face of the flash of my mighty weapons and my tumultuous onslaught and they swarmed into reed rafts on the sea I went after them in rafts made of inflated goatskins and waged a mighty battle in the midst of the sea I defeated them and dyed the sea red with their blood like red wool,https://oracc.museum.upenn.edu/riao/Q004607?lang=en
ii 78b,tâmāte in dām kīma nabāsi lū assarap in līmi Dayyan-Aššur in Ayyaru <data> išdu Nina ammušma Diglat ēber ana āl ša Ge-ammu Baliha aqribma pulhat bēlūssina namrurat kak ezza aplah in kak ramānī Ge-ammu bēl addūak ana Sahlala u Til-ša-turahi lū erāba il ana ēkal lū erāba tašīlassu in ēkal lū altakan,On the fourteenth day of Ayyāru II in the eponymy of Dayyān-Aššur I moved out from Nineveh crossed the Tigris River and approached the cities of Gē-ammu on the Balīḫ River They were frightened of fearfulness of my lordly majesty and the flash of my fierce weapons and they killed Gē-ammu their lord with their own weapons I entered the cities Saḫlalu and Tīl-ša-turāḫi I took my gods into his palaces and celebrated in his palaces I opened his storage area and saw his treasure I carried off his possessions and property and brought them to my city Aššur,https://oracc.museum.upenn.edu/riao/Q004607?lang=en
ii 81b,nakamtešu lū aptâ niṣirtašu lū amār makkūr būšašu assalla ana āl Aššur ābilāt išdu Sahlala ammušma ana Kar-Salmanu-ašared aqribma in eleppa dušê ša šaniānu Purate in mēliša ēber maddanāti ša šar ša šēp ammâte ša Purate ša Sagara Gargamišaya ša Kundašpi Kummuhaya ša A-rame mār Agusi ša Lalla Maliddaya ša Hayyani mār Gabbari ša Qalparuda Pattinaya ša Qalparuda Gurgumaya kasap hurāṣ annakī siparram diqār siparram in Ana-Aššur-uter-aṣbat ša šēp ammâte ša Purate ša el Sagura ša amēl Hattaya Pitiru,Moving on from the city Saḫlalu I approached the city Kār-Shalmaneser I crossed the Euphrates River which was in flood for a second time in rafts made of inflated goatskins In the city Ana-Aššur-utēr-aṣbat which is on the opposite bank of the Euphrates River on the Sagurri River and which the people of the land Ḫatti call the city Pitru in this city I received the payment of the kings on the opposite bank of the Euphrates River from Sangara of the city Carchemish from Kundašpi of the city Kummuḫu from A(b)-rāmu Abi-rāmu of Bīt-A)gūsi lit “son of Gūsu” from Lalla of the city Melid from Ḫayyānu of Bīt-)Gabbāri lit “son of Gabbāru” from Qalparunda of the land Pattinu and from Qalparunda of the land Gurgum silver gold tin bronze and bronze casseroles,https://oracc.museum.upenn.edu/riao/Q004607?lang=en
ii 86b,aqabbû in libba amdahar išdu el Purate ammušma ana Halman aqribma tāhāssu adāru šēp aṣabbata kasap hurāṣ maddanāti amdahar nīq ana pān Adad ša Halman epāš išdu Halman ammušma ana āl ša Irhulena Amataya aqribma Adennu Parga Argana āl šarrūssa akšud šallassin būšašu,Moving on from the Euphrates River I approached Aleppo Ḫalman They were afraid to do battle with me and grasped my feet I received their payment of silver and gold and made sacrifices before the god Adad of Aleppo Ḫalman Moving on from Aleppo Ḫalman I approached cities of Irḫulena of the land Hamath I captured the cities Atinnu Adennu Pargâ and Arganâ his royal cities I brought forth his captives property and palace possessions and burned with fire his palaces,https://oracc.museum.upenn.edu/riao/Q004607?lang=en
ii 89b,makkūr ēkal aṣê ana ēkal išātāti addâ išdu Argana ammušma ana Qarqar aqribma Qarqar āl šarrūssa abbul anaqqar in išātāti ašrup <data> līm <data> mē narkabat <data> līm <data> mē pēthal <data> līm ummān ša Adda-idri ša Ša-imarišu <data> mē narkabat <data> mē pēthal <data> līm ummān ša Irhulena Amataya <data> līm narkabat <data> līm ummān ša Ah-abbu Sirʾalaya <data> mē ummān ša Gublaya <data> līm ummān ša Muṣraya <data> narkabat <data> līm ummān ša Irqanataya <data> mē ummān ša Matan-Baʾal Armadaya <data> mē ummān ša Usanataya <data> narkabat <data> līm ummān ša Adunu-Baʾali Šiʾannaya <data> līm gammalī ša Gindibuʾ Arabi <data> mē ummān ša Baʾsa mār Ruhubi Ammanaya <data> šar annâ ana neʾrārāte alqâ ana epāš qabal u tāhāssu ana irassun atbīma in emūq ṣīra ša Aššur bēl addin in kak daʾʾat ša urigalli ālik pān ašarrakšunūti issišunu amdahaṣ išdu Qarqar adi Dilziau dabdâ lū altakan <data> līm ṣāb tidūki in kak amqutma kīma Adad el rihilta izannun lumeṣṣi šalamdi pān namê imlâ rapalti ummān in kak amqutma arde dām <data> ša <data> <data> imēṣū ṣēr ana amqutma napištašu nabrarû rapalti ana qubūrišunu halāq in šalamdi Aramtu kīma titūrāte aksir in qarbešunu tamhāra šatti narkabat pēthal sisê ṣimdassu nīr ekēm,"Moving on from the city Arganâ I approached the city Qarqar I destroyed demolished and burned with fire the city Qarqar his royal city An alliance had been formed of lit “he/it had taken as his allies” these twelve kings 1,200 chariots 1,200 cavalry and 20,000 troops of Hadad-ezer Adda-idrī of Damascus 700 chariots 700 cavalry and 10,000 troops of Irḫulena of the land Hamath 2,000 chariots and 10,000 troops of Ahab Aḫ-abi the Israelite Sirʾalāyu 500 troops of Byblos 1,000 troops of Egypt 10 chariots and 10,000 troops of the land Arqâ Irqanatu 200 troops of Mattan-Baʾal of the city Arwad 200 troops of the land Usnû Usanātu 30 chariots and N],000 troops of Adūnī-Baʾal of the land Siʾannu 1,000 camels of Gindibuʾ of the land of the Arabs and N hundred troops ii 95 of Baʾsa of Bīt-)Ruḫubi lit “son of Ruḫubu” of the land Bīt-)Ammon They attacked to wage war and battle against me With the supreme forces that the god Aššur my lord had given to me and with the mighty weapons that the divine standard that goes before me had granted me I fought with them I defeated them from the city Qarqar to the city Gilzau I struck down 14,000 troops their fighting men with the sword and rained down upon them destruction lit “flood” like the god Adad I filled the plain with their spread out lit “I spread out” corpses and struck down their extensive troops with the sword I made their blood flow in the wadis ii 100 The plain was too small to lay the incredible number of their bodies lit “lives” flat the extensive area was not sufficient lit “vanished” to accommodate burying all of them I dammed up the Orontes River with their bodies like a bridge In the midst of this battle I took away from them chariots cavalry and teams of horses",https://oracc.museum.upenn.edu/riao/Q004607?lang=en
