﻿line,akkadian,english,source
1',āl ša Arrame Uarraṭaya adi rāšūʾa ēna ,I captured the cities of Arrā[mu of the land Urarṭu as far as the source of the Tigris River and as far as the source of the Euphrates River,https://oracc.museum.upenn.edu/riao/Q004618?lang=en
2'b,ša Diglat adi rāšūʾa ēna ša Purate akšud in <data> palâ Kullar abbalkit Mannaš Allabria Parsua Abdadana Bit-Hamban Nammur,In my sixteenth regnal year I crossed Mount Kullar and conquered the lands Mannea Munna Allabr[ia Parsua Bit-)Abdadāni Bīt-)Ḫamban Namri and Tupliyaš Tugliyaš,https://oracc.museum.upenn.edu/riao/Q004618?lang=en
4'b,Tugliyaš qāssa akšud in <data> palâ Purate ēber maddanāti ša šar ša Hatta amdahar ana šad Hamana elê gašūrī erēna akkis ana āl Aššur ābilāt in tayyarat ša išdu Hamana <data> šūš <data> rīm daʾʾat šūt qarnāša gitmālāti in Zuqarri ša šēp ammâte ša Purate addūak <data> balṭi in qāssa,In my seventeenth regnal year I crossed the Euphrates River and received the payment of the kings of the land Ḫatti I ascended Mount Amanus cut down beams of cedar and brought them to my city Aššur On my return march from Mount Amanus I slew sixty-[three perfect specimens of strong horned wild bulls by the city Zuqarri which is on the opposite bank of the Euphrates River and I captured four alive,https://oracc.museum.upenn.edu/riao/Q004618?lang=en
9'b,aṣabbata in samānēšret palâ <data> <data> <data> <data> <data> <data>,In my eighteenth regnal year,https://oracc.museum.upenn.edu/riao/Q004618?lang=en
r 1',<data> <data> <data> <data> kiššūta <data> <data>,I fashioned two royal statues of myself inscribed thereon my mighty praises Thus I prevailed over the land lit “city” Que Qau with might and main,https://oracc.museum.upenn.edu/riao/Q004618?lang=en
r 4'b,el Ga?-u?-e altakan <data> <data> <data> <data> <data> <data> <data> <data> <data> ammušma <data> <data> <data> <data> āl ša Haza-il <data> <data> <data> <data> <data> <data> <data> <data> Danabu Malaha <data> nābili ṣābīte akšud <data> abbul anaqqar <data>,In my twenty-first regnal year Moving on from I went down to the cities of Hazael of Damascus By means of tunnels battering-rams and siege towers I conquered the cities Danabu Mala[ḫu I destroyed demolished and burned with fire th(os)e cities,https://oracc.museum.upenn.edu/riao/Q004618?lang=en
l.e. 1',ašmâ tanadāte lētu attasqara kīma anāku narâ ša šar mahar šaman apšuš nīq aqqâ ana ašar,In the future may a future ruler hear of my heroic deeds and recount my praiseworthy power Just as I anointed with oil made sacrifices and returned the commemorative inscriptions of former kings to their places,https://oracc.museum.upenn.edu/riao/Q004618?lang=en
