﻿line,akkadian,english,source
1,ēkal srgn šar rabâ šar dannāku šar kiššat šar māssu Aššur šakkanak Babili šar māssu Šumeri u Akkad šar kibrāt erbaʾi migir il rabâ ,Palace of Sargon great king strong king king of the world king of Assyria governor of Babylon king of the land of Sumer and Akkad king of the four quarters of the world favorite of the great god[s,https://oracc.museum.upenn.edu/riao/Q006489?lang=en
2,Aššur Nabium Marduk il tiklēšu šarrūssa lā išnunūšuma šutlimšu siqiršin šum damiqtim aṣê ana rēšēt ,The gods Aššur Nabû and Marduk the gods my helpers granted me a reign without equal and exalted my go]od reputation to the h[eights,https://oracc.museum.upenn.edu/riao/Q006489?lang=en
3,ša Sippar Nippur Babili u Barsipa zāninūssun epēssu ša ṣāb kidin mal bāšâ hibiltašina arībma ša Deri Uri Uruk Eridu Larsa Kullaba Kissik Nemed-Laguda šubarrâšun altakan ipšah nišī zakûssunu Baltil u Harran ša ištu ūm ullê amšima kidinnūssun baṭalu atūra ašar,I continually acted as provider for the cities Sippar Nippur Babylon and Borsippa and I made restitution for the wrongful damage suffered by the people of privileged status as many as there were of them I re)-established the šuba]rrû privileges of the cities Dēr Ur Uruk Eridu Larsa Kullaba Kissik and Nēmed-L[ag]uda and gave relief to their people I resto[red the exemption from obligations of the city Baltil Aššur and the city Ḫarrān which had fallen into oblivion in the distant past and their privil]eged status that had lapsed,https://oracc.museum.upenn.edu/riao/Q006489?lang=en
6,ina tuklāt il rabâ lū alāk māssu lā māgir hursānī lā kanše ana šēp iknuša epēssu <data> <data> <data> uparrir ellat Humbaigaš Alamu abātu Karalla Šurda Ki-x-x Harhar Madaya adi patti Bikni Ellipi ēmid nīr Aššur ušahrabu Urarṭa ašallal Muṣaṣir ašgiš Andia Zikirte nišī Mannaya dalhāku šubāt nēhte ašāb anār malik Amate Galgameš Kummuha Gunzinanu Kammanuya ištu qerbeša Melid āl šarrūssa assuh el gimir māssu šâtina altakan šakin ikkirā šarrūssa Tarhu-lara Marqasaya patti gimir,With the support of the great gods I regularly advanced and made uncompliant lands and insubmissive mountain regions bow down at my feet I made I dispersed the forces of Ḫumbanigaš Ḫumban-nikaš I the Elamite I destroyed the land Karalla the land Šurda the city Kišesim the city Ḫarḫar the land Media as far as the border of Mount Bikni and the land Ellipi and imposed the yoke of the god Aššur upon them I laid waste to the land Urarṭu plundered the city Muṣaṣir slaughtered the lands Andia and Zikirtu and allowed the distur[bed people of the land Mannea to live in peace I struck down the rulers of the land Ha]math the city Ca]rchemish and the city Kummuḫu I depor[ted Gunzinānu of the land Kammanu from the city Melid 10 his royal city and set officials over all these lands I did away with the kingship of Tarḫu-lara of the city Marqasa and at the sa[me time made the wide land Gurgu[m to its full extent part of the terr[itory of Assy]ria,https://oracc.museum.upenn.edu/riao/Q006489?lang=en
11b,Gurgume rapašti ištēniš ana miṣir māssu Aššur atūra Iadna Asdudaya kak adāru alti mār mārassu ētezib ana itâka Muṣri ša patti Emeluhha innabidūma šarrāqiš ašāb el gimir māssu rapašti u nišī šamhāti šūt rāšūʾa ana bēl altakan ša Aššur šar il lirappiš kisurrî šar Emeluhha pulhī melammē ša Aššur bēl ashup qāssa u šēp birâti parzilla addâ ana qerbeša māssu Aššur adi mahar attabbal,Iāmānī of the city Ashdod took fright at my weapons abandoned his wife his sons and his daughters fled to the far edge of Egypt on the border with the land M]e[luḫ]ḫa and lived there stealthfully lit “like a thief” I set a eunuch of mine as provincial governor over all of his wide land and his prosperous people and thereby expanded the territory of the god Aššur the king of the god[s Fear of the brilliance of the god Aššur my lord overwhelmed the king of the land M]eluḫḫa they put iron fetters on his Iāmāni’s hand(s and feet and he the king of Meluḫḫa had him Iāmāni brought to Assyria and into my presence,https://oracc.museum.upenn.edu/riao/Q006489?lang=en
15,u ašallal Šinuhti Samerina u gimir Bit-Humri Yamanaya ša qabal tâmāti ereb šamaš kīma nūnī abārma assuh Kasku Tabal Hilakki attarad Mita šar Muski ina Rapihi dabdâšu Muṣri altakan Hanunu šar Hazite šallatiš amna iknuša <data> šar ša Yaʾ nagê ša Adnana ša mālak <data> ūm ina qabal tâmāti ereb šamaš,Moreover I plundered the city Šinuḫtu the city Samaria and all of the land Bīt-Ḫumria Israel I caught the Ionians who live in the middle of the Western Sea like fish and depo]rted the people of the lands Kasku Tabal and Ḫilakku I drove out Mitâ Midas king of the land Musku I brought about the defeat of Egypt at the city Raphia and counted Ḫanūnu Ḫanno king of the city G]aza as booty I subjugated seven kings of the land Yāʾ a region of the land Yadnana Cyprus — whose abode is situ]ated at a distance of seven days journey in the middle of the Western Sea,https://oracc.museum.upenn.edu/riao/Q006489?lang=en
18b,šitkunā šubāt u Marduk-apla-iddina šar Kaldi āšib kišād marrat ša kī lā libba il šarrūssa Babili epēssu akšud rabâ qāssa gimir māssu rapašti malmališ azūz ina qāssa šūt rāšūʾa šakin māssu Babili u šūt rāšūʾa šakin māssu Gambulaya amna,Moreover my great hand conque[red Marduk-apla-iddina II Merodach-Baladan king of Chaldea who dwelt on the shore of the sea and who exercised kingship over Babylon against the will of the gods I divided up all of his Marduk-apla-iddina’s wide land into equal parts assi[gned them to the authority of a eunuch of mine the governor of the land of Babylon and a(nother eunuch of mine the governor of the Gambulu and I imposed the yoke of the god Aššur upon them,https://oracc.museum.upenn.edu/riao/Q006489?lang=en
20b,ēmid nīr Aššur Uperi šar Dilmun ša mālak <data> bēr ina qabal tâmāti kīma nūnī šitkunā narbāṣu danān bēlūssu ašmâ ,Upēri king of Dilmun who(se lair is situated at a distance of thirty leagues in the middle of the sea like that of a fish heard of my lordly mi[gh]t and brought me his audience gift,https://oracc.museum.upenn.edu/riao/Q006489?lang=en
21b,aššânni tāmartašu ina emūq Aššur Nabium Marduk il rabâ bēl ša kak itbâ rasāb nagab gārê ištu Adnana ša qabal tâmāti adi patti Muṣri u Muski Kummuha Melid māssu Amurre rapašti Hatti ana sihir naphar Gute Madaya rūqāti ša patti Bikni Raše Ellipi ša itâka Elamte Arame āšib ah Diglat Surappi Uqne adi Sute ṣāb ṣēr ša Dibirina mal bāšâ ištu Samʾuna adi Bube Til-Humba ša miṣir Elamte Karduniaš eliš u šapliš gimir Kaldi mal bāšâ Bit-Yakin ša kišād marrat adi patti Dilmun kī ištât abēl ana miṣir māssu Aššur atūra šūt rāšūʾa bēl el altakan,With the strength of the gods Aššur Nabû and Marduk the great gods my lords who mobilized my weapons I cut down a[ll my f[oes I ruled as if they were one people from the land Yadnana Cyprus which is in the middle of the sea as far as the border(s of Egypt and the land Mus[ku the land Kummuḫu the city Melid the wide land Amurru the land Ḫatt[i Syria in its entirety all of the land G]utium the distant Medes who live on the border of Mount Bikni the land Rāši and the land E]l[lip]i on the border of the land Elam the A[rameans who live beside the Tigris Sur]appu and Uqnû rivers together with the Sutians the people of the steppe of the land Ya[dburu as many as th[ere are from the city Samʾūna as far as 25 the city Bub]ê and the city Tīl-Ḫumba which are on the border of the land Elam the land Karduniaš Babylonia from one end to the other lit “above and below]” all of Chaldea as much as there is of it the land Bīt-Yakīn which is on the shore of the sea as far as the border of Dil]mun and I made them part of the ter]ri[tory of Assyria I set eunuchs of mine as provincial governors over them and imposed the yoke of m]y lordship upon them,https://oracc.museum.upenn.edu/riao/Q006489?lang=en
27b,nīr bēlūssu ēmid ina ūm ina tenēšet nakirēšu <data> <data> ,At that time using as laborers enemy pe[ople whom I had captured whom the gods Aššur Nabû and Marduk had made bow down at my feet and who now pull my yoke and in accordance with divine will and my heart’s desire I built a city at the foot of Mount M>uṣri upstream from Nineveh and I na]med it Dūr-Šarrukīn,https://oracc.museum.upenn.edu/riao/Q006489?lang=en
28b,išâṭ abšānī ina šēp Muṣri elāni Nina kī ṭēm il ina bibil libba āl epēssu Dur-Šarrukin attasqara nibīssun kirimahhi tamšīl ,I created around it a botanical garden a repl[ica of Mount Amanus in which were gathered every kind of aromatic plant from the land Ḫatti Syria and every type of fruit-bearing mountain tree,https://oracc.museum.upenn.edu/riao/Q006489?lang=en
29b,Hamana ša gimir riqqī hibišti Hatti inba šad kal qerbeša hurrušu abnâ itâka ša <data> mē <data> malik labīrāte ša ellāmēšun bēlūssu māssu Aššur epēssu ašpur baʾūlāt Enlil ayyimma ina libba ašar ul mussî ašāb ul alammad ahrâ nār u azqup ṣippat libba ul attasqara,Not o]ne of the three hundred and fifty previo]us rulers who had exercised lor]dship over Assyria before my time and had go]verned the subj[ects of the god E]n[lil had noted its the city’s site or come to know how to make it habitable nor had one ordered the digging of its canal or the planting of orchards there Day and night I planned earnestly how to settle that city and to have built a great shrine — a cella for the great gods — and palatial halls to be my lordly abode and I then ordered its construction,https://oracc.museum.upenn.edu/riao/Q006489?lang=en
31b,ana ašāb āl šâšu epēssu paramāhi atman il rabâ u ēkal šubāt bēlūssu urra mūša akpud aṣrimma epēssu aqabbû ina arah šemê ūm ,In a favorable month on an auspicious day — in the month of the god Ku]lla on the day of an eššēšu festival — I had workmen wiel]d ho]e(s an[d make bricks,https://oracc.museum.upenn.edu/riao/Q006489?lang=en
32b,mitgāri ina arah Kulla eššēši <data> <data> <data> <data> alli itarrakma albin libittašin ina Abu arah mukīn temmēn āl u bīssu ša <data> <data> <data> gimir ṣalmāt qaqqad ana rimīt aptiq ṣulūl el hurāṣ kasap erâ nisiqte aban hibišti Hamana pēli atruṣma uššē addâ <data> <data> ikūn,In the month of Abu V — the month for the one who lay]s the foundation of citi(es and house(s and in which a[ll the black-headed people construct shelter(s for the[ir dwelli]ng(s — I plac[ed its limestone masonry on top of foundation deposits of gold silver copper pre[cious stone]s and pieces of aromatic woods from Mount Amanus I laid its foundations and established its brickwork,https://oracc.museum.upenn.edu/riao/Q006489?lang=en
34b,libittašin parak rašbu ša kīma kiṣir gennī šuršudā ana Ea Sin Ningal Šamaš Nabium Adad Ninurta u hīrat rabâ epēssu qerbeša ,I had built ins]ide it the city for the gods E[a Sîn Ningal Šamaš Nabû Adad Ninurta and their great spou]ses awe-inspiring daises which were made as firm as the mountains,https://oracc.museum.upenn.edu/riao/Q006489?lang=en
35,ēkal šinni pīri ušî taskarinni musukkannī erēnī šurmēni daprāni burāši u buṭni ina qibētī ṣīrāte ana mūšab šarrūssa abnâ gušūrī erēnī rabâ el atruṣma dalāt šurmēni musukkannī meser erâ namrāti arkus arti nēreb bīssu appāte tamšīl ēkal Hatti ša ina lišān māssu Amurre,At their august command I built palatial halls using lit “of” elephant ivory ebony boxwood musukkannu wood ce]dar cypress daprānu juniper juniper and terebinth to be my royal residence and I roofed them with large ce[dar beams I bou]nd the doors of cypress and musukkannu wood with band(s of shi]ning cop]per and installed them in their entr[ance(s I had built in front of their gates a portico bīt appāti a replica of a Hittite palace which is called a bīt ḫilāni in the language of the land Amur]ru,https://oracc.museum.upenn.edu/riao/Q006489?lang=en
37b,bīssu hilāni alsâ epēssu mahirat bāb <data> urmahhē tūʾamāte šūt <data> šār nēr <data> šūš <data> bilassun maltakti erâ namrāti ša ina šipir Ninagal aptiq malâ namrīr rebê timmē erēnī šutāhāte ša <data> nindan kuburšu bibil Hamana el urmahhē ikūn adappī kulūl bāb <data> <data> ēmid immer šad lamassāt ṣīrāte ša aban šad ešqi nakliš abnâ ana erbaʾi šāri aṣabbata sigar askuppāt pēli rabâ dadmē kišitte,"Eight tw]in lion colossi of shin]ing copper that weigh 4,610 full lit “tested” talents and that were c]ast by the cr[aft of the god Ninaga[l and filled with radiance — upon those lion colossi I installed four mat]ching cedar columns whose diameter(s are one nindanu each the product of Mount Amanus and I positioned cross]-beams upon them as a cornice for their gates I skillfully fashioned magnificent mountain sheep colossi of mass]ive mountain stone and in the four directions I had them hold their the gates’ door bolt(s I depicted the settlements that I had con]quer[ed upon large lime[stone slabs and surrounded their the palatial halls’ lower courses with them I made them an object of wo]nder",https://oracc.museum.upenn.edu/riao/Q006489?lang=en
40b,qāssa ṣēr abšimma asurrûšin ishur ana tabrât alāk šār šār šār šār nēr nēr nēr <data> šūš <data> <data> nindan <data> ammat mešihta dūr altakan el aban šad zaqri lišaršid temmēn ina rāšūʾa u arkate ina ṣēlī kilallān mahirat <data> šāri <data> abul aptâ Šamaš mušakšid ernitti Adad mukīn hegal šum abul Šamaš u Adad ša mahirat šadî attasqara Enlil mukīn išdāša āl Mullissu muddiš hiṣba siqiršin abul Enlil u Mullissu ša mahirat iltāni abbi Anim mušallim epissun qāssa Ištar mušammeh nišī nibīssun abul Anim u Ištar ša mahirat amurri altakan Ea muštēšir nagab Belet-ili murappiš tālitti šum abul Ea u Belet-ili ša mahirat šūti aqabbû Aššur mušalbir palâ šar ēpissa nāṣir ummān dūr Ninurta mukīn temmēn āl ana ilabbbiru ūm,"I made the leng]th of its wall 16,2[80 cubits and I made its fo[undation secure u[pon blocks of massive mountain stone In front and in ba]ck on both sides facing the four directions I opened eight gates in the city wall I named the gate(s of the gods Šamaš and Adad that face the east “The God Šamaš Is the One Who Makes Me Triu]mph” and “The God Adad Is the One Who Establishes My Prosperity” respectively I called the gate(s of the god Enlil and the goddess Mullissu that fa]ce the north “[The God Enlil Is the One Who Establishes the Foundation of My City” and “The Goddess Mullissu Is the One Who Restores Abundance” respectively I made the na[me(s of the gate(s of the god Anu and the goddess Ištar that face the we]st 45 “The God Anu Is the One Who Makes My Undertakings Successful” and “The Goddess Ištar Is the One Who Makes Its People Flourish” respectively I pronounced the names of the gate(s of the god E[a and the goddess Bēlet-ilī that face the south to be “The God Ea Is the One Who Keeps Its Spring(s in Good Order” and “The Goddess Bēlet-Ilī Is the One Who Incr]eases Its Animals’ Offspring” respectively Its city wall was called “The God Aššur Is the One Who Prolongs the Reign of Its Royal Build]er and Protects His Troops].” Its outer wall was called “The God Ninurta Is the One Who Establishes the Foundation of His City for All Days to Come.”",https://oracc.museum.upenn.edu/riao/Q006489?lang=en
49b,rūqāti šalhî baʾūlāt arbaʾi lišān ahītu atmâya lā mithurti āšib šad u māssu mal arteʾʾâ nūr il bēl gimir ša ina siqiršin Aššur bēl ina mētel šibirri ašallal pâ ištât altakan armâ qerbeša mār māssu Aššur mūdê inî kalāma ana āhuz ṣibittašunu aplah il u šar akli šāpirī ʾāri,Peop[le from the four quarters of the world speaking foreign language(s and of diverse speech those who had dwelt in both mountain(s and low)land(s as many as the “Light of the Gods” Šamaš the lord of all shepherded whom I had carr]ied off as booty by the power of my staff at the command of the god Aššur my lord I made act in con[cert and I re)settled them inside it the city I commissioned native Assyria[ns masters of ev[ery craft as over[seers and comm]anders to instruct the settlers in correct behavior and how to revere god and king,https://oracc.museum.upenn.edu/riao/Q006489?lang=en
54,ištu šipir āl u ēkal iqtâ Aššur ab il bēl rabâ il u ištar āšib māssu Aššur ina qerbeša aqre igisê šadal tāmartašu kabitta kadrâ lā narbâte amdahhar nīq šagigurê ella,Af]ter I had completed work on their city and my palace I invited the god Aššur the father of the gods the great lord and the other gods and goddesses who dwell in Assy]ria to come inside it I offered them the gods extensive presents substantial audi]ence gift(s and innumerable gifts and I offered befor]e them sacrifices as pure voluntary offerings,https://oracc.museum.upenn.edu/riao/Q006489?lang=en
59b,mahar aqqâ ittešunu malik kibrāt erbaʾi bēl māssu rubâtu šūt rāšūʾa u šībī māssu Aššur ina qerbeša ēkal ašāb altakan nigûte hurāṣ kasap anūt hurāṣ kasap aban aqarte erâ parzilla lubulti birmē kitê takilte argamanni guhli mašak pīri šinni pīri ušî taskarinni mimma aqarte niṣirtašu šarrūssa sisê Muṣri ṣimdat nīr rabâ parê imērī ibilī alap ṣēnašu <data> <data> maddatta,With rulers from the four quarters of the world provincial governors of my land nobles eunuchs and elders of Assyria I sat down inside my palace and held a festival I received as their substantial tr]ibute gold silver utensils of gold and silver valuable stones copper iron garments with multi-colored trim and linen garments blue-purple wool red-purple wool antimony 65 elephant hides elephant ivory ebony boxwood everything valuable royal treasure large horses from Egypt trained to the yoke mules donkeys camels oxen and sheep and goats,https://oracc.museum.upenn.edu/riao/Q006489?lang=en
69b,kabitta amdahhar āl u ēkal šâtu itût kūn libba Aššur ab il ina immerū būnâšu ella kēniš appalisma ana ūm rūqāti aqabbû ašāb ina pâ ella altakan šēd nāṣir il mušallim imma u mūša qerbeša lištabrâ ai ipparakkû idāka qibētī malik bān šēbūta alāk akšud littūti ana ūm dārê libūr ēpissa yâte srgn āšib qerbeša ēkal šâša balāṭ napištašu ūm rūqāti ṭūb šīr hūd libba u immerū kabatsu išīm šīmāt ina šapassu ella aṣê būšašu nakirēšu šadal igisê dadmē nuhše kibrāt hiṣba šad,May the god Aššur the father of the gods look steadfastly upon this city and this palace that have been du[ly selected by me lit “the choice of the steadfastness of my heart” with his holy radiant face and may he ordain that it be inhabited for future days May the following commands come from lit “be set in” his holy mouth May the guardian spirit and the protective god stay continually in them day and night and may they never leave 75 them At his command may the ruler who constructed them live long and reach extreme old age May their builder remain in good health forever As for me Sargon the one who dwells inside this palace may he the god Aššur determine as my fate good health a long life lit “distant days” physical well-being joy of heart and happiness 80 May the following command issue from his holy lips May I store up inside it the city extensive property taken from the enemy presents from every settlement the yield of the four quarters of the world and the wealth of both the mountain(s and the seas,https://oracc.museum.upenn.edu/riao/Q006489?lang=en
82b,u tâmāti aqrunma qerbeša ana arkâssu ūm rubâtu arkīti ina šar mār anhūssa ēkal šâšu ēteneddišu mušarâ amār šaman apšuš nīq aqqâ ana ašar atūra Aššur ikrib ašmâ,In days to come may a future ruler among the kings my descendants renovate any dilapidated sections of this palace May he then discover my inscribed object anoint it with oil offer a sacrifice and return it to its original place The god Aššur will then listen to his prayers,https://oracc.museum.upenn.edu/riao/Q006489?lang=en
86,munakkir šiṭir u šum Aššur bēl šarrūssa askip šum zēr ina māssu halāq ai aršâ rēma,As for the one who alters my inscription or my name may the god Aššur my lord overthrow his kingship May he the god Aššur make his name and his descendant(s disappear from the land and may he not have pity on him,https://oracc.museum.upenn.edu/riao/Q006489?lang=en
