﻿line,akkadian,english,source
1',<data> <data> Šamaš dayyān šamê u ereṣēti mumaʾʾer gimer Nergal gitmāla šar tamhāra Nusku nāš haṭṭašu ella il multālu Mullissu hīrat Enlil ummi il rab il rab mušīm šīmat,the god Šamaš the judge of heaven and netherworld the commander of all the god Nergal the perfect one the king of battle the god Nusku the bearer of the holy scepter the circumspect god and the goddess Mullissu the spouse of the god Enlil the mother of the great gods the great gods who decree destinies and who aggrandize my kingship,https://oracc.museum.upenn.edu/riao/Q004616?lang=en
7'b,mušarbû šarrūssa Salmanu-ašared šar kiššat nišē rubā iššakki Aššur šar daʾʾat šar kullat kibrāt arbaʾi šamaš kiššat nišē murteddû kal māssu mār Aššur-naṣir-apli iššakki ṣīra ša iššakkūssu el il iṭābu māssu naphar ana šēp iknuša nabīssu ella ša Tukulti-Ninurta,Shalmaneser III king of all of the people ruler vice-regent of the god Aššur strong king king of all four quarters of the world sun(god of all of the people ruler of all of the lands son of Ashur[nasirpal II exalted priest whose priesthood was pleasing to the gods and who subdued all lands at his feet pure offspring of Tukultī-Ninurta II who slew all of his enemies,https://oracc.museum.upenn.edu/riao/Q004616?lang=en
13'b,ša kullat zāʾeriki anār in šurrât šarrūssa ša in kussâm šarrūssa ašāb narkabat ṣāb adakkekama in nērab ša Simesi erāba Aridi āl dannīti ša Ninni,At the beginning of my reign after I sat the throne of my royal majesty I mustered my chariots and troops I entered the pass of the land Simesi and captured the city Aridu the fortified city of Ninni,https://oracc.museum.upenn.edu/riao/Q004616?lang=en
18'b,akšud in mahar palâ Purate in mēliša ēber ana tâmāte <data>,In my first regnal year I crossed the Euphrates River and marched to the Sea of the Setting Sun,https://oracc.museum.upenn.edu/riao/Q004616?lang=en
r 1',<data> būr in Zuqarri ša šēp ammâte ša Purate addūak,I slew ten perfect specimens of strong horned wild bulls and two calves by the city Zuqarri which is on the opposite bank of the Euphrates River,https://oracc.museum.upenn.edu/riao/Q004616?lang=en
r 3',in <data> palâ <data> Purate ēber šar ša Hatta kal issišunu adakkekama Hamana abbalkit ana āl ša Katea Quaya arād Lusanda Abarnani Kisuatni āl daʾʾat adi āl ana lā māni išdu rāšūʾa āl adi ganni āl akšud dīkāti addūak šallassin assalla <data> ṣalam šarrūssa epāš tanadāte kiššūta in libba alṭur ištât in rāšūʾa āl šanê in ganni āl in pūssa tâmāte ašqup lētu u danān el Ga?-u?-e,In my twentieth regnal year I crossed the Euphrates River for the twentieth time and mustered with my forces all of the kings of the land Ḫatti I crossed Mount Amanus and went down to the cities of Katî of the land Que Qau I captured the cities Lusanda Abarnāni and Kisuatni fortified cities together with innumerable cities from the nearest of his cities to the farthest of his cities I massacred and plundered them I fashioned two statues of my royal majesty inscribed thereon my mighty praises and erected one in the nearest of his cities and the second in the farthest of his cities on a cape jutting into the sea Thus I prevailed over the land Que Qau with might and main,https://oracc.museum.upenn.edu/riao/Q004616?lang=en
r 16'b,altakan enūma dūr āl Aššur mahar ša Kikkia Puzur-Aššur Ikuni mār Eriše Naram-Sin mār Puzur-Aššur,At that time the ancient wall of my city Aššur which had been built previously by Kikkia Puzur-[Aššur I Ikūnum son of Erišum I N[arām-Sîn son of Puzur-Aššur II,https://oracc.museum.upenn.edu/riao/Q004616?lang=en
l.e. ii 1,<data> līm <data> narkabat <data> līm <data> mē <data> pēthal ,"I recruited 2,001 chariots and 5,242 cavalry for the armed forces of my land",https://oracc.museum.upenn.edu/riao/Q004616?lang=en
l.e. ii 2b,ana emūq māssu akṣur šum dūr rab ša melam māssu katim <data> libittašin šapassu āṣiat <data> libittašin rapalti,The name of the great inner wall is “Whose Brilliance Covers the Land.” Its summit protrudes ten bricks and it is twenty bricks wide,https://oracc.museum.upenn.edu/riao/Q004616?lang=en
