﻿line,akkadian,english,source
2',amât lemnāti akpud pâ ēda <data> <data> <data> <data> altakan akṣur tāhāz,He plotted evil He made them act in unison and he prepared for battle,https://oracc.museum.upenn.edu/riao/Q006583?lang=en
4',yâte srgn <data> dabāb sarrāti atmâya tēkēti adabbuba iṣṣarih kabatsu,He spo]ke deceitfully words complaining about me Sargon and I became enr[aged,https://oracc.museum.upenn.edu/riao/Q006583?lang=en
8',šâšu adi qinna alti mār mārassu birâti parzilla addâ ana qerbeša māssu Aššur attabbal el mār āl šâtunu šūt rāšūʾa ana pīhātūte altakan ana miṣir māssu Aššur atūra,I threw him together with his family his wife his sons and his d[aughters in iron fetters and I brought t[hem to Assyria I se[t a eunuch of mine as provincial governor over the citizens of that city and made the city part of the territory of Assyria,https://oracc.museum.upenn.edu/riao/Q006583?lang=en
15',ina <data> palâ Ullusuni <data> <data> ,In my fifth regnal year Ullu[sunu …,https://oracc.museum.upenn.edu/riao/Q006583?lang=en
