﻿line,akkadian,english,source
i 1',<data> <data> <data> <data> <data> <data> gimir māssu akšud šallatiš amna āl anappal anaqqar ina gīri aqmi <data> ina Nagiate ašar ašbā pulhī melammē ashup šad ēmid,I conquered his Marduk-apla-iddina II’s entire land and I coun[ted his people as booty I destroyed devas]tated and burned with fire his cities in the city Na]gītu where he was residing fear of my lordly brilliance overwhelmed him and he Marduk-apla-iddina II disap[peared,https://oracc.museum.upenn.edu/riao/Q003500?lang=en
i 6',Hirimme u Yasubigallaya <data> <data> Madaya rūqāti šulput abātu dadmē,I ruined the city Ḫirimmu and the land of the Yasubigallians d]ānu and the dista[nt Medes and I destr]oyed their settlements,https://oracc.museum.upenn.edu/riao/Q003500?lang=en
i 9',ša Luli šar Ṣidunni ekēm šarrūssa Tu-Baʾil ina kussâšu ašāb maddatta bēlūssu ikūn ṣēr,I took away the kingship of Lulî the king of the city Sidon i 10´ I placed Tu-Baʾlu on his throne and imposed upon him payment in recognition of my overlordship,https://oracc.museum.upenn.edu/riao/Q003500?lang=en
i 12',šulput rapašti nagê Iaudi Hazaqiyu šar ēmid abšānī,I ruined the wide dis]trict of the land Judah and imposed the yoke on Hezekiah its king,https://oracc.museum.upenn.edu/riao/Q003500?lang=en
i 14',amēl Tumurraya āšib Nipur šad marṣāti ina kak amqutma Ukki adi naphar kal dadmē kīma tīl abūb ibʾa,I put to the sword the people of the city Tumurru]m who live on Mount Nipur a rugged mountain I swept over the city Ukku together with every last one of its settlements so that they looked like a ruin hill created by the Deluge,https://oracc.museum.upenn.edu/riao/Q003500?lang=en
i 18',nišī Hilakki āšib ,I struck down with the sword the people of the land Ḫilakku who live in the mountains,https://oracc.museum.upenn.edu/riao/Q003500?lang=en
ii 1',<data> <data> ša ana <data> ina tāhāz ṣēr balṭūssa akšud qāssa ana mahar attabbal ina bāb qabal āl ša Nina arkus ittešunu asi <data>,who/which In a pitched battle they captured him Nergal-ušēzib alive and brought him before me ii 5´ At the Citadel Gate of Nineveh I bound him with a bear,https://oracc.museum.upenn.edu/riao/Q003500?lang=en
ii 7',šar Elamte ša ana rēṣūssu alāk ana māssu lū alāk āl dannāku bīssu niṣirtašu u āl ṣahri ša libīt adi nēreb ša Bit-Bunakki alme akšud ašallal šallassin anappal anaqqar ina gīri aqmi,As for the king of the land Elam who had come to his Šūzubu’s a[id I marched to his land I surrounded conquered pl]under[ed destroyed devastated and burned with fi]re his fortified cities his tre[asury and small(er settlements of his in their en[virons as far as the pass of the land Bīt-Bu­nak­[ku,https://oracc.museum.upenn.edu/riao/Q003500?lang=en
