﻿line,akkadian,english,source
1,Eriba-Adad šar kiššat šar daʾʾat šar māssu Aššur šar kullat kibrāt erbaʾi bibil libba Aššur šangê ella terṣi qāssa Ninurta šar nīš ēna Enlil eṭli qardi mulaʾʾiṭ lā māgir muparrir kiṣir multarhī gišginû daʾʾat ša <data> <data> alṭūte ša ana tēbu tāhāssu daʾʾat kibrāt šupšuq hâli hursānī u alṭūte nakirē kīma qan mehê zāqīqiš ummi mušaprid lā kaniše munêr ayyāb Ea <data> <data> <data> <data> <data> <data>  <data> <data> <data> <data> <data> <data> māssu <data> iknuša u <data>,Erība-Adad II king of the world strong king king of Assyria king of all four quarters of the world select of the god Aššur the holy priest who under the protective hand of the god Ninurta the king who is the choice of the god Enlil the valiant man the controller of the insubmissive who breaks up the forces of the rebellious the strong gišginû who dangerous people at whose strong belligerent attack the quarters of the world are in dire distress the mountains are convulsed and he has turned his dangerous enemies into ghosts like reeds in a tempest the one who puts the insubordinate to flight the one who defeats his enemies the gods Ea Lacuna 4 No translation warranted,https://oracc.museum.upenn.edu/riao/Q005998?lang=en
5',mār Aššur-bel-kala <data> mār Tukulti-apil-Ešarra <data> <data> <data> <data>,Son of Aššur-bēl-[kala son of Tiglath-[pileser I,https://oracc.museum.upenn.edu/riao/Q005998?lang=en
r 1',<data> <data> bēssu <data> ša <data> <data> <data> <data> lū <data> <data> <data>,No translation warranted,https://oracc.museum.upenn.edu/riao/Q005998?lang=en
r 1'',<data> <data> <data> kalakku <data> <data> ana menûta <data> <data> u amdahar in <data> Ehursagkurkurra <data>,storeroom for number and may he receive his prayer Eḫursagkurkurra,https://oracc.museum.upenn.edu/riao/Q005998?lang=en
r 6'',<data> <data> <data>,Month th day eponymy of,https://oracc.museum.upenn.edu/riao/Q005998?lang=en
