﻿line,akkadian,english,source
1,Aššur bēl rabâ ab il Anim Enlil u Ea Sin Šamaš Adad Marduk Nabium Nergal Ištar Sebetti il rabâ ša idāka šar pālih azziz el kullat nakirēšu lišamrir kak,The deities Aššur — great lord the father of the gods — Anu Enlil and Ea Sîn Šamaš Adad Marduk Nabû Nergal Ištar and the Sebetti the great gods who stand at the side of the king who reveres them and make his weapons prevail over all enemies,https://oracc.museum.upenn.edu/riao/Q004035?lang=en
3,Sin-ahhe-eriba šar rabâ šar dannāku šar kiššat šar māssu Aššur šar kibrāt erbaʾi šar nīš ēna nāṣir kināti rāʾim mešāri ēpissa ūsāt ālik tappût akê sāhir dameqtašu eṭli gitmālī,Sennacherib great king strong king king of the world king of Assyria king of the four quarters of the world the king who was chosen by you guardian of truth who loves justice renders assistance goes to the aid of the weak and strives after good deeds perfect man virile warrior foremost of all rulers the bridle that controls the insubmissive and the one who strikes enemies with lightning,https://oracc.museum.upenn.edu/riao/Q004035?lang=en
5b,zikar qardi ašarēd kal malik rappu lāʾiṭ lā māgir mušabriq zāmânī Aššur šad rabâ šarrūssa lā išnunūšuma šutlimšu el gimir āšib parak arbâ kak ištu tâmāti elēnīti ša išlimma šamaš adi tâmāti šaplî ša ṣīssun šamaš gimir malik ša kibrāt šēp iknuša išâṭ abšānī ina erbaʾi gerra ša ana Kaldi arād ana Kar-Nabu ša kišād marrat alāk āl akšud ašallal šallassin anappal anaqqar ina gīri aqmi ina šelalti gerra ša ana Elamte alāk ušahrabu,The god Aššur the great mountain granted to me unrivalled sovereig[nty and made my weapons greater than those of all who sit on royal daises He made all of the rulers of the four quarters of the world from the Upper Sea of the Setting Sun to the Lower Sea of the Rising Sun bow down at my feet and they now pull my yoke On four of my campaigns during which I went down to Chaldea and marched to the city Kār-Nabû which is on the shore of the Bitter Sea I conquered their cities and then plundered them destroyed them devastated them 10 and burned them with fire and on three of my campaigns during which I marched to Elam I destroyed its settlements,https://oracc.museum.upenn.edu/riao/Q004035?lang=en
11b,dadmē ina samānê gerra ana Babili alāk aqabbû mār Babili ša alāk gerra ašmâ amqutma gilittu u hatta bīssu makkūr ša Esaggil aptâ hurāṣ kasap aban nasqi ša Bel u Zarpaniti ana muʾuddê aṣê ana Umman-menanu šar Elamte attabbal ašpur kīam ana rēṣūssu ana Babili alāk,On my eighth campaign I ordered the march to Babylon As for the Babylonians who heard about the approach of my expeditionary force terror and fear fell upon th]em They opened the treasury of Esagil and took out the gold silver and choice stones of the god Bēl Marduk and the goddess Zarpanītu in abundance They sent it to Umman-menanu Ḫumban-menanu the king of the land Elam They wrote to him as follows “Come to Babylon to our aid and align yourself with us Let us put our trust in you!”,https://oracc.museum.upenn.edu/riao/Q004035?lang=en
15b,idāka azziz tuklāt lū attā šū šar Elamte lā hasīs amât ša lā īšâ ṭēm u milik kī ištēnīšu ina tarṣi Hallusi ab ana nagê arād Nagiate Nagiti-diʾbina Ahilimmu Pillate u Hupapanu nagê ša ebertān marrat akšud ašallal šallassin anappal anaqqar ina gīri,He the king of the land Elam was a rash fellow who does not have sense or insight On the first occasion in the time of Ḫallušu-(Inšušinak I his father I went down to his district and captured the cities Nagītu and Nagītu-diʾbina and the lands Ḫilmu Pillatu and Ḫupapanu districts of his that are on the other side of Bitter Sea and plundered them destroyed them devastated them and burned them with fire,https://oracc.museum.upenn.edu/riao/Q004035?lang=en
19b,aqmi šaniānu ina tarṣi Kudur-Nahundi ahašu ana Elamte alāk Bit-Haʾiri Raṣa āl ša miṣir māssu Aššur ša ina tarṣi ab šar Elamte ekēm danāniš ina mēteq gerra alme akšud ašallal šallassin ṣāb qašassu arâte qerbeša erēb ana miṣir māssu Aššur atūra qāssa rab birāte,On the second occasion in the time of Kudurru Kudur-Naḫḫunte his brother I went to the land Elam and in the course of my campaign I surrounded conquered and plundered the cities Bīt-Ḫaʾiri and Raṣā cities on the border of Assyria that the king of the land Elam had taken away by fo]rce in the time of my ancestor(s I had archers and shield bearers stationed inside them I brought those cities back inside the border of Assyria and placed them under the authority of the garrison commander of Dēr,https://oracc.museum.upenn.edu/riao/Q004035?lang=en
23b,Deri amna Bit-Arrabi Alum-qašti Bube Dunni-Šamaš Ekal-šalla Burutu Bit-Risiya Dur-Dannu-Nergal Bit-Ahlame Alum-ša-Belet-biti Ibrat Kuṣurtayin Duru Dannat-Sulaya Šilibtu Bit-Aṣusi Kar-Zera-iqiša Bit-Giṣṣi Bit-Katpalani Dimtu-ša-Sulaya Dimtu-ša-Mar-biti-eṭir Harri-ašlake Rabbaya Rasu Til-Uhuri Hamranu Til-Humba Dimtu-ša-Dumeli Bit-Ubiya Balti-lišir Taqab-lišir Al-naqidate Sarhu-Deri Bit-Ahhe-iddina Ilteuba Muhuṣe-x Damte Dimtu-ša-Belet-biti Akbarina Bit-Imbi Massuttu Bit-Unzaya Bit-Qisiya Dimtu-Šullume <data> Dimtu-ša-Nabu-šarhi-ilani Apdinu Til-raqu Alum-šarri <data> <data> bīssu dūr dannāku ša Raše u āl ṣahri ša libīt ša nība lā īšâ Hamani Naṭitu adi nēreb ša Bit-Bunakki akšud ašallal šallassin,The cities Bīt-Arrabi Ālum-qašti Bubê Dunni-Šamaš Ekal-šalla Burutu Bīt-Ri­si­ya Dūr-Dan­nu-Ner­gal Bīt-Aḫlamê 25 Ālum-ša-Bē­let-bī­ti Ib­rat Kuṣurtāyin Dūru Dannat-Sulāya Šilibtu Bīt-Aṣūsi Kār-Zēra-iqīša Bīt-Giṣṣi Bīt-Katpalāni Dimtu-ša-Sul[āya Dimtu-ša-Mār-bīti-ēṭir Ḫarri-ašlakê Rabbāya Rāsu Tīl-U[ḫuri Ḫamrānu Tīl-Ḫumba Dimtu-ša-Dumeli Bīt-Ubiya Baltī-[līšir Taqab-līšir Alu-ša-nāqidāte Sar­ḫu-Dē­ri Bīt-Aḫḫē-iddina Ilteuba 30 Mu­ḫu­ṣē­ Dam­tê Dim­tu-ša-Bē­let-bī­ti Ak­ka­ba­ri­na Bīt Im­bi­ya Mas­sū­tu Bīt-Unzāya Bīt-Qīsiya Dimtu-ša-Šullume Dimtu-ša-Nabû-šarḫi-ilāni Apdinu Tīl-Raqu Ālum-šarri the walled fortresses of the land Rā[ši and the small(er cities in their environs which were without number the cities Ḫamānu and Naṭītu as far as the pa[ss of the land Bīt-Bunakku — I conqu[ered and plundered them 35 destr]oyed them devastated them bu]rned them with fire and turned them into a heap of ruins,https://oracc.museum.upenn.edu/riao/Q004035?lang=en
35b,anappal anaqqar ina gīri aqmi ašpuk tīlāniš šū šar Elamte <data> akšud āl ašmâ gilittu u hatta amqutma sitāt nišī māssu ana dannassu elê šū Madakte āl šarrūssa ētezib ana,When he the king of the land Elam heard about the conquest of his cities terr[or and fear fell upon him He brought the rest of the people of his land into fortresses He abandoned the city Ma[dak]tu his royal city and s[et out for the city Ḫaydala Ḫidālu which is in the mountains far aw[ay,https://oracc.museum.upenn.edu/riao/Q004035?lang=en
38b,Haydala ša qabal šad ana rūqēte altakan pān ana Madakte āl šarrūssa alāk aqabbû Ṭebetu kuṣṣi dannāku akšud šamūtum laziztum alāk šāri zunni šalgī amdahhar nahal natbāk šad adāru pān nīr atūra,I ordered the mar[ch to the city Madaktu his royal city In the month Ṭebētu X bitter cold set in and continuous rain fell and then w]ind rain and snow came in equal force I was afraid of the gorges the out[flows of the mountains so I turned around and too]k the ro[a]d t]o As[syria,https://oracc.museum.upenn.edu/riao/Q004035?lang=en
41b,ana māssu Aššur aṣabbata harrān arkešu šū šar Elamte <data> itbâ sitāt nišī māssu ša ištu <data> ana <data> arād ašāb ṭerâti <data> ana <data> <data> <data> lā aršâ ṭēm u milik <data> <data> <data> <data> <data> <data> bāb <data> amdahhar <data> <data> <data> lā aqabbû epissun ummān karāssu ipahhurū <data>,After my departure he the king of the land Elam rou sed Then he brought down the rest of the people of his land who fr om to the land and settled them on the alluvium to the land not ha ving sense or insight he received He did not order their work but gathered his army and for ces,https://oracc.museum.upenn.edu/riao/Q004035?lang=en
49b,<data> <data> <data> <data> <data> <data> <data> <data> <data> <data> Bit-Adini <data> <data> <data> <data> <data> <data> <data> Ubulu Malahu Rapiqi <data>,the land B]īt-Adi[ni the U]bu[lu Mal]aḫu R[apiqu,https://oracc.museum.upenn.edu/riao/Q004035?lang=en
54b,<data> <data> <data> <data> gipšūssun <data> <data> <data> <data> <data> <data> u <data> <data> <data> <data> <data> <data> <data> <data> kīma tebût aribî maʾassi ša pān šanat <data> ana epēssu tuqmāte <data> <data> <data> <data> <data> <data> eper šēp kīma imbari kabitta ša dunni,In their multitude Like a spring in]vas[ion of a swarm of locu]sts to d]o bat[tle The dust of their feet covered the wide heavens like a heavy cloud in the deep of w]inter,https://oracc.museum.upenn.edu/riao/Q004035?lang=en
59b,eriyāti pān šamê rapašti katim anāku ana Aššur Sin Šamaš Bel Nabium Nergal Ištar ša Nina Ištar ša Arba-ili il tiklēšu ana akšud nakirēšu dannāku amdahhar,I myself prayed to the deities Aššur Sîn Šamaš Bēl Nabû Nergal Ištar of Nineveh and Ištar of Arbe[la the gods who support me for victory over my strong enemy and they immediately heeded my pr]ayers and cam[e to my aid,https://oracc.museum.upenn.edu/riao/Q004035?lang=en
61b,supê urruhiš ašmâ alāk rēṣūssu <data> šūzuzu annadirma attalbiš siriyam huliam simat ṣālta annapruma rāšūʾa ina narkabat tāhāz ṣīrāte sāpin zāʾeriki ina uggat libba arkab hanṭiš qašassu dannāku ša Aššur šutlimšu ina qāssa aṣabbata <data>,I raged up like a fer]ocious and then put on ar[mor and placed a helmet suitable for combat on my head In my anger I rode quickly in my exalted battle chariot which lays enemies low I took in my hands the mig]hty bow that the god Aššur had granted to me my chariot on their flan[ks and front lines,https://oracc.museum.upenn.edu/riao/Q004035?lang=en
65b,<data> <data> <data> <data> narkabat ana šiddi u pūssa <data> ṣarpiš ūmiš alsâ kīma Adad ašgum ina qibētī Aššur bēl rabâ bēl kīma tīb mehê šamri ana nakirēšu azīq ina kak Aššur bēl u tīb tāhāz ezzeti irassun anēʾma suhhurtašu altakan ša gipiš ummān <data> <data> ṣēr Humban-undaša <data>,I roared loudly like a storm and thun[dered like the god Adad By the command of the god Aššur the great lord my lord I blew like the onset of a severe storm against the enemy With the weapon of the god Aššu[r my lord and my fierce battle array I turned them back and made them retre]at The massed body of tro[ops upon them Ḫu[mbān-undāša,https://oracc.museum.upenn.edu/riao/Q004035?lang=en
70,<data> bēl <data> <data> ina kak šaplāniš <data> <data> <data> <data> ina <data> <data> <data> <data> <data> <data> <data> <data> <data> ṣāb <data> <data> <data> mūrnisqī <data> <data> <data> <data> <data> ina <data> <data> <data> <data> <data> <data> <data> <data> <data> <data> <data> <data> libba <data> <data> <data> <data> <data> <data> <data> <data> <data> <data> <data> <data> <data> <data> <data> <data> <data> <data> <data> <data> <data> <data> <data> <data> bāb <data> <data> <data> <data> <data> <data> <data> <data> tāhāz <data> <data> <data> <data> <data> <data> ina <data>,No translation possible,https://oracc.museum.upenn.edu/riao/Q004035?lang=en
84,mār <data> aqmi <data> <data> ,his sons they burned the god Aššur my lord,https://oracc.museum.upenn.edu/riao/Q004035?lang=en
85b,<data> <data> <data> <data> <data> Aššur bēl <data> <data> rab ša patar šibbī hurāṣ šitkunā u ina šemer aspī hurāṣ ruššê rukkusā rittāšin kīma šūri,I qu[ick]ly slaughtered and defeated his magnates who wear gold decorated bel[t]-daggers and have reddish gold sling strap[s fastened to their forearms like fattened bulls restrain]ed with fetters,https://oracc.museum.upenn.edu/riao/Q004035?lang=en
87b,marê ša nadâ šummannu urruhiš upalliq altakan dahtê kišād akkis asliš aqarte napištašu apruʾ qûʾiš kīma mīlêša gapšāte ša šamūtum simāni <data> umunnîšunu arde ṣēr ereṣēti šadal lasmāku mūrnisqī ṣimdat rukūb ina dām gapšāte išallû nāriš ša narkabat tāhāz sāpin ragga u ṣēni dām u paršu ritmukū magarri pagar qurādēšu kīma urqīti imlâ ṣēr adi <data> bēr mūša alāk addūk aprus sapsapāte akkis,I s[lit their throats like sheep and thus cut off the[ir precious li]ves like thread Like a flood in full spate after a seasonal rainstorm I made the]ir blood f[low over the broad earth The swift thorough[breds harnessed to my ch]ari[ot plunged into floods of their blood just like a river The wheels of my war chariot which lays criminals and villains low were bath[ed in blood and gore I filled the plain with the corpses of their warriors like grass When the second double-hour of the night had passed I stopped their slaughter I cut off their lips and thus destroyed their pride I cu[t off their hands like the stems of cucumbers in season,https://oracc.museum.upenn.edu/riao/Q004035?lang=en
93b,baltašun abātu kīma bīn qiššê simāni akkis qāssa šemer aspī hurāṣ kasap ebba ša rittāšin amdahhar ina namṣar zaqti huṣannīšunu apruʾ,I received gold and shining silver sling straps from their wrists and slashed off their belts with sharp swords I took away gold and silver decorated be]lt-[daggers from their waists,https://oracc.museum.upenn.edu/riao/Q004035?lang=en
95b,patar šibbī hurāṣ kasap ša qabal ekēm šū Umman-menanu adi šar Babili hurbāša tāhāz alê zumri ashup kī atmi summati kuššudi itarrakma libba šīnātešun aṣruba qerbeša narkabat mušširannâti zûšun ana ētezib napištašu,As for him U[mman-menanu Ḫumban-menanu along with the king of Babylon terror of doing battle with me overwhelmed them like alû demons Their hearts throbbed like the pursued young of pigeons they passed their uri]ne hotly and they released their excrement inside their chariots In order to save their lives they trampled the corp]ses of their troops as they pushed on,https://oracc.museum.upenn.edu/riao/Q004035?lang=en
98b,pagar ummān adʾiš ētattiqāāma ana qabal ša ereqqī <data> šēp usappâ bēlūssu ana napištašu mušširannâti <data> tanittašun anāku ištu amār kī mušširannâti zûšun ina qerbeša narkabat,To the midst of the wag[on s At my fe]et they beseeched my lordship saying “Let us live so that we might proclaim your f]ame.” After I myself had seen that they had released their excrement inside their chariots I left them alone sparing their lives,https://oracc.museum.upenn.edu/riao/Q004035?lang=en
101b,ana aṣê napištašu mušširannâti sitāt rab ša Elamte adi Nabu-šuma-iškun mār Marduk-apla-iddina liblibbi ša Bit-Yakin ša ina narkabat kasap azziz <data> <data> <data> <data> <data> <data> <data> <data> <data> <data> <data> lapān tāhāz dannāku aplah adakkekama idāka <data>,As for the rest of the magnates of the land Elam including Nabû-šuma-iškun a son of Marduk-apla-iddina II Merodach-baladan descendant of Yakīn who were standing in si[lver decorated chariots who had raised their arms because they were terrified of doing serious battle with me with the sword and I captured the living in the thick of battle,https://oracc.museum.upenn.edu/riao/Q004035?lang=en
104b,<data> <data> <data> <data> ina kak balṭi ina qabal tamhāra ina qāssa aṣabbata <data> <data> <data> ṣumbāte adi parê u narkabat adi sisê ša ina aqribma tāhāz dannāku rākibūšin addūk u šina muššurā ramānī alāk mithāriš atūra ušmannātešunu u zārāte šarrūssa ekēm šunu kī munnabti rīqūssun,I brought back all toget[her the wagons alo]ng with their mules and the chariots along with with their horses whose drivers I had killed in the thick of that mighty ba[ttle and which had themselves been released so that they galloped about on their own I took away from them their camps and their royal tents They like runaways returned empty-ha nded to their own land(s,https://oracc.museum.upenn.edu/riao/Q004035?lang=en
108b,atūra māssu ana immatēma mamma danān Aššur bēl lā amšima tanittašun qarrādūteya ṣurruh gimir abrāti ina qaqqar dabdâšu šar Babili u Umman-menanu šar Elamte sihir māssu adi Parsuaš Anzan Pašeru Ellipi gimir Kaldi mal bāšâ Arame kal altakan gulgullāt kīma ê hamadīri ēṣidma arṣip dimātiš,So that no one will ever forget the might of the god Aššur my lord and that all humanity might magnify the prai[se of his heroism on the very spot where I defeated the king of Babylon and Umman-menanu Ḫumban-menanu the king of the land Elam all of their lands together with the lands Parsuaš Anzan Paširu Ellipi all of Chaldea as many as there were and all of the Arameans I reaped their skulls like withered grain and piled them up like pyramids,https://oracc.museum.upenn.edu/riao/Q004035?lang=en
113,narâ epēssu lētu kišitte qāssa ša ina tuklāt il rabâ bēl ṣēr nakirēšu altakan qerbeša alṭur ina tamerāti Halule azziz,I had a stele made had all the victorious conquests that I achieved over my enemies with the support of the great gods my lords written on it and I erected it on the plain of the city Ḫalulê,https://oracc.museum.upenn.edu/riao/Q004035?lang=en
115,ina ūm Sur-marrati ša kišād Diglat ša ištu ūm ullê nadâ šūlukā kamrūte ištu anāku ana Elamte u Kaldi asdira tāluku alšu ina mēteq gerra ina qerbeša altakan nubatti enūšu ašāb āl šâtu ina unzāšu bašê kabatsu attabbal ša āl šubāt magal arbâ dūr eššiš epēssu usaqqiršu hursāniš itâka dūr ana libīt harīṣi ahruṣ kirâtešunu gišimmari inba karān ina ušalla,At that time the city Sūr-marrati which is on the bank of the Tigris River and which had been abandoned from distant days and had gone to ruin — after I myself had arranged a march to the lands Elam and Chaldea because I had spent the night inside it in the course of my campaign the re)populating of that city came to my attention at that time and I put my mind to it and then I greatly enlarged the site of the city had its wall built anew and raised it as high as a mountain Beside the wall I dug a moat around its entire circumference I planted palm grove(s and grape vine(s in the meadow,https://oracc.museum.upenn.edu/riao/Q004035?lang=en
120b,azqup mušarâ epēssu lētu u danān ša ina tuklāt Aššur bēl el nakirēšu altakan ṣēr alṭur qerbeša dūr ikūn,I had an inscribed object made and had inscribed on it all the mighty victories that I achieved over my enemies wi[th the support of the god Aššur my lord and then I placed it inside the wall,https://oracc.museum.upenn.edu/riao/Q004035?lang=en
122,immatēma ina šar mār ša Aššur ana rēʾûssina māssu u nišī abbi siqiršin enūma dūr šâtu ilabbbiru ātanah anhūssa ēteneddišu mušarâ šiṭir šum amār šaman apšuš nīq aqqâ ittešunu mušarâ ana ašar atūra Aššur ikrib ašmâ,At any time in the future may one of the kings my descendants whom the god Aššur names for shepherding the land and people renovate its dilapidated section(s when that wall becomes old and dilapidated May he find an inscribed object bearing my name anoint it with oil make an offering and return it to its place wi]th his own inscription The god Aššur will then hear his prayers,https://oracc.museum.upenn.edu/riao/Q004035?lang=en
126,Arahsamna ūm <data> līmi Nabu-kenu-uṣur bēl Samerina šanat <data> Sin-ahhe-eriba šar kiššat šar māssu Aššur,Araḫsamna VIII the twenty-fifth day eponymy of Nabû-kēnu-uṣur governor of the city Samaria fourteenth year of Sennacherib king of the world king of Assyria,https://oracc.museum.upenn.edu/riao/Q004035?lang=en
