﻿line,akkadian,english,source
1',<data> mār Sippar Nippur Babili u Barsipa ša ina lā anna ina qerbeša kamû ṣibittašunu abātu kullum nūr eqel ša ištu ūm ullê ina ešâte māssu Sute ekēm ramānī atūra Sute ṣāb ṣēr ina kak amqutma kisurrî mašûti ša ina dilih māssu baṭāli adgul pān ša Uri Uruk Eridu Larsa Kullaba Kissik Nemed-Laguda altakan andurār u il šallūte ana māhāz atūra sattukkēšu baṭalu atūra ašar,As for the citizens of the cities Sippar N[ippur Babylon and Borsippa who through no fault of their own had been held captive in it Dūr-Yakīn I put an end to their imprisonment and let them see the light of day With regard to their fields which long ag]o whi[le the land was in disorder the Sutians had taken away and appropriated for their own I stru[ck down those Sutians the people of the steppe with the sword I re)assigned to them the citizens their territories whose boundaries had been forgotten and fallen into disuse during the troubled period in the land I re)-established the freedom from obligations of the cities U]r Uruk Eridu Larsa Kullaba K[issik and Nēmed-Laguda Moreover I returned their god]s that had been carried off as booty to their cult centers and I restored their regular offerings that had been discontinued,https://oracc.museum.upenn.edu/riao/Q006545?lang=en
6',Bit-Yakin atūra ana eššūte aṣabbata nišī Kummuha kišitte qāssa qerbeša armâ ašāb nidûssu <data> māssu šatti malmališ azūz ina qāssa šūt rāšūʾa māssu Babili u šūt rāšūʾa māssu Gambulaya amna,I restored the land Bīt-Y]akīn and re[organized its administration I settled there people from the land Kummuḫu that I had conquered and I had them occupy its Bīt-Yakīn’s abandoned regions I divided up th]at land into equal parts and assigned them to the auth[ority of a eunuch of mine the governor of Babylon and a(nother eunuch of mine the governor of the Gambulu tribe,https://oracc.museum.upenn.edu/riao/Q006545?lang=en
8',ana Babili māhāz Enlil il ina elēṣ libba immerū pān hadîš erēb qāssa bēl rabâ Marduk aṣabbata išlimma arah bīssu akīt <data> mē <data> bilassun <data> manê <data> šiqil hurāṣ huššû <data> līm <data> mē <data> bilassun <data> manê kasap ebba erâ parzilla ša nība lā īšâ ṣurri uqnê pappardilê ašgigî UGU.AŠ.GI₃.GI₃ digil pappardilê muššārī ana muʾuddê <data> takilte argamanni lubulti birmē u kitê taskarinni erēnī šurmēni kal riqqī bibil Hamana ša erēssi ṭāba ana Bel Zarpaniti Nabium Tašmeta u il āšib māhāz māssu Šumeri u Akkad ištu rāšūʾa šarrūssa adi <data> aqīssu qīšāssu,"Happily with a joyful heart and a radiant face I entered Babylo]n the cult center of the Enlil of the gods Marduk I grasped hold of the hands of the great lord the god Marduk and brought him safely along the road to the akītu house With regard to 154 talen]ts 26 minas and 10 shekels of red gold 1,804 talen[ts and 20 minas of pure silver copper and iron in immeasurable quantities 10´ obsidian lapis-lazuli banded agate blue turquoise green turquoise of banded agate and muššaru stone in large quantities blue-purple wool red-purple woo]l garments with multi-colored trim and linen garments boxwood cedar cypress and every kind of aromatic the products of Mount Amanus whose scent(s are pleasant — from the beginning of my reign until my third year I presented these things as gifts to the deities Bēl Zarpanīt]u Nabû Tašmētu and the other gods who dwell in the cult centers of the land of Sumer and Akkad",https://oracc.museum.upenn.edu/riao/Q006545?lang=en
13',Uperi šar Dilmun ša mālak <data> bēr ina qabal tâmāti niphi šamaš kīma nūnī šitkunā narbāṣu danān Aššur Nabium Marduk ašmâ attabbal kadrâ ,Upēri king of Dilmun wh]o(se lair is situated at a distance of thirty leagues in the middle of the Eastern Se[a like that of a fish heard of the might of the gods Aššur Nabû and Marduk and brought me his gift,https://oracc.museum.upenn.edu/riao/Q006545?lang=en
14',u <data> šar ša Yaʾ nagê ša Adnana ša mālak <data> ūm ina qabal tâmāti ereb šamaš šitkunā nesât šubāt ša ištu ūm rūqāti adi inanna ina šar ab ša māssu Aššur u Karduniaš manāma lā ašmâ siqiršin māssu epissun ina qerbeša Kaldi u Hatti epēssu ina qabal tâmāti rūqiš ašmâ libba itarrakma amqutma hatta hurāṣ kasap anūt ušî taskarinni nēpešti māssu ana qerbeša Babili adi mahar attabbal inaššiquni šēp,Moreover seven kings of the land Y]āʾ a region of the land Yad[nana Cyprus — whose abode(s are situated far away at a distance of seven days journey in the middle of the Western Sea 15´ and the name of whose land from the dist]ant past until now none o[f the kings my ancestors neither in Assyria nor in the land Karduniaš Babylonia had ever heard — heard from afar in the middle of the sea of the deeds I had been doi[ng in Chaldea and the land Ḫatti Syria Their hearts then pounded and fear fell upon them They brought before me in Babylon gold silver and utensils of ebony and boxwood product(s of their lan[d and they kissed my feet,https://oracc.museum.upenn.edu/riao/Q006545?lang=en
18',<data> āšib Baltil ana <data> ,the inhabitan]ts of the city Baltil Aššur to,https://oracc.museum.upenn.edu/riao/Q006545?lang=en
19',<data> ina <data> ,inside,https://oracc.museum.upenn.edu/riao/Q006545?lang=en
20',<data> <data> <data> <data> ašarrakšunūti <data> ,he gran[ted me,https://oracc.museum.upenn.edu/riao/Q006545?lang=en
21',<data> Aššur bēl rabâ šar il <data> ,the god Aššur the great lord king of the gods,https://oracc.museum.upenn.edu/riao/Q006545?lang=en
