﻿line,akkadian,english,source
1,Salmani-ašared šakan Enlil iššakki Aššur mār Adad-narari iššakki Aššur mār Arik-den-ili iššakki Aššur,Shalmaneser I appointee of the god Enlil vice-regent of the god Aššur son of Adad-nārārī I vice-regent of the god Aššur son of Arik-dīn-ili who was also vice-regent of the god Aššur,https://oracc.museum.upenn.edu/riao/Q005798?lang=en
5,enūma ēkal ša Aššur-nerari iššakki Aššur mār Išme-Dagan iššakki Aššur ab in pān epāš bēssu <data> <data> in <data> u <data> <data> <data> ēkal šâti ānah anhūssa ikkir išdu ussīšu adi gabadibbēša epāš u narâ altakan,At that time as for the palace complex which Aššur-nārārī I the vice-regent of the god Aššur the son of Išme-Dagān II who was also the vice-regent of the god Aššur my ancestor had previously built the room of that palace had become dilapidated and I cleared away their dilapidated section(s I built them fro[m their foundations to their crenellations Moreover I deposited my commemorative inscriptions therein,https://oracc.museum.upenn.edu/riao/Q005798?lang=en
16,ana arkâssu ūm rubā <data> <data> ēteneddišu narâ ana ašar atūra Aššur ikrib,In the future may a future ruler when those become dilapidated renova[te their dilapidated section(s and return my commemorative inscrip]tions to their places The god Aššur will then listen to his prayers,https://oracc.museum.upenn.edu/riao/Q005798?lang=en
22b,ašmâ munakkir šiṭir u šum Aššur bēl šarrūssa askip ana māssu hušahha addâ,As for the one who removes my inscriptions and my name may the god Aššur my lord overthrow his kingship and afflict his land with want,https://oracc.museum.upenn.edu/riao/Q005798?lang=en
28,Sin <data> līmi Salmani-ašared,Month of the god Sin tenth day eponymy of Shalmaneser I,https://oracc.museum.upenn.edu/riao/Q005798?lang=en
