﻿line,akkadian,english,source
1,Kaldaya <data> lā hasīs amât mār damiqtim aradka dāgil pān bēl Lahira <data> ša ina libba ūm ša ab lapān ṭarê u baqāme ša <data> <data> <data> iṣṣūriš innabidūma irappudu kamâte ina sīhi u bārti <data> qerbeša Babili erēb amna ittešunu el arbâ šarrūssa māssu Šumeri u Akkad adgul pān,A Chaldea n Šūzubu a rash fellow a chariot fighter a servant who belonged to the governor of the city Laḫīru who in the time of my father fled like a bird on a]ccount of the beating of the official and the tearing out of his hair and wandered about in the open country who entered Babylon when there was rebellion and revolt and was reckoned as one of them They the Babylonians exalted him over them and they entrusted him with the king[ship of the land of Sumer and Akkad,https://oracc.museum.upenn.edu/riao/Q003951?lang=en
6,ana Babili ša hiṭâte magal aršâ <data> Šuzubi Kaldaya mār lā mammāna eṭli dunnamû ša lā īšâ emūq <data> <data> Babili altakan amēl Babili ša sīhi epēssu Kaldaya Arame <data> halqu munnabti ša ina libba igisê u ṭaʾāti ittešunu ēmid <data> altakan māmīt,To Babylon which was very guilty wherein Šūzubu a Chaldean son of a nobody a person of lowly status who has no streng[th was appointed as of Babylon The people of Babylon who had rebelled and the Chaldeans Arameans fugitives and runaways who had banded toge[ther with them in exchange for gifts and bribes and they took an oath,https://oracc.museum.upenn.edu/riao/Q003951?lang=en
10,bīssu makkūr Esaggil aptâ kasap hurāṣ nisiqte aban ša ana Bel u Zarpaniti aqīssu qīšāssu būšašu makkūr bīssu il ana Umman-menanu šar Elamte lā aršâ ṭēm u milik kadrâ attabbal ṭaʾāti <data> <data> pānāssu altakan māmīt ana dikût ummān ana <data> ʾāri ûrti ummān ipahhurū narkabat ṣumbāte ešēr <data>,They the Babylonians opened the treasury of Esagil and s[ent my gift(s — the silver gold and precio[us stones that I had given as presents to the god Bēl Marduk and the goddess Zarpanītu the property and possession(s of the temple of the[ir gods — as a bribe to Umman-menanu Ḫumban-menanu the king of the land Elam who does not have sense or insight previously and they took an oath They gave him the order to muster his army and to He gathered his army inspected his chariots and wago[ns,https://oracc.museum.upenn.edu/riao/Q003951?lang=en
15,Parsuaš Anzan Pašeru Ellipi Yasiʾil Lakabra Harzunu Dummuqu Sulaya <data>,The lands Parsu]aš Anzan Paširu and E[llipi the people of Yasiʾil Lakab(e)ra and Ḫarzunu and the cities Dum]muqu Sulā[ya,https://oracc.museum.upenn.edu/riao/Q003951?lang=en
l.e. 1,<data> <data> <data>,No translation possible,https://oracc.museum.upenn.edu/riao/Q003951?lang=en
r 1',<data> <data> <data> <data> ana lemnāti ana māssu <data> <data>,for evil against the land,https://oracc.museum.upenn.edu/riao/Q003951?lang=en
r 3',ayyimma rubâtu arkīti <data> ikkirā ina mimma šipir nikilte <data> ipaššiṭu Aššur Anim Sin Šamaš Adad <data> il māssu Aššur kal šum zēr perʾašu u nannābi <data> halāq,As for any futu[re ruler who changes and by some craf[ty device erases may the deities Aššur Anu Sîn Šamaš Adad all of the gods of Assyria make their name their seed their offspring and their progeny disappear,https://oracc.museum.upenn.edu/riao/Q003951?lang=en
