﻿line,akkadian,english,source
i' 1',<data> <data> <data> <data> ana ētezib napištašu iṣṣūriš ippariš šēp aṣabbata sisê ṣindā nīr alap <data> niṣirtašu ēkal <data> <data> <data> <data> kadrâ attabbal Ullusuni el Mannaya altakan nišī Izirte ša ašallal ana ašar atūra maddatta kī ša,in order to sav]e his life he came flying like a bird and grasped hold of my feet i´ 5´ Horses trained to the yoke oxen the treasure of his palace he brought me as his gift I set Ullusunu over the land Mannea the people of the city I]zirtu whom I had carried off as booty I returned to their former places an]d I imposed upon him the same payment(s as his father Iranzi had paid,https://oracc.museum.upenn.edu/riao/Q006544?lang=en
i' 11'b,Iransu ab ēmid ina ūm Aššur-leʾi Karallaya Itti Paddiraya ikkirā ittešunu ubān šad šaqâ aṣabbata <data> <data> <data> akpud lemnāti ina tuklāt Aššur bēl dabdâšu amdahiṣ Aššur-leʾi Karallaya Itti Paddiraya ina qerbeša ušmannātešunu addâ birâti parzilla <data> assuh ana qerbeša māssu Aššur attabbal Karalla adi nagê el pāhāt Lullume arde miṣir māssu Aššur lirappiš Bel-aplu-iddina <data> el Paddir altakan,At that time Aššur-lēʾi of the city Karalla and Ittî of the city Paddira became hostile to me He took to a high mountain peak he plotted evil i´ 15´ With the support of the god Aššur my lord I inflicted a defeat on him In the midst of my camp I thr]ew Aššur-lēʾi of the city Kar]alla and Ittî of the city Paddira in iron fetters I removed/deported and brought th]em to Assyria The city Karalla together with its district i´ 20´ I added to the province of the land L]ullumê and I thereby expanded the territory of Assyria I appointed Bēl-aplu-iddina to the position of … over the city Paddira and,https://oracc.museum.upenn.edu/riao/Q006544?lang=en
ii' 1',adi <data> <data> <data> u ṣēnašu <data> ištu qerbeša assuh ina māssu ša <data> ša patti āl nahal Muṣri nagê ša ah tâmāti ša šulme šamaš aṣabbata ina qāssa qēpāni nasīkāte ša Laban amna,together with and sheep and goats I deported from the la[nd and I sett[led them in the land that/of ii´ 5´ on the border of the city of the Brook of Eg[ypt a district which is on the shore of the Western Sea I assigned them to the authority of a qīpu-official of mine the sheikh of the city Laban,https://oracc.museum.upenn.edu/riao/Q006544?lang=en
ii' 8',Šilkanni šar Muṣri ša ašar rūqāti pulhāte melammē ša Aššur bēl ashup <data> sisê rabâ ša Muṣri ša ina māssu lā bašê tamšīl aššânni tāmartašu,As for Šilkanni king of Egypt whose lo[cation is far away and whom fear of the brilliance of the god Aššur my lord had overwhelmed he brought me as his audience gift twelve large horses from Egypt whose like did not exist in my land,https://oracc.museum.upenn.edu/riao/Q006544?lang=en
ii' 12',ina šadissu palâ Rusa Uarraṭaya lā ādir māmīt il rabâ ābiku dēn Šamaš ša ina alāk gerra mahar ana Ullusuni Mannaya ana nīr Aššur iknuša ēmid abšānī <data> birāte dannāku ša el Urarṭa Andia Naʾiri ana kādi nadâ ekēm iṣhir māssu mundahṣē ṣāb šūlūti qerbeša erēb dunnina rikis ana atūra gimil Ullusuni Mannaya ummān Aššur gapšāte adakkekama ana akšud birāte šâtina altakan pān birāte šâtina akšud ašallal šallassin ṣāb adi ša Ullusuni Mannaya erēb qerbeša,In my sixth regnal year Ursâ Rusâ the Urarṭian — who did not respect the oath sworn by the great gods who overturned the decision of the god Šamaš whom during the course of my previous campaign against Ullusunu the Mannean ii´ 15´ I had subjugated to the yoke of the god Aššur and upon whom I had imposed my yoke — took away from him Ullusunu twelve of his strong fortresses that were situated as guard posts on the border with the lands Urarṭu Andia and Naʾiri and thus reduced the size of his land He stationed fighting men inside them as his garrison troops ii´ 20´ and reinforced their defenses lit “structures” In order to avenge Ullusunu the Mannean I mustered the numerous troops of the god Aššur and set out to conquer these forts I conque[red these forts and carried off booty from them I stationed inside th[em my troops together with those of Ullusunu the Mannean,https://oracc.museum.upenn.edu/riao/Q006544?lang=en
iii' 1',ṣalam erâ idugallī maṣṣar bāb ša <data> ammat mūlâ adi šubāt erâ šapkat,4 divine stat]ue(s of copper the chief doorkeepers guardians of his Ḫaldi’s gates each of who]se height is four cubits toge[ther with their bases cast in copper,https://oracc.museum.upenn.edu/riao/Q006544?lang=en
iii' 3',<data> ṣalam unnīni manzāssin šarrūssa ša Ištar-duri mār Išpueni šar Urarṭa šubāt siparrī,1 statue depicting Ištar-dūrī Sarduri son of Išpue[ni king of the land Urarṭu praying and in a royal pose together with its base cast in bronze,https://oracc.museum.upenn.edu/riao/Q006544?lang=en
iii' 5'b,šapkat <data> alap <data> arhū adi būr ša Ištar-duri mār Išpueni <data>,1 bull and 1 cow together with her bull calf dedicated by lit “of” Ištar-dūrī Sarduri son of Išpu[eni,https://oracc.museum.upenn.edu/riao/Q006544?lang=en
iii' 7',<data> ṣalam Argišti šar Urarṭa ša agâšu kakkabti ilūssa apir qāssa imnišu karibat,1 statue of Irg[išti Argišti king of the land Urarṭu wearing a crown decorated with stars an attribute of divine rank and with his right hand in a gesture of blessing together with its casing which weighs six[ty talents of copper,https://oracc.museum.upenn.edu/riao/Q006544?lang=en
iii' 9'b,adi bīssu <data> bilassun erâ šuqultaša <data> ṣalam Rusa ittešunu <data> sisê pēthal narkabat adi šubāt,1 statue of Ursâ Rusâ with two of his cavalry ho[rses and his groom together with their base ca[st in copper —,https://oracc.museum.upenn.edu/riao/Q006544?lang=en
iii' 11'b,erâ šapkat šallassin kabitta ašallal ana māssu Aššur attabbal,I carried off all these things as substantial booty and brought them to the land of Assyria,https://oracc.museum.upenn.edu/riao/Q006544?lang=en
iii' 13',ina samānê palâ ša ina alāk gerra mahar ša Aššur-leʾi šar Karalla <data>,In my eighth reg[nal year that which in the course of my previous campaign against Aššur-[lēʾi king of the land Karalla,https://oracc.museum.upenn.edu/riao/Q006544?lang=en
iii' 15',<data> <data> <data> <data> <data> <data> <data> <data> <data>,No translation possible,https://oracc.museum.upenn.edu/riao/Q006544?lang=en
