﻿line,akkadian,english,source
1',ana <data> <data> ,to/for,https://oracc.museum.upenn.edu/riao/Q006569?lang=en
2',mušallim hibiltašina <data> mušaššik tupšikki Deri Uri Eridu Larsa Kullaba Kissik Nemed-Laguda <data>,who makes restit[ution for the wrongful damage suffered by them who abolished corvée duty for the cities Dēr Ur Eridu Larsa Kullaba Kissik and Nēmed-Laguda,https://oracc.museum.upenn.edu/riao/Q006569?lang=en
4',lēʾî kal malik ša el Harran andullaša atruṣma kī ṣāb Anim u Dagan alṭur zakûssunu ,most capable of all rulers w[ho extended his protection over the city Ḫarrān and recorded its exemption from obligations as if its people were people of the gods Anu and Dagān,https://oracc.museum.upenn.edu/riao/Q006569?lang=en
5',eṭli qardi šākin dahtê Humbaigaš Alamu muʾabbit Karalla Šurda Ki-x-x Harhar Madaya Ellipi ēmid nīr Aššur mušahrib Urarṭa šālil Muṣaṣir šāgiš Andia Zikirte mušapšihu Mannaya murīb malik Amate Galgameš Kummuha nabiʾ Kammani ša Gunzinanu ištu qerbeša Melid āl šarrūssa assuh el gimir māssu altakan šakin munakkir šarrūssa Tarhu-lara Marqasaya <data>,the valiant man who brought about the d[efeat of Ḫumbanigaš Ḫumban-nikaš I the Elamite who destroyed the land Karalla the land Šurda the city Kišesim the city Ḫar[ḫar the land Media and the land Ellipi and imposed the yoke of the god Aššur upon them who laid waste to the land Urarṭu plundered the city Muṣaṣir slaughtered the lands Andia and Zikirtu and pacified the land Mannea who made the rulers of the la[nd Hamath the city Carchemish and the land Kummuḫu tremble and plundered the land Kammanu who deported Gunzinānu from the city Melid his Gunzinānu’s royal city and set officials over all of their lands who did aw[ay with the kingship of Tarḫu-lara of the city Marqasa,https://oracc.museum.upenn.edu/riao/Q006569?lang=en
