﻿line,akkadian,english,source
1,ēkal srgn šakin Enlil iššakku Aššur šar dannāku šar kiššat šar māssu Aššur šar ša ištu ṣītān adi šīlān kibrāt erbaʾi abēl altakan,Palace of Sargon II appointee of the god Enlil vice-regent for the god Aššur strong king king of the world king of Assyria king who ruled the four quarters of the world from east to west and set governors over them,https://oracc.museum.upenn.edu/riao/Q006528?lang=en
7b,šakin ina ūm ina rebâte Nina šēp Muṣri šad āl epēssu Dur-Šarrukin,At that time I built a city on the outskirts of Nineveh at the foot of Mount Muṣri 10 and named it Dūr-Šarrukīn,https://oracc.museum.upenn.edu/riao/Q006528?lang=en
11b,šum abbi šubāt Sin Šamaš Adad Ninurta il rabâ ina qerbeša addâ,I erected dwelling(s for the gods Sîn Šamaš Adad and Ninurta the great gods inside it,https://oracc.museum.upenn.edu/riao/Q006528?lang=en
14,ēkal šinni pīri ušî taskarinni musukkannī  erēnī šurmēni daprāni ina qerbeša epēssu ina ṭuppāte hurāṣ kasap erâ annaki abāri uqnê gišnugalli nibīssun šum alṭur ina uššē ikūn,I built inside it palatial halls using lit “of” elephant ivory ebony 15 boxwood musukkannu wood cedar cypress and da[pr]ānu juniper I then wrote my name upon tablet(s of gold silver copper tin lead lapis lazuli and alabaster and placed them in its foundations,https://oracc.museum.upenn.edu/riao/Q006528?lang=en
22,rubâtu arkīti anhūssa ēteneddišu narâ alṭur ašar narâ altakan Aššur ikrib ašmâ,May a future prince renovate its dilapidated sections write his own commemorative inscription and set it with my commemorative inscription The god Aššur will then listen to his prayers,https://oracc.museum.upenn.edu/riao/Q006528?lang=en
