﻿line,akkadian,english,source
1',<data> alāk <data> <data> <data> mimma šum niṣirtašu kabitta <data> <data> <data> <data> <data> u māssu Akkad <data>,I marched every kind of valuable treasu[re and Akk ad,https://oracc.museum.upenn.edu/riao/Q003946?lang=en
4',<data> ana Nagiate-raqqi ša qerbeša tâmāti <data> <data> Bit-Yakin u qerbeša agammē <data>,to the city Nagī]te-raqqi which is in the midst of the s[ea the land Bīt-Yakīn and within the sw[amps,https://oracc.museum.upenn.edu/riao/Q003946?lang=en
6',<data> el bēl salīm šar Elamte namurrat atbuk <data> <data> qerbeša agammē ēsirma <data> <data>,I poured out awe-inspiring brilliance upon his al]ly the king of the land Ela[m I confined them within the marshes,https://oracc.museum.upenn.edu/riao/Q003946?lang=en
8',ina šallassin māssu šâtina ša ašallal <data> līm qašassu <data> līm arâte ina libba akṣur el kiṣir šarrūssa arde sitāt šallassin nakirēšu kabitta ana gimir karāssu u bēl nišī māhāz rabâ kīma ṣēnašu lū azūz  <data> <data> <data> <data>,"From the booty of those lands that I had plundered I conscripted 10,000 archers and 10,000 shield bearers and added them to my royal contin gent I divided up the rest of the substantial enemy booty like sheep and goats among my entire camp and my governor]s and the people of my great cult centers",https://oracc.museum.upenn.edu/riao/Q003946?lang=en
