﻿line,akkadian,english,source
1',ša Sippar Nippur Babili u Barsipa zāninūssun epēssu ša ṣāb kidin mal bāšâ hibiltašina arībma zakûssunu Baltil u Harran ša ištu ūm maʾassi amšima kidinnūssun baṭilta atūra ašar,I continually ac]ted as provider for the cities Sippar Nippur Babylon and Borsippa and I made restitution for the wrongful damage suffered by the people of privileged status as many as there were of them I restored the exemption from obligations of the city Baltil Aššur and the city Ḫarrān which had fallen into oblivion in the distant past and their privileged status that had la[psed,https://oracc.museum.upenn.edu/riao/Q006565?lang=en
3',<data> zahalâ ebba ana šipir Ehursaggalkurkurra atman Aššur <data> <data> <data> <data> <data> <data> <data> Šarrat-Ninua u Belet-Arba-il šipir <data> <data> <data> <data> ṣindā burūmê <data> <data> <data> <data> <data> <data> manê kasap ebba ana šipir Ehulhul maštak Sin āšib Harran <data> <data> manê kasap ebba nisiqte aban lā nība ša ištu rāšūʾa šarrūssa adi <data> ana il āšib <data>,with pure zaḫalû silver for the work on Eḫursaggalkurkurra “House the Great Mountain of the Lands” the sanctuary of the god Aššur the goddesses Queen of Nineveh and Lady of Arbela the work 5´ the arrangement of the firmament of the heavens seven and a half minas of pure silver for the work of Eḫulḫul “House which Gives Joy” the abode of the god Sîn who dwells in the city Ḫarrān mi]nas of pure silver and countless precious stones which from the beginning of my reign until my fifteenth year to/for the gods who dwe[ll,https://oracc.museum.upenn.edu/riao/Q006565?lang=en
8',ina šēp Muṣri šad elāni Nina ina bibil libba āl epēssu Dur-Šarrukin attasqara nibīssun Ea Sin Šamaš Nabium Adad Ninurta u hīrat rabâ ina qerbeša Ehursaggalkurkurra iʾʾaldu ina qerbeša armâ parak dārât ēkal šinni pīri ušî taskarinni musukkannī erēnī šurmēni daprāni burāši u buṭni ana mūšab šarrūssa qerbeša abnâ <data> bahūlāte nakirēšu kišitte qāssa ina qerbeša pargāniš irtabṣū ittešunu māhāz māssu Aššur amna,In accordance with my heart’s desire I built a city at the foot of Mount Muṣri a mountain upstre]am from the city Nineveh and named it Dūr-Šarrukīn I had the gods Ea Sîn Šamaš Nabû Adad Ninurta and their great spous]es created inside Eḫursaggalkurkurra and I installed them inside it Dūr-Šarrukīn on their eternal d[ais(es 10´ I built inside it palatial halls using lit “of” elephant ivory ebony boxwood musukkannu wood ce]dar cypress daprānu juniper juniper and terebinth to be my royal residence and I had enemy people whom I had captured dwell inside it as safely as in meadowland and I considered i[t as one of the cul[tic center]s of Assyria,https://oracc.museum.upenn.edu/riao/Q006565?lang=en
12',<data> ina tuklāt il rabâ lū alāk nišī marrat elīte adi marrat šaplî kī ištât abēl māssu lā māgir hursānī lā kanše iknuša šēp uparrir ellat Humbaigaš Alamu abātu Karalla Šurda Ki-x-x Harhar ša Madaya adi patti Bikni u Ellipi lā ētezib perʾašu nišī Hatti kišitte qāssa qerbeša ašāb šūt rāšūʾa bēl pāhāt el altakan ašdud abšānī iknuša Mannaya Andia Zikirte Urzana šar Muṣaṣir adi nišī māssu Haldia Bagbarti il ana šallassin amna Urarṭa ana patti gimir aššânni naglaba <data> <data> u ṣurri u nišī āšib libba ana arkâssu ūm ēmid sipitti u ṣerha dīktaša Rusa Uarraṭaya ina Uauš šad marṣāti altakan tāhāz dannāku adāru ina qāssa ramānī ina patar šibbī napištašu iqtâ,With the support of the great gods I advanced and ruled the people from the Upper Sea to the Lower Sea as if they were one people I made uncompliant lands and insubmissive mountain regions bow down at my feet I dispersed the forces of Ḫumbanigaš Ḫumban-nikaš I the Elamite I destroyed the lands Karalla Šurda and Kišesim and the city Ḫarḫar I did not leave any offspring of the land Media as far as the border of Mount Bikni and the land Ellipi I settled in their midst people of the land Ḫatti Syria that I had conquered I set eunuchs of mine as provincial governors over them and had them pull my yoke 15´ I subjugated the lands Mannea Andia and Zikirtu I counted as booty Ur]zana king of the city Muṣaṣir together with the people of his land and his deities Ḫaldi and Bagbartu I had the people of the land Urarṭu to its full extent wield razor(s and flint blades in order to slash themselves in mourning and I imposed for the future lamenation and dirge singing upon the people who lived there I brought about the defeat of Ursâ Rusâ the Urarṭian at Mount Uauš a rugged mountain He then took fri[ght at engaging in fierce battle with me and by his own hands he brought an end to his life with the iron dagger from his belt,https://oracc.museum.upenn.edu/riao/Q006565?lang=en
18',Amate ana patti gimir abūbāniš aspun Ilu-biʾdi šar adi kimtašunu mundahṣē šallassin māssu kamûssu ana māssu Aššur attabbal <data> mē narkabat <data> mē pēthal nāš gabābī azmarānê ina libba akṣur <data> <data> <data> el kiṣir šarrūssa arde <data> līm <data> mē Aššur bēl hīṭātišu <data> ina qerbeša Amate ašāb šūt rāšūʾa bēl el altakan bilassun maddatta ikūn el,"Like the Deluge I overwhelmed the land Hamath to its full extent I brought their king Ia]ū-biʾdī Ilu-biʾdī to Assyria in bondage together with his family his figh[ting men and the booty of his land I conscripted from among them a contingent of 300 chariots 600 cavalry and shield and spear bearers and I added them to my royal contingent I settled 6,300 Assyrian criminal(s in the land Hamath I set a eun[uch of mine as provincial gov]ernor over them and I imposed upon them the delivery of tribute and payment(s",https://oracc.museum.upenn.edu/riao/Q006565?lang=en
21',Muttallu Kummuhaya el Argišti šar Urarṭa atkal bilassun maddatta addin šanat baṭāli akla tāmartašu ina uggat libba ittešunu narkabat šēp u pēthal ša ašar salmē ina qerbeša māssu <data> <data> idāka lā ipparakkû hitmuṭiš <data> <data> alāk <data> akām gerra amār <data> ētezib ēdānuššu ipparaššidu lā amār ašar <data> būšašu makkūr niṣirtašu ēkal ittešunu nišī māssu ašallal <data> ina libba ašāb šūt rāšūʾa bēl el altakan <data> ina libba akṣur adgul pān <data> <data> <data> <data> <data> <data>,Mutallu of the land Kummuḫu put his trust in Argišti king of the land Urarṭu stopped his annual delivery of tribute and payment(s and withheld his audience gift Angrily I quickly advanced with only my personal chariot and my cavalry wh]o never leave my side even in friendly territory in the land He saw the cloud of dust kicked up by my expeditionary force abandoned and fl]ed away by him]self his where]abouts have never been discovered I carried off as booty his property and posse]ssions the treasure of his palace along with the people of his land and I settled there I set a eunuch of mine as provincial gove[rnor over them 25´ I conscripted from am]ong them and I made them subject to him the new governor,https://oracc.museum.upenn.edu/riao/Q006565?lang=en
