﻿line,akkadian,english,source
Frgm._A_left 1',<data> <data> dumqēšu ittešunu ikkirā ummān māssu Aššur rapašti,they made ho]stile to me The extens]ive troops of Assyria,https://oracc.museum.upenn.edu/riao/Q006585?lang=en
Frgm._A_right 1',<data> <data> <data> ša <data> ša <data>,Not sufficiently preserved to allow translation,https://oracc.museum.upenn.edu/riao/Q006585?lang=en
Frgm._B 1,uparrir ellat Humbaigaš Alamu abātu Karalla Šurda Ki-x-x Harhar Madaya Ellipi ēmid nīr Aššur iknuša Mannaya <data> <data> <data>,I dispersed the forces of Ḫumbani[gaš Ḫumban-nikaš I the Elamite I destroyed the land of Kar]alla the land Šurda the city Kišesim the city Ḫarḫar the land Media and the la[nd Ellipi and I imposed the yoke of the god Aššur upon them I subjugated the land Mannea,https://oracc.museum.upenn.edu/riao/Q006585?lang=en
Frgm._C_left 1',<data> <data> <data> dābib ṣalipte <data> ašpur <data> akla tāmartašu <data> <data>,who always speaks tre]achery he repeatedly sent he withheld his au]dience gift,https://oracc.museum.upenn.edu/riao/Q006585?lang=en
Frgm._C_right 1',<data> <data> <data> <data> <data> <data> <data> ana <data> ša <data>,Not sufficiently preserved to allow translation,https://oracc.museum.upenn.edu/riao/Q006585?lang=en
