﻿line,akkadian,english,source
1,Salmanu-ašared šar kiššat nišē rubā iššakki Aššur šar daʾʾat šar kullat kibrāt arbaʾi šamaš kiššat nišē murteddû kal māssu šar baʾʾīt il nišīt ēna Enlil šakkanak Aššur pitqudu rubā naʾda āmeru durgī u šapšāqī mukabbis rāšūʾa ša šad kal hursānī māhir bilassun igisê ša kal kibrāt mupattî ṭūdāt ša eliš u šapliš ša ana tēbu tāhāssu daʾʾat kibrāt šupšuq hâli āl zikar daʾʾat ša in tuklāt Aššur u Šamaš il raʾiṣīšu alāk in malik ša kibrāt arbaʾi šānin lā īšâ šar māssu šarhā ša arah pašqat alāk aštamdih šad u tâmāte,Shalmaneser III king of all of the people the ruler vice-regent of the god Aššur strong king king of all 5 four quarters of the world sun(god of all of the people ruler of all of the lands the king who is desired object of the gods chosen of the god Enlil 10 trustworthy appointee of the god Aššur the attentive ruler who has seen remote and rugged regions the who has trodden upon the mountain peaks in all of the highlands the receiver of booty and tax from all four quarters of the world the one who opens paths above and below at whose strong attack for combat 15 the four quarters of the world are distressed and cities convulsed the strong male who acts with the support of the gods Aššur and Šamaš the gods who support him and has no rival among the rulers of the four quarters of the world the magnificent king of lands who has kept progressing by difficult ways through mountains and seas,https://oracc.museum.upenn.edu/riao/Q004613?lang=en
20,mār Aššur-naṣir-apli rubā ṣīra ša iššakkūssu el il iṭābu māssu naphar ana šēp iknuša nabīssu ella ša Tukulti-Ninurta ša kullat zāʾeriki anār asappan,son of Ashurnasirpal II exalted ruler whose priesthood was pleasing to the gods and who made all of the lands bow down at his feet pure offspring of Tukultī-Ninurta II who slew all of his enemies and annihilated them like a flood,https://oracc.museum.upenn.edu/riao/Q004613?lang=en
24b,abūbāniš kāšid išdu tâmāte elê u tâmāte šaplê ša Naʾiri u tâmāte rab ša šulme Šamaš adi Hamana Hatta ana paʾaṭ gimer abēl išdu rāšūʾa ēna ša Diglat adi rāšūʾa ēna ša Purate qāssa akšud išdu Enzata adi Suhme išdu Suhme adi Melid išdu Melid adi Daiaeni išdu Daiaeni adi Arṣašku išdu Arṣašku adi Gilzani išdu Gilzani adi Hubuške išdu Nammur adi tâmāte ša Kaldi ša Marrate aqabbû kīma tīl abūb asappan,the conqueror from the Upper and Lower Seas of the Naʾiri land(s and the Great Sea of the Setting Sun as far as Mount Amanus I gained dominion over the land Ḫatti to its full extent I conquered from the source of the Tigris River to the source of the Euphrates River I annihilated like a flood from the land Enzi to the land Suḫnu from the land Suḫnu 30 to the land Melid from the land Melid to the land Daiaeni from the land Daiaeni to the land Arṣaškun 35 from the land Arṣaškun to the land Gilzānu from the land Gilzānu to the city Ḫubuškia from the land Namri to the Sea of Chaldea which is called the Bitter Sea,https://oracc.museum.upenn.edu/riao/Q004613?lang=en
1',āl šarrūssa ša Arrame Uarraṭaya Arrame ana gipiš ṣāb atkal pēthal maʾassi ana epāš qabal u tāhāssu ana irassun adakkekama dabdâ altakan pēthal anūt tāhāssu ekēm ana ētazbū napištašu ana šad marṣa elê išdu pān kak daʾʾat aplah āl mušširannâti šad marṣa aṣabbata Arṣašku āl šarrūssa adi āl ša libīt akšud makkūr būšašu ana lā māni aṣê āl abbul anaqqar in išātāti ašrup adi Gilzani,In my third regnal year to the city Arṣaškun the royal city of A[rāmu of the land Urarṭu Arrāmu trusted in the strength of his army and mustered his numerous cavalry to wage war and battle against me I defeated him and deprived him of his cavalry and military equipment In order to save his own life he climbed up a rugged mountain They his people became frightened in the face of my mighty weapons abandoned their cities and took to a rugged mountain I captured the city Arṣaškun his royal city together with the cities in its environs I brought out his incalculable possessions and property I destroyed demolished and burned with fire th(ose cities I annihilated like a flood from the land Gilzānu to the city Ḫubuškia From the pass of the land Ḫabruri I emerged before Arbela,https://oracc.museum.upenn.edu/riao/Q004613?lang=en
5'b,adi Hubuške kīma tīl abūb asappan in nērab ša Habriuri in pūssa Arba-il aṣê in <data> palâ in Ayyaru <data> išdu Nina ammušma Purate in mēliša ēber arkešu Ahuni mār Adini arde Šitamrat ubān šad ša ah Purate ša kīma erpeti išdu šamê šuqallula ana dannīti altakan ubān šad albišu,"In my fourth regnal year on the thirteenth day of Ayyāru II I moved out from Nineveh and crossed the Euphrates River in flood in pursuit of Aḫūnu of Bīt-)Adini lit “son of Adīnu” He had made as his stronghold Mount Šītamrat a mountain peak on the bank of the Euphrates River which is suspended from heaven like a cloud I besieged and captured th(at mountain peak I uprooted Aḫūnu together with his gods his chariots his horses and 22,000 of his troops and brought them to my city Aššur",https://oracc.museum.upenn.edu/riao/Q004613?lang=en
8'b,akšud Ahuni adi il narkabat sisê <data> līm <data> līm ummān anassah ana āl Aššur ābilāt <data> išdu Libbi-ali ammušma Kullar abbalkit ana Mazamua ša bētāni arād āl ša Nikdera Idaya akšud sitāt ummān in eleppa niāri arkab in tâmāte arād in eleppa kibarri arkab arkešu arde,In this same year I moved out from the Inner City Aššur crossed Mount Kullar went down to the interior of the land Zamua and captured the cities of Nikdēra of the land Id]u The remnant of 10´ their army boarded boats of papyrus and escaped by sea I boarded boats of inflated skins and pursued them I defeated them in the midst of the sea and plundered them,https://oracc.museum.upenn.edu/riao/Q004613?lang=en
11'b,dīkāti in qabal tâmāte addūak šallassin assalla in <data> palâ išdu Nina ammušma ana Kašari elê ,In my fifth regnal year I moved out from Nineveh and ascended Mount Kāšiāru I captured eleven fortified cities and confined Anḫitti of the land Šubria to his city and received his payment,https://oracc.museum.upenn.edu/riao/Q004613?lang=en
12'b,<data> āl daʾʾat akšud Anhitte Šubriaya in āl ēsir maddanāti amdahar in <data> palâ išdu Nina ammušma ana āl ša šiddi Baliha aqribma išdu pān kak daʾʾat aplah Ge-ammu bēl āl addūak ana Til-ša-turahi erāba āl ana ramānī aṣabbata išdu šiddi Baliha ammušma Purate in mēliša ēber maddanāti ša šar ša Hatta amdahar išdu Hatta ammušma ana Halman aqribma nīq ana pān Adad ša Halman epāš išdu Halman ammušma ana Qarqar aqribma Adda-idri Imeri Irhulena Amataya adi <data> šar ša šiddi tâmāte ana emūq ahāmeš atkal ana epāš qabal u tāhāssu ana irassun atbīma issišunu amdahaṣ <data> līm <data> līm ṣāb tidūki in kak amqutma narkabat pēthal anūt tāhāssu ekēm ana ētazbū napištašu elê in eleppa arkab adi qabal tâmāte alāk,"In my sixth regnal year I moved out from Nineveh and approached the cities on the banks of the Balīḫ River They became frightened in the face of my mighty weapons and killed Gē-ammu their city ruler I entered the city Tīl-(ša)-turāḫi and claimed the city as my own Moving on from the banks of the Balīḫ River I crossed the Euphrates River in flood 15´ I received the payment of the kings of the land Hatti Moving on from the land Ḫatti I approached Aleppo Ḫalman and made sacrifices before the god Adad of Aleppo Ḫalman Moving on from Aleppo Ḫalman I approached the city Qarqar Hadad-ezer Adda-idrī of Damascus and Irḫulena of the land Hamath together with twelve kings on the shore of the sea trusting in their united forces attacked me to wage war and battle I fought with them I struck down 25,000 of their fighting men with the sword and captured from them their chariotry cavalry and military equipment In order to save their own lives they ran away I boarded boats and went out upon the sea",https://oracc.museum.upenn.edu/riao/Q004613?lang=en
20',in <data> palâ ana āl ša Habini Til-abnaya alāk Til-abne āl dannīti adi āl ša libīt akšud in išātāti ašrup išdu Til-abne ammušma ana rāšūʾa ēna ša Diglat ašar mūṣāʾu ša māʾūša šakin alāk nīq epāš āl lā māgir Aššur in kak amqutma maddanāti ša Naʾiri,In my seventh regnal year I marched to the cities of Ḫabīnu of the city Tīl-abnē I captured and burned with fire the city Tīl-abnē his fortified city together with the cities in its environs Moving on from the city Tīl-abnē I marched to the source of the Tigris River the place where the water comes out and made sacrifices I struck down the inhabitants of cities insubmissive to the god Aššur with the sword and received the payment of the Naʾiri land(s,https://oracc.museum.upenn.edu/riao/Q004613?lang=en
23'b,amdahar in <data> palâ in tarṣi Marduk-zakir-šumi šar Karduniaš Marduk-bel-usate ah issišunu ,In my eighth regnal year at the time of Marduk-zākir-šumi I the king of Karduniaš Babylonia Marduk-bēl-usāti his brother rebelled against him I marched out for vengeance and captured the cities Mê-Turnat and Laḫīru,https://oracc.museum.upenn.edu/riao/Q004613?lang=en
24'b,lū abbalkit ana atūra gimelli lū alāk Me-Turnat Lahira akšud in <data> palâ in šanê gerra Gannanate akšud Marduk-bel-usate ana ētazbū napištašu ana Arman elê arkešu arde Marduk-bel-usate adi ṣāb bēl hīṭātišu ša issišunu in kak amqutma ana Babili alāk nīq in Babili Barsipa Kute epāš ana Kaldi arād āl akšud adi tâmāte ša Marrate aqabbû alāk maddanāti ša Adini mār Dakkuri,In my ninth regnal year in my second campaign to Babylonia I captured the city Gannanāte In order to save his own life Marduk-bēl-usāti went up to the city Ḫalman I pursued him and struck down Marduk-bēl-usāti with the sword together with the treacherous soldiers who were with him I marched to Babylon and made sacrifices in Babylon Borsippa and Cutha I went down to Chaldea and captured their cities I marched to the sea which is called the Bitter Sea and in Babylon received the payment of Adīnu of Bīt-)Dakkūri lit “son of Dakkūru” and Mušallim-Marduk of Bīt-)Amukkāni lit “son of Ukkānu” silver gold ebony and elephant ivory,https://oracc.museum.upenn.edu/riao/Q004613?lang=en
29'b,ša Mušallim-Marduk mār Aukkani kasap hurāṣ ušê šinni pīrāti in Babili amdahar in Adad palâ <data> Purate ēber āl ša Sagara Gargamišaya abbul anaqqar in išātāti ašrup išdu āl ša Gargamišaya ammušma ana āl ša A-rame aqribma Arne āl šarrūssa akšud adi <data> mē āl ša libīt abbul anaqqar in išātāti ašrup dīkāti addūak šallassin assalla in ūm Adda-idri Imeri Irhulena Amataya adi <data> šar ša šiddi tâmāte ana emūq ahāmeš atkal ana epāš qabal u tāhāssu ana irassun atbīma issišunu amdahaṣ dabdâ altakan narkabat pēthal anūt tāhāssu ekēm ana ētazbū napištašu elê,In my tenth regnal year I crossed the Euphrates River for the eighth time I destroyed demolished and burned with fire the cities of Sangara of the city Carchemish Moving on from the cities of the Carchemishite I approached the cities of A(b)-rāmu Abi-rāmu and captured the city Arnê his royal city I destroyed demolished and burned it with fire together with 100 cities in its environs I massacred them and plundered them At that time Hadad-ezer Adda-idrī of Damascus and Irḫulena of the land Hamath together with twelve kings on the shore of the sea trusting in their united forces attacked me to wage war and battle I fought with them and defeated them I took from them their chariotry cavalry and military equipment In order to save their own lives they ran away,https://oracc.museum.upenn.edu/riao/Q004613?lang=en
35',in <data> palâ išdu Nina ammušma <data> Purate in mēliša ēber <data> āl ša Sagara akšud <data> mē āl ša A-rame akšud abbul anaqqar in išātāti ašrup šiddi Hamana aṣabbata Yaraqi abbalkit ana āl ša Amataya arād Abšimaku adi <data> āl akšud dīkāti addūak šallassin assalla in ūm Adda-idri Imeri Irhulena Amataya adi <data> šar ša šiddi tâmāte ana emūq ahāmeš atkal ana epāš qabal u tāhāssu in irassun atbīma issišunu amdahaṣ dabdâ altakan <data> līm ṣāb tidūki in kak amqutma narkabat pēthal anūt tāhāssu ekēm in tayyarat Apparazu āl dannīti ša A-rame akšud in ūm maddanāti ša Qalparuda Pattinaya kasap hurāṣ annakī sisê alap immer,"In my eleventh regnal year I moved out from Nineveh and crossed the Euphrates River in flood for the ninth time I captured ninety-seven cities of Sangara I captured destroyed demolished and burned with fire 100 cities of A(b)-rāmu Abi-rāmu I took to the slopes of Mount Amanus crossed Mount Yaraqu and descended to the cities of the people of Hamath I captured the city Aštammaku together with ninety-nine other cities I massacred their inhabitants and plundered them At that time Hadad-ezer Adda-idrī of Damascus and Irḫulena of the land Hamath together with twelve kings on the shore of the sea trusting in their united forces attacked me to wage war and battle I fought with them and defeated them I struck down 10,000 of their fighting men with the sword I took from them their chariotry cavalry and military equipment On my return march I captured the city Apparāzu the fortified city of A(b)-rāmu Abi-rāmu At that time I received the payment of Qalparunda of the land Pattinu silver gold tin horses oxen sheep and linen garments I went back up Mount Amanus and cut down beams of cedar",https://oracc.museum.upenn.edu/riao/Q004613?lang=en
41'b,lubultē kitê amdahar ana Hamana elê gašūrī erēna akkis in <data> palâ išdu Nina ammušma <data> Purate ēber ana Paqarahubuni alāk nišē adāru šad marṣa aṣabbata ubān šad albišu akšud dīkāti addūak,In my twelfth regnal year I moved out from Nineveh and crossed the Euphrates River for the tenth time I marched to the land Paqarḫubuni where the people became frightened and took to a rugged mountain I besieged and captured th(at mountain peak I massacred them and brought plunder and possessions of theirs down from th(at mountain,https://oracc.museum.upenn.edu/riao/Q004613?lang=en
43'b,šallassin būšašu išdu qarbešunu šad arād in <data> palâ in nērab ša Ištarate erāba ana Mateiate alāk Mateiate ,In my thirteenth regnal year I entered the pass of the city Ištarāte marched to the city Matiātu and captured the city Matiātu in its entirety I slaughtered their inhabitants and took countless plunder from them,https://oracc.museum.upenn.edu/riao/Q004613?lang=en
44'b,ana sihir akšud dīkāti addūak šallassin ana lā māni assalla in <data> palâ māssu rapalti ana lā māni adakkekama issišunu <data> mē līm <data> līm ummān Purate in mēliša ēber in ūm Adda-idri Imeri Irhulena Amataya adi <data> šar ša šiddi tâmāte elê u šaplê ṣāb maʾassi ana lā māni adakkekama ana irassun atbīma issišunu amdahaṣ,"In my fourteenth regnal year I mustered the troops of my extensive land in countless numbers and crossed the Euphrates River in flood with 120,000 troops At that time Hadad-ezer Adda-idrī of Damascus and Irḫulena of the land Hamath together with twelve kings on the shore of the sea above and below mustered their troops which were too numerous to be counted They attacked me I fought with them and defeated them I destroyed their chariotry and cavalry — and took away their military equipment In order to save their own lives they ran away",https://oracc.museum.upenn.edu/riao/Q004613?lang=en
47'b,dabdâ altakan narkabat pēthal aṣēʾ anūt tāhāssu ekēm ana ētazbū napištašu elê in <data> palâ ana Naʾiri alāk in rāšūʾa ēna ša Diglat ṣalam šarrūssa in kāpi ša šad in ṣī nagab abnâ tanadāte kiššūta alkakāt qurdi in qarbešunu alṭur in nērab ša Ṭubuni erāba āl ša Arrame Uarraṭaya adi rāšūʾa ēna ša Purate abbul anaqqar in išātāti ašrup in rāšūʾa ēna ša Purate alāk nīq ana il aṣabbata kak Aššur in libba ullil Asia šar Daiaeni šēp aṣabbata bilassun maddanāti sisê amdahar ṣalam šarrūssa abnâ in qabal āl atazziz,In my fifteenth regnal year I marched to the Naʾiri land(s I created at the source of the Tigris River on a mountain cliff where its water comes out a statue of my royal majesty I wrote thereon praises of my power and my heroic deeds I entered the pass of Mount Ṭunibuni and destroyed demolished and burned with fire the cities of Arrāmu of the land Urarṭu as far as the source of the Euphrates River I marched to the source of the Euphrates River made sacrifices to my gods and washed the weapons of the god Aššur therein Asia the king of the land Daiaeni grasped my feet and I received from him tax and tribute of horses I fashioned a statue of my royal majesty and erected it inside his city Lacuna,https://oracc.museum.upenn.edu/riao/Q004613?lang=en
1'',in samānēšret palâ <data> Purate ēber Haza-il Imeri ana gipiš ṣāb atkal ṣāb ana maʾdiš adakkekama Saniru ubān šad ša pūssa Labnana ana dannīti altakan issišunu amdahaṣ dabdâ altakan <data> līm ṣāb tidūki in kak amqutma <data> līm <data> mē <data> narkabat <data> mē <data> pēthal issišunu ušmannašu ekēm ana ētazbū napištašu elê arkešu arde in Dimašqa āl šarrūssa ēsir kirâtešunu akkis adi šad Haurani alāk āl ana lā māni abbul anaqqar in išātāti ašrup šallassin ana lā māni assalla adi šad Baʾali-raʾasi ša pūssa tâmāte alāk ṣalam šarrūssa in libba ašqup in ūm maddanāti ša Ṣurraya Ṣidunaya ša Iau mār Humri amdahar,"In my eighteenth regnal year I crossed the Euphrates River for the sixteenth time Hazael of Damascus trusting in the might of his soldiers 5´´ carried out an extensive muster of his troops He fortified Mount Saniru a mountain peak that is before Mount Lebanon I fought with him and defeated him 10´´ I struck down 16,000 of his fighting men with the sword and took away from him 1,121 of his chariots and 470 of his cavalry with his military camp In order to save 15´´ his own life he ran away but I pursued him I imprisoned him in Damascus his royal city and cut down his gardens I marched to Mount Ḫaurānu and destroyed demolished and 20´´ burned with fire cities without number I carried off more booty than could be counted I marched to Mount Baʾali-raʾasi which is a cape jutting out into the sea and erected a statue of my royal majesty there At that time I received 25´´ the payment of the people of Tyre and Sidon as well as of Jehu Iāūa of Bīt-)Ḫumrî Israel lit “son of Omri”",https://oracc.museum.upenn.edu/riao/Q004613?lang=en
