﻿line,akkadian,english,source
1,ēkal Sin-ahhe-eriba šar rabâ šar dannāku šar kiššat šar māssu Aššur šar kibrāt erbaʾi migir il rabâ lulīmē eršu malik pitqudu rēʾi bahūlāte muttarrû nišī rapašti,Palace of Sennacherib great king strong king king of the world king of Assyria king of the four quarters of the world favorite of the great gods wise prince circumsp[ect ru]ler shepherd of the pe]op[le and leader of a widespread population I,https://oracc.museum.upenn.edu/riao/Q003523?lang=en
3b,anāku Belet-ili bēlet nabīssu ina šassūr agarinni ālitti kēniš appalisma uṣabbâ nabīssu u Ninšiku addin karassin ritpāše šinnat apkal Adapa ašarrakšunūti palkâ hasīs,The goddess Bēlet-ilī the lady of creat]ion looked steadfastly upon me and created my features while I was still in the womb of the mot[her who g]ave birth to me Moreover the god Ninšiku ga]ve me wide understanding equal to that of the sage Ada[pa and endowed me with broad knowledge,https://oracc.museum.upenn.edu/riao/Q003523?lang=en
5,Aššur ab il gimir ṣalmāt qaqqad iknuša šēp ana rēʾûssina māssu u nišī elê rāšūʾa <data> <data> <data> <data> <data> <data> kak lā pādê ana amqutma zāʾeriki atmuh,The god Aššur father of the gods made all of the black-hea]ded people bow down at my feet and elevated me for shepherding the land and people and he put in my hand a mer[ci]less we]apon to fell enemies,https://oracc.museum.upenn.edu/riao/Q003523?lang=en
7b,rittāšin <data> <data> <data> <data> <data> <data> <data> <data> <data> <data> <data> <data> <data> <data> <data> <data> <data> ana <data> ša <data> <data> <data> <data> ša šar ālik mahar ab,and which earlier kings my ancestors had had constructed for their lordly dwelling but whose construction they had carried out inex[pertly,https://oracc.museum.upenn.edu/riao/Q003523?lang=en
12b,ana rimīt bēlūssu epēssu lā ikkilū šipir egalturrâ šâtu anaqqar ša Tebilti mālak ištu qabalti āl aprus ṣēr tamerāti kutal āl ešēr,I tore down that small pala[ce I div[er]ted the course of the Tebi]lti River from the center of the city and directed its outflow onto the me[adow behind the city,https://oracc.museum.upenn.edu/riao/Q003523?lang=en
14b,mūṣâšu ina <data> ikî mālak mê <data> pēli rabâ ittešunu kupri aksâ qan abī u kupê atruṣma el <data> mē <data> <data> ina ammat arku <data> mē <data> ina ammat rapašti qaqqar ištu tamerāti āl kīma atartimma lū aṣabbata ṣēr mešihta ēkal mahar arde ana mē ina asli rabâ šiddi u <data> mē <data> ina asli rabâ pūssa atūra šubāt arbâ,In a one-half ikû stretch of the water’s natural course I bonded together with bitumen four large limest[one blocks and spread marsh reeds and rush]es over them As an addition I to[ok a plot of land that was five hundred and c]ubits long and two hundred and eighty cubits wide from the pla]in of the city and I added it t]o the fo[rmer dimensions of the palace I enlarged it to 914 lar]ge cubits along its longer side and 460 lar[ge cu]bits along its shorter side and thus I ma[de its site bigger In its the terrace’s entirety I raised its superstructure to a total height of 190 courses of brick,https://oracc.museum.upenn.edu/riao/Q003523?lang=en
18b,ana sihir elāniš ina <data> mē <data> tibik elê rāšūʾa labāriš ūm ina mīlêša kiššat temmēn lā enēše pēli rabâ kisû ishur dunnina,In order to prevent its foundation from being weak[ened over the passage of time by cresting flood(s I surrounded its base with large limestone slabs and thereby reinforced its base,https://oracc.museum.upenn.edu/riao/Q003523?lang=en
20b,šupuk ēkal hurāṣ ēkal kasap ēkal siparrī ēkal <data> ēkal turminabandâ <data> ēkal alallum ēkal gišnugalli ēkal šinni pīri ēkal ušî ēkal taskarinni ēkal musukkannī ēkal erēnī ēkal šurmēni ēkal burāši ēkal elammakku ēkal sindâ ana mūšab bēlūssu abnâ bīssu muterrēte tamšīl ēkal Hatti mahirat,I built a palatial hall of gold a palatial hall of silver a palatial hall of bro nze a palatial hall of stone a palatial hall of brec[cia a palatial hall of alallu stone a palatial hall of alabaster a palatial hall of elephant ivory a palatial hall of ebony a palatial hall of boxwood a palatial hall of musukkannu-wood a palatial hall of cedar a palatial hall of cypress a palatial hall of juniper a palatial hall of elammaku-wood and a palatial hall of Indian wood for my lordly residence and then I had a house with double doors a replica of a Hitti[te palace constructed opposite its gates,https://oracc.museum.upenn.edu/riao/Q003523?lang=en
24b,bāb epēssu gušūrī erēnī šurmēni atruṣma el dalāt liāri šurmēni ,I roo]fed them the palatial halls with beams of cedar and cypress I fastened bands of silver and copper on doors of whit[e cedar and cypress and I installed them in their gates,https://oracc.museum.upenn.edu/riao/Q003523?lang=en
25b,meser kasap u erâ arkus arti bāb ina barakkāni aptī birrī aptâ lamassāt gišnugalli šinni pīri ša illūrū naṣû kitmusā rittāšin ina bāb azziz ana tabrât,In the cor]ridors I m[ade openings for latticed windows At their gates I stationed apotropaic figures of alabaster and elephant ivory whose folded hands hold poppies and thus I made them an object of wonder,https://oracc.museum.upenn.edu/riao/Q003523?lang=en
27b,alāk <data> sikkāt karri kasap u erâ qerbeša alme ,I decorated them with silver and copper knobbed nails I adorned the arches friezes and al]l of their co[pi]ngs with baked bricks glazed in the color of obsidian and lapis lazuli,https://oracc.museum.upenn.edu/riao/Q003523?lang=en
28b,ina agurrī ṣurri uqnê ussim sellu nēbehī u gimir pasqīšin alšu šipir ēkal <data> <data> <data>,So that the construction of my palace,https://oracc.museum.upenn.edu/riao/Q003523?lang=en
1',ina sapan Ammanana aptâ pān pendê ša kīma zēr qiššê šikin nussuqā mal aban kišād aqarte aban aqabbû amgur u rihṣi ētattiqāāma murṣiya ana amēl lā ithâ ina šēp Nipur šad ramānī uʾaddû,In the uplands of Mount Ammanāna northern Anti-Lebanon they Aššur and Ištar disclosed to me the location of alabaster pendû stone — whose appearance is as finely granulated as cucumber seeds considered valuable eno]ugh to be an amulet a stone for speaking and bei]ng accepted as well as making storms pass by and preventing illn]ess from approaching a man — made itse]lf known to me at the foot of Mount Nipur,https://oracc.museum.upenn.edu/riao/Q003523?lang=en
8',turminabandâ ša kīma kappi kallāt Šamaš šikin ana ṣibit nakkapti inūh aban hūd libba immerū kabatsu mal burzigalli ša lā amār immatēma ina Kapridargila ša patti Til-Barsip,Breccia whose appearance is like the wings of a dragonfly and the qualities of which ca[l]m head[ach]es a stone for happiness and cheer]­ful­ness as much as is needed for making burzigallu bowls a stone that had n[e]ver been se[en before revealed itself at Kapridargilâ “Dargilâ Village” which is on the border of the city Tīl-Barsip,https://oracc.museum.upenn.edu/riao/Q003523?lang=en
12'b,kullum ramānī alallum ša kīma ṣubāt gišimmari šikin u girim ša kīma inba nurmî šikin banû lalâ ana adgul aban mūtānū ana amēl lā ithâ kilallān abnâ ina <data>,alallu stone whose appearance is like the ba[rk of the date palm and girimḫilibû stone — whose appearance is like the fruit of the pomegr[anate tree is beautiful and a pleasure to behold and a stone for preventing pla[gue from approaching a man — both stones were found in abundance at Mount,https://oracc.museum.upenn.edu/riao/Q003523?lang=en
16'b,šad amār magal itâka Nina ina ereṣēti Balaṭaya kī ṭēm il pēli peṣât,Near Nin[eveh in the territory of the city Balāṭā[ya by divine wi[ll white limestone,https://oracc.museum.upenn.edu/riao/Q003523?lang=en
1'',<data> <data> <data> <data> <data> nummuru zīm askuppāt girim alallum abnâ kilallān ina šad abtuq <data> <data> ašdud qerbeša Nina,I created whose bodies shine and slab[s of gi rimḫilibû stone and a lallu stone I cu[t them free on both sid]es from their mountains and then I had them dragged in[to Nineveh,https://oracc.museum.upenn.edu/riao/Q003523?lang=en
6'',aladlammê u apsasāte pēli peṣât ina lipit Ninkura ina ereṣēti Balaṭaya,I had bull colossi and sphinxes of white lim]es[tone created and their forms perfected through the craft of the deity Ninkura in the territory of the city Balāṭāya,https://oracc.museum.upenn.edu/riao/Q003523?lang=en
1''',<data> <data> <data> <data> sindâ <data> <data> <data> <data>  karān <data>,India[n wood,https://oracc.museum.upenn.edu/riao/Q003523?lang=en
2''''b,<data> <data> <data> <data> <data> <data> ina qibētī Aššur ab il u Ištar šarrat qerbeša ēkal <data> ina ṭūb šīr hūd libba ūm arāk liblibbi dūr dāri ana ūm bāšâ ikūn qerbeša šēd dumqēšu lamassāt dumqēšu qerbeša ēkal šâtu dāreš lištabrâ ai ipparakkû idāka,By the command of the god Aššur father of the gods and the goddess Ištar the que en may I spend a long time in my palace in good health and happine[ss May my descendants be establi[shed therein forever for all days May the good šēdu and the good lamassu last forever and ever in this palace May they never leave i]t,https://oracc.museum.upenn.edu/riao/Q003523?lang=en
