﻿line,akkadian,english,source
Frgm._A 1,ina ūm <data> ana Babili hitmuṭiš alāk <data> šar Karduniaš ša <data>,At tha[t t]ime I marched quick[ly to Babylon and the king of Karduniaš Babylonia who,https://oracc.museum.upenn.edu/riao/Q004033?lang=en
Frgm._B 1,<data> <data> akšud <data> <data> <data> <data> <data> <data> <data> <data> šū Marduk-apla-iddina <data> <data> alāk gerra ašmâ hatta u pulhāte amqutma <data>,captured h]e Mar­[duk-ap­la]-iddin[a II Merodach-baladan hea]rd about the advance of my expeditionary force and fear and t]err[or fell upon him,https://oracc.museum.upenn.edu/riao/Q004033?lang=en
Frgm._C 1,<data> <data> abul <data> Marduk-apla-iddina <data> šatti aṣê šallatiš amna,his city gates Marduk-apla-iddina II Merodach-baladan I brought out from that and I counted them as booty,https://oracc.museum.upenn.edu/riao/Q004033?lang=en
Frgm._D 1,<data> aban aqarte anūt <data> <data> <data> <data> manzāssin pān nāri <data> <data> <data> aṣê šallatiš amna <data>,I brought out precious stones utensils of attendants male singers and I counted them as booty,https://oracc.museum.upenn.edu/riao/Q004033?lang=en
Frgm._E 1,<data> narkabat <data> <data> anūt ēkal <data> <data> ina qerbeša Babili <data>,his s his chariots the utensils of his pal[ace inside Bab[ylon,https://oracc.museum.upenn.edu/riao/Q004033?lang=en
Frgm._F 1,ina šanê gerra Aššur bēl atkal ana māssu Kašši u māssu Yasubigallaya ša ištu ulla ana šar ab lā kitnuš lū alāk,On my second campaign the god Aššur my lord encou]raged m[e and I marched to the land of the Kassites and the land of the Ya[subigall]i[ans who since time immemorial had not submit]ted to the kings my ancestors,https://oracc.museum.upenn.edu/riao/Q004033?lang=en
Frgm._G 1,<data> damdāmī imērī alap u ṣēnašu ištu qerbeša aṣê šallatiš amna u āl ṣahri ša nība lā īšâ anappal anaqqar,I brought out from them damdāmu mules donkeys oxen and sheep and goats and I counted them as booty Moreover I destroyed devastated and turned into ruins their small(er settlements which were without number,https://oracc.museum.upenn.edu/riao/Q004033?lang=en
Frgm._H 1,gimir māssu rapašti <data> kīma imbari ashup Marubišti Akkuddu Barrua ša kutal šad āl bīssu šarrūssa adi <data> āl ṣahri ša libīt alme akšud,I al[l of his wide land and overwhelmed it like a fog I surr]ounded conquered destroyed devastated and burned with fire the cities Marubištu Akk]uddu and Bīt-Bar rû which lie behind the mountain[s cities of his royal house to[gether with thirty-four small(er settlements in their environs,https://oracc.museum.upenn.edu/riao/Q004033?lang=en
Frgm._I 1,adi anāku ana <data> Elenzaš <data> aṣabbata dūr <data> <data>,Until I the city Elenzi[aš I took hold of and the wall,https://oracc.museum.upenn.edu/riao/Q004033?lang=en
Frgm._J 1,<data> <data> mulmullī <data> <data> ina tāhāz ṣēr <data> <data> ešēr harrān <data>,a[r]ro[w i n a pitched battle and they took the direct ro ad,https://oracc.museum.upenn.edu/riao/Q004033?lang=en
Frgm._K 1,<data> āšipī asê dāgil iṣṣūr <data> <data> nagār kutīmī nappāhī <data> <data> šipir išparūtu mūdê <data>,the exorc ist the physician the auger the carpenter the silversmith the smith the the work of the weaving craft the expert,https://oracc.museum.upenn.edu/riao/Q004033?lang=en
