﻿line,akkadian,english,source
1,ana Aššur šad rabâ šar kiššat Igigi u Anunnaki <data> <data> <data> <data> <data> <data> <data> <data> <data> <data> <data> <data> <data> <data> <data> ša milik appā šūtuqat akšud <data> <data> <data> <data> <data> <data> <data> <data> Enlil Aššur ša ela šâšu šipṭānišunu lā agdamar <data> <data> <data> <data> <data> <data> <data> <data> <data> <data> <data> <data> lā enê aširte pursê lā assukma il manāma kabitti ša <data> <data> <data> <data> <data> <data> <data> <data> <data> šamê ereṣēti šupšuq māssu u tâmāti ihillū šar šar <data> <data> <data> <data> ša māmīt lā ipparraṣuma edê itâka lā ētattiqāāma agê ezzeti šugariʾu <data> <data> <data> <data> <data> <data> <data> musahhip kullat lā māgir muletti šakṣī ūm nanduru ša ana lā naʾdī <data> <data> <data> <data> <data> muštenni uṣurāt ikannaku zamar il rašbu ša ina parak šarrūssa ina kussâšu <data> <data> <data> <data> ašallal mātitān etel bēl bēl labiš namurrat sākip ragga dāʾiš kullat nakirēšu muṭīb gārê muštālu rāʾim tenēšet ša nuggatsu rabâ šamru <data> <data> āšib Ehursaggalkurkurra kiṣṣi punguli uṣurāt adnāte rēštê bēl Baltil,To the god Ašš[ur the great mou[ntain king of all the Igīgū gods and Anunnakū gods whose command rea[ches the Assyrian Enlil without whom judgment cannot be rendered sanctuaries be altered or decisions be canceled by any other god the important one who 5 heaven and netherworld are constantly put in difficulty lands and sea(s tremble the king of king[s the one by whom no oath sworn is broken and the flood-tide who)se limits cannot be transgressed the fierce deluge the sickle sword who overwhelms all the uncompliant and crushes the wild the furious storm who for the imp[ious seals quickly the one who changes his design(s the awesome god who from his royal dais from his throne plunders every land lordly one lord of lords one clothed in awesome splendor who defeats the wicked tramples on all enemies 10 and overwhelms foes the judicious one who loves humankind but whose anger is great the fe[roc]ious one who dwe[lls in Eḫursaggalkurkurra “House the Great Mountain of the Lands” — the mighty shrine primordial reflection lit “design” of the whole world — the lord of the city Baltil Aššur — the city of privileged status the dynastic seat and oldest inhabited settlement — the prince his lord,https://oracc.museum.upenn.edu/riao/Q006570?lang=en
12b,āl kidin šubāt palâ qudum dadmē rubâtu bēl srgn iššakku māssu Aššur rēʾi kēni nadušu Enlil Marduk aradka ša ana ēteneddišu šipir ēkurrāti šuklul kidudê immerū māhāz ina naphar ṣalmāt qaqqad kēniš appalisma elê rāšūʾa māssu Aššur ana abēl u ašpur ina qāssa imlâ el kibrāt erbaʾi lišamrir kak,Sargon II vice-regent of the land of the god Ašš[ur just shepherd offspring of the gods Enlil and Marduk your servant me upon whom among all the black-headed people he the god Aššur duly looked to renovate the structure of the temple to make the ritual performances perfect and to make the cult centers brilliant He then exalted me and handed over to me the ru[lership and governance of Assyria He made my weapons prevail over the four quarters of the world,https://oracc.museum.upenn.edu/riao/Q006570?lang=en
16,ina šanê palâ ša ina kussâšu šarrūssa ašāb agâšu bēlūssu annapruma ,In my second regnal year having ascended the royal throne and been crowned with the crown of lordship I dispersed the forces of Ḫumba(n)igaš Ḫumban-nikaš I king of the land Elam and brought about his defeat,https://oracc.museum.upenn.edu/riao/Q006570?lang=en
17b,ellat Humbaigaš šar Elamte uparrir altakan dabdâšu Ilu-biʾdi Amataya lā bēl kussâšu lā šininti ēkal ša ina rēʾûssina nišī šīmāt lā šīmāt arād ana Aššur māssu nišī lemnāti lā ṭābte ubaʾʾima alqâ šēṭūssu Ṣimirra Dimašqa Arpadda Samerina ipahhurū ana idāka atūra <data> <data> <data> <data> <data> <data> <data> <data> <data> <data>,Iaū-biʾdī Ilu-biʾdī of Hamath — who had no right to the throne who was not worthy to live in a palace and who had not been fate[d to shepherd the people — came down sought evil things that were not good for the god Aššur his land and his people and held them in cont[empt He assembled the cities Ṣimirra Damascus Arpad and Samaria and made them side with him he killed them altogether and le[ft no one alive,https://oracc.museum.upenn.edu/riao/Q006570?lang=en
21b,<data> <data> <data> <data> kīma ištât addūk napištašu ul ētezib <data> <data> <data> <data> <data> <data> <data> <data> <data> <data> <data> <data> <data> <data> <data> <data> <data> <data> <data> <data> <data> alšu akšud Amate askip Ilu-biʾdi <data> <data> <data> <data> <data> <data> <data> māssu Amurre rapašti amdahhar Aššur il rabâ <data> <data> <data> <data> <data> <data> <data> <data> <data> <data> <data> <data>  ikrib ašmâ alqâ supê ummān rapašti <data> <data> <data> <data> <data> adakkekama,and I prayed to the god Aššur in order to be able to conquer the land Hamath overthrow Iaū-biʾdī and the wide land Amu]rru Aššur the great god then li]stened to my prayer and accepted my supplication I mustered my vast tr[oops and 25 had them take the road to the land Am]urru,https://oracc.museum.upenn.edu/riao/Q006570?lang=en
25b,harrān māssu Amurre aṣabbata Amate <data> <data> <data> <data> <data> muṣṣât šalamdi tanittašun <data> nišī māssu Amurre ana šēp iknuša <data> ana āl Aššur attabbal alšu ša siqiršin pâ ašmâ <data> alāk rēṣūssu Baltil āl kidin palâ labīrāte <data>,The land Ha[math corpses were spread wide lit “the/a corpse was spread out” Fame I made the people of the land Am]urru bow down at my feet I brought to my city Aššur and because they the people of the city Aššur li]st[ened to my comma[nd and came to my aid I showed favor to the city Baltil Aššur the city of privileged-status since ancient dynasties,https://oracc.museum.upenn.edu/riao/Q006570?lang=en
30,māhāz ṣīrāte ša Aššur bēl ana kibrāt assuq markas šarrūssa <data> <data> <data> ša šānin lā īšâ ša ištu ulla ilki tupšikki lā idû nišī Salmanu-ašared lā pālih šar gimir ana āl šatti qāssa ana lemnāti attabbal altakan <data> <data> <data> <data> nišī ilki tupšikki marṣiš altakan amna ṣāb hupšiš enūma <data> <data> <data> <data> Enlil il ina uggat libba palâ askip yâte srgn šar <data> <data> <data> <data> <data> <data> <data> <data> <data> <data> <data> elê rāšūʾa haṭṭašu kussâšu agâšu atmuh <data> <data> <data> <data> <data> <data> <data> <data> <data> <data> alšu lišaršid karri ikūn palâ zakûssunu <data> qerbeša Ešarra alāk mahar alšu balāṭ libba <data> ša mār āl šunūte zakûssunu attabbal kabatsu <data> ina ilki tupšikki dikût māssu šisīt nāgir ina miksī kār nēber <data>,With regards to this august cult center the city Aššur that the god Aššur his lord had selected to be the central link of kingship for the four quarters of the world the city which has no rival and whose people have not known state service or corvée duty since the distant past Shalmaneser V who did not revere the king of all the world raised his hand against that city with evil intent and esta[blished He imposed oppressively state service and corvée-duty upon its people and treated them as if they were of the lower class At that time the Enlil of the gods angrily overthrew his reign As for me Sargon the king 35 he exalted me and had me take hold of scepter throne and crown In order to make my throne secure to firmly establish my reign to restore their exemption from obligations so that I might walk about in his presence in Ešarra and in order that I be well of he[art I planned the exemption from obligations of those citizens of the city I exempted them from state service corvée duty the levy of the land and the proclamation of the herald from quay and ferry dues all the temples of Assyria,https://oracc.museum.upenn.edu/riao/Q006570?lang=en
40b,ēkurrāti gabbi ša māssu Aššur uzakkima Aššur bēl <data> <data> epēssu haṣbu kasap ša <data> manê <data> <data> <data> <data> <data>,The god Aššur my lord I had made and a silver ḫaṣbu pot weighing twenty minas I inscribed upon it and placed it before him,https://oracc.museum.upenn.edu/riao/Q006570?lang=en
42b,el alṭur ikūn mahar ša šipir šâtu ištu <data> issehuma simat Aššur bēl rabâ ezziš likkilmešu <data>,As for the one who removes that object lit “work” fro m its current location or mutilates its represention(s may the god Aššur the great lord glare at him angrily,https://oracc.museum.upenn.edu/riao/Q006570?lang=en
