﻿line,akkadian,english,source
i 1',Ubulu Damuni Gambulaya Hindari Ruʾuʾa Puqudaya Hamaranaya Hagaranu Nabatu Liʾtaʾa Arame lā kanše mithāriš akšud <data> mē <data> līm nišī ṣeher rab zikar u sinniš sisê parê imērī gammalī alap ṣēnašu šallassin kabitta ašallal ana qerbeša māssu Aššur,"I def[eated all together Ubu]lu Damunu Gambulu Ḫin]daru Ruʾuʾa Pu­qu­du Ḫam]rānu Ḫa­ga­rā­nu Nabatu and Liʾtaʾu insubmissive A­ra­me­ans I carried off into As[syria a sub[stantial booty consisting of 208,000 people young and old male and female horses mules donkey[s camels oxen and sheep and goats",https://oracc.museum.upenn.edu/riao/Q003943?lang=en
i 10',ina mēteq gerra ša Nabu-bel-šumati qēpāni Hararate hurāṣ kasap musukkannī rabâ imērī gammalī alap u ṣēnašu maddatta kabitta amdahhar,In the course of my camp[aign I rece[ived a substantial payment from Nabû-bēl-šumāti the official in charge of the city Ḫa[raratu Ḫarutu gold silver large musukkannu trees donkeys camels oxen and sheep and goats,https://oracc.museum.upenn.edu/riao/Q003943?lang=en
i 15',bahūlāte Hirimme nakirēšu akṣi ina kak amqutma ēdu ul ētezib pagar ina gašīšī ālul sihir āl alme nagê šatti ana eššūte aṣabbata ištât alap <data> immer <data> imēr karān <data> imēr suluppī rēšēt ana il māssu Aššur bēl ikūn dārišam,I put to the sword the population of the city Ḫirimmu a dange[rous enemy and I did not spare a single one I hung their corpses on poles and pl[aced them around the city I reor[ganized that district and imposed for eternity one ox ten sheep ten homers of wine and twenty homers of dat[es as his first-fruits offerings to the gods of Assyria my lords,https://oracc.museum.upenn.edu/riao/Q003943?lang=en
i 23',ina šanê gerra Aššur bēl atkal ana māssu Kašši u māssu Yasubigallaya ša ištu ulla ana šar ab lā kitnuš lū alāk qerbeša hursānī zaqri eqel namrāṣi ina sisê arkab narkabat šēp <data> <data> <data> <data>,On my second campaign the god Aššur my lord encou[raged me and I marched to the land of the Kassites and the land of the Ya[subi]gallia[ns who since time immemorial had not submitted to the kings my ancestors In the hi[gh mountains difficult terrain I rode on horseba[ck and had my personal chariot carried on men’s necks,https://oracc.museum.upenn.edu/riao/Q003943?lang=en
r i' 1,el kiṣir šarrūssa arde sitāt šallassin nakirēšu kabitta ana gimir karāssu u bēl,I added archers and shield bearers to my royal contingent I divided up the rest of the substantial enemy booty among my entire camp and my governors,https://oracc.museum.upenn.edu/riao/Q003943?lang=en
r i' 1',ša ištu ulla ittešunu šiṭir burūmê eṣratsu eṣir šūpû ṣindā ašar naklā šubāt pirište ša mimma šum šipir nikilte gimir pelludê niṣirtašu lalgar šutābula qerbeša,who[se plan had been designed by the stars lit “writing” of the firmament and whose arrangement was made manifest since time immemorial a sophist[icated place and site of secret lore in which every kind of skilled craftsmanship all of the rituals and the secret(s of the lalgar cosmic subterranean water are apprehended,https://oracc.museum.upenn.edu/riao/Q003943?lang=en
r ii' 1,amšuh mešihta labāriš ūm ina mīlêša kiššat temmēn lā enēše askuppāt pēli rabbâte kisû ishur dunnina šupuk,I measured the terrace’s dimensions In order to prevent its foundation from being weakened over the passage of time by cresting flood(s I surrounded its base with large limestone slabs and thereby reinforced its base,https://oracc.museum.upenn.edu/riao/Q003943?lang=en
r ii' 5,mušarâ šiṭir šum <data> mē <data> tibik tamlâ qerbeša alṭur šaplāni ina uššē ētezib ahrâtaš,I inscribed objects bearing my name 160 courses of brick within the terrace and I deposited them deep down in its foundation for ever after,https://oracc.museum.upenn.edu/riao/Q003943?lang=en
r ii' 7,arkānu ašquma tamlâ kabatsu attabbal tibik ṣēr mahar arṣip <data> mē tibik ašquma elāniš tarpaš el ša ūm pān arbâ ṣēr mešihta ēkal mahar arde lišamdil šikittaš,Afterwards I decided to increase the heigh[t of the terrace and then I built up 20 co]urses of brick to the former terrace and thus I raised it to a total height of 1 80 courses of brick I made the a]rea larger than before added it to the former dimensions of the palace and thus enlarged its structure,https://oracc.museum.upenn.edu/riao/Q003943?lang=en
r ii' 13,ēkal turminabandâ gišnugalli šinni pīri ušî taskarinni musukkannī erēnī šurmēni burāši u elammakku Egalzagdinutuku ana mūšab šarrūssa epēssu qerbeša,I had a palace of breccia alabaster elephant ivory ebony boxwood musukkannu wood cedar cypress juniper and elammaku wood a palace that I named E[gal]zagdinutukua the “Palace Without a Rival” construc[ted thereon as my royal residence,https://oracc.museum.upenn.edu/riao/Q003943?lang=en
r ii' 17,kirimahhi tamšīl Hamana ša gimir riqqī inba ṣippat iṣ tuklāt šad u Kaldi qerbeša hurrušu itâka azqup,I planted alongside it the palace a botanical garden a replica of Mount Amanus which has all kinds of aromatic plants and fruit trees trees that are the mainstay of the mountains and Chaldea collected inside it,https://oracc.museum.upenn.edu/riao/Q003943?lang=en
r ii' 20,alšu azqup ṣippat eqel tamerāti elāni āl <data> <data> ana mār Nina pilku upallikma adgul pān,To plant gardens I subdivided the meadowland upstream of the city into plots of four pānu each for the citizens of Nineveh and I handed them over to them,https://oracc.museum.upenn.edu/riao/Q003943?lang=en
r ii' 24,ana miṭrāte išmuhā ištu patti Kisiri adi tamerāti Nina šad u bērūtī ina akkulāte parzilla ušattirma ešēr harrāti <data> <data> bēr qaqqar ištu qerbeša Husur māmē dārê ašar arde qerbeša ṣippat šâtina lišahbiba pattiš,To make those planted areas luxuriant I cut with iron picks a canal straight through mountain and valley from the border of the city Kisiri to the plain of Ninev[eh I caused an inexhaustible supply of water to flow there for a distance of one and a half leagues from the Ḫusur River and made it gush through feeder canals into those gardens,https://oracc.museum.upenn.edu/riao/Q003943?lang=en
r ii' 31,ina ṭēm il qerbeša kirimahhi karān gimir inba serdi u riqqī magal išmuhā šurmēni musukkannī naphar iṣ išēhu liṣarriša papalli ana ipšah alaktašu mê ša kirimahhi agammē bašê ṣuṣê,By divine will vines all kinds of fruit trees olive trees and aromatic trees flourished greatly in those gardens Cypress trees musukkannu trees and all kinds of tree[s grew tall and sent out shoots I created a mar]sh to moderate the flow of water for those garde[ns and had a canebr]ake planted in it,https://oracc.museum.upenn.edu/riao/Q003943?lang=en
