﻿line,akkadian,english,source
A 1',<data> <data> <data> <data> <data> <data> <data> <data>,Not sufficiently preserved to allow translation,https://oracc.museum.upenn.edu/riao/Q006553?lang=en
A 3',<data> amšuh ,I measured,https://oracc.museum.upenn.edu/riao/Q006553?lang=en
A 4',<data> ,them,https://oracc.museum.upenn.edu/riao/Q006553?lang=en
A 5',<data> ina bīssu Marduk ēkurrāti ana dārât ,i]n the temple of Marduk their temple for all time,https://oracc.museum.upenn.edu/riao/Q006553?lang=en
A 6',azziz <data> Kibaba ša Harhar <data> sisê parê amdahhar,I erected from K]ibaba of the city Ḫarḫa[r I receiv[ed hors]es and mules,https://oracc.museum.upenn.edu/riao/Q006553?lang=en
A 8',<data> Harhar unzāšu <data> Dalta arbâ el,the city Ḫarḫ]ar their understanding they elevated Da]ltâ over the[m,https://oracc.museum.upenn.edu/riao/Q006553?lang=en
A 10',<data> <data> libba ,their heart,https://oracc.museum.upenn.edu/riao/Q006553?lang=en
A 11',<data> aršâ tillāte <data> <data> <data> <data> <data> <data> <data>,they obta]ined reinforcements,https://oracc.museum.upenn.edu/riao/Q006553?lang=en
A 13',<data> <data> qīšāssu ,gift[s,https://oracc.museum.upenn.edu/riao/Q006553?lang=en
A 14',<data> <data> <data> ,fil[led,https://oracc.museum.upenn.edu/riao/Q006553?lang=en
A 15',<data> atūra <data> aṣabbata <data> <data> <data> Kar-Šarrukin <data> <data> <data> <data> <data> <data> epēssu <data> <data> <data> <data> <data> <data> <data> <data> <data>,my I ret[urned and seized it the city Kār-Šarr]ukīn I built a[nd,https://oracc.museum.upenn.edu/riao/Q006553?lang=en
B 1',<data> <data> <data> <data> <data> <data> <data> <data> <data> <data> <data> <data> <data> <data> <data> <data> <data> <data> <data> <data> <data> <data> <data> <data> <data> <data> <data> <data> <data> <data> <data> <data> <data> <data> atūra <data> <data> <data> <data> <data> <data> <data> <data> <data> <data> <data> <data> <data> <data> <data> <data> <data> <data> <data> <data> <data> <data> <data> <data> <data> <data> <data> <data> <data> <data>,Not sufficiently preserved to allow translation,https://oracc.museum.upenn.edu/riao/Q006553?lang=en
