﻿line,akkadian,english,source
1,Sin-ahhe-eriba šar rabâ šar dannāku šar kiššat šar māssu Aššur šar kibrāt erbaʾi migir il rabâ,Sennacherib great king strong king king of the world king of Assyria king of the four quarters of the world and favorite of the great gods,https://oracc.museum.upenn.edu/riao/Q003512?lang=en
5,Aššur u Ištar kak lā amdahhar šutlimšu ana rasāb nakirēšu māssu Aššur aptâ idāka ina tuklāt rabâ ištu ṣītān adi šīlān ummān šalmeš lū attabbal gimir malik āšib parak ša kibrāt arbaʾi šēp iknuša,The god Aššur and the goddess Ištar granted me a weapon without equal and gave me the strength lit “opened my arms” to destroy those hostile to Assyria With their great support 10 I constantly directed my troops in safety from east to west and I made all of the rulers who sit on royal daises throughout the four quarters of the world bow down at my feet and they now pull my yoke,https://oracc.museum.upenn.edu/riao/Q003512?lang=en
13b,išâṭ abšānī ina ūm ša Nina āl bēlūssu šubāt arbâ sūq mēteq gerra šar lišamdil immerū kīma ūm dūr u šalhî nakliš epēssu usaqqiršu hursāniš <data> mē ina ammat rabâ harīṣi,At that time I enlarged the site of Nineveh my capital city I broadened its streets for the course of a royal road and thus I made the city as bright as day I had an inner and outer wall skillfully built and I raised them as high as mountain(s I widened its moat 100 large cubits,https://oracc.museum.upenn.edu/riao/Q003512?lang=en
19b,lirappiš ahrâtaš ūm gerra šar ana lā iṣhir narâ epēssu ša ah ullê ina mahirat azziz <data> ina ammat rabâ ša gerra šar adi abul kirâtešunu amšuh rupšu,So that in the future there would be no diminution of the royal road I had steles made and they stood on each side opposite one another I measured the width of the royal road as far as the Gate of the Gardens as fifty-two large cubits,https://oracc.museum.upenn.edu/riao/Q003512?lang=en
24,immatēma nišī āšib āl šâšu ša bīssu labīrāte anaqqar eššu abnâ ša uššē bīssu ana gerra šar erēb ṣēr bīssu ana gašīšī ālul,At any time when anyone of the people living in this city tears down his old house and builds a new one — if the foundation of his house encroaches upon the royal road he will be hung lit “they will hang him” on a stake over his house,https://oracc.museum.upenn.edu/riao/Q003512?lang=en
