﻿line,akkadian,english,source
1,Salmanu-ašared šar kiššat nišē rubā iššakki Aššur šar daʾʾat šar māssu Aššur šar kibrāt arbaʾi šamaš kiššat nišē murteddû kal māssu šar baʾʾīt il nišīt ēna Enlil šakkanak Aššur pitqudu rubā naʾda nādin ešqī u nidabâša ana il rab šahtu lā mupparkû zānin Ekur rēʾi kēni ša in šulme ītarrê baʾūlāt māssu Aššur parriki ṣīra ša ana ṭēm il upaqqu šarūr ša in tuklāt Aššur u Šamaš il raʾiṣīšu alāk in rāšūʾa šarrūssa tâmāte elê u tâmāte šupālīti qāssa akšud in malik ša kibrāt arbaʾi šānin lā īšâ u āmeru durgī u šapšāqī mukabbis rāšūʾa ša šad kal hursānī,Shalmaneser III king of all of the people ruler vice-regent of the god Aššur strong king king of Assyria king of all four quarters of the world sun(god of all of the people ruler of all of the lands the king who is the desired object of the gods chosen of the god Enlil trustworthy appointee of the god Aššur the attentive ruler who gives income and offerings to the great gods 5 the pious one who ceaselessly provides for the Ekur the faithful shepherd who leads the population of Assyria in peace the exalted overseer who heeds the commands of the gods the resplendent one who acts with the support of the gods Aššur and Šamaš the gods who support him and who at the beginning of his reign conquered the Upper Sea and the Lower Sea the one who has no rival among the rulers of the four quarters of the world the one who indeed has seen remote and rugged regions and trodden upon the mountain peaks in all of the highlands,https://oracc.museum.upenn.edu/riao/Q004606?lang=en
10,mār Aššur-naṣir-apli šakan Enlil iššakki Aššur mār Tukulti-Ninurta šakan Enlil iššakki Aššur mār Adad-nerari šakan Enlil iššakki Aššur ,son of Ashurnasirpal II appointee of the god Enlil vice-regent of the god Aššur son of Tukultī-Ninurta II appointee of the god Enlil vice-regent of the god Aššur son of Adad-nārārī II who was also appointee of the god Enlil vice-regent of the god Aššur,https://oracc.museum.upenn.edu/riao/Q004606?lang=en
11,enūma Aššur bēl rab in kūn libba in ēna ella šūdu ana rēʾûssina māssu Aššur abnâ kak daʾʾat mušamqit lā māgir atmuh agâ ṣīra annapruma bēlūssina naphar māssu lā māgir Aššur ana abēl u iknuša aggiš ʾāri,When the god Aššur the great lord chose me in his steadfast heart and with his holy eyes and named me for the shepherdship of Assyria he put in my grasp a strong weapon the fells the insubordinate crowned me with a lofty crown and sternly commanded me to exercise dominion over and to make all the lands insubmissive to the god Aššur bow down,https://oracc.museum.upenn.edu/riao/Q004606?lang=en
14,in ūm in šurrât šarrūssa in mahar palâ ša in kussâm šarrūssa rabêš ašāb narkabat ummān adakkekama in nērab ša Simesi erāba Aridi āl dannīti ša Ninni akšud asaʾīte ša qaqqad in pūssa āl arṣib <data> āl ša libīt in išātāti ašrup kī in Aridi ašbā maddanāti ša Hargaya Harmasaya Sirišaya Ulmaniaya Simerraya sisê,At that time in my accession year and in my first regnal year after I sat on the throne of my royal majesty in a grandiose manner 15 I mustered my chariots and troops I entered the pass of the land Simesi and captured the city Aridu the fortified city of Ninni I erected a tower of heads in front of th(at city I burned with fire ten cities in its environs While I was residing in the same city Aridu I received the payment of teams of horses from the people of the lands Ḫargu Ḫarmasa Siriš Ulmania and Simerra,https://oracc.museum.upenn.edu/riao/Q004606?lang=en
19b,ṣimdassu nīr amdahar išdu Aridi ammušma arah pašqat šad daʾʾat ša kīma šēlūt patar ana šamê ziqipta šakin in šar ab mamma lā etāqim qarbešunu in akkul ša erâ anaqqar narkabat ummān etāqim ana Hubuške aqribma Hubuške naphar āl ša libīt in išātāti assarap Kaki šar Hubuške sitāt ummān išdu pān kak aplah ana šad elê dannassa aṣabbata arkešu ana šad elê tāhāssu daʾʾat in qarbešunu šad altakan dabdâ amdahaṣ narkabat ummān išdu qarbešunu šad atūra pulhat melam ša Aššur bēl asahhap šunūte arād šēp aṣabbata sisê ṣimdassu nīr,Moving on from the city Aridu I smashed out with copper picks rough paths in mighty mountains 20 that rose perpendicularly to the sky like the points of daggers and into which no one among the kings my ancestors had ever passed I moved my chariots and troops over those paths and approached the city Ḫubuškia I burned with fire the city Ḫubuškia and all of the cities in its environs Kākī(a the king of the city Ḫubuškia and the remainder of his troops became frightened in the face of my weapons and they ascended mountains 25 where they fortified themselves lit “they took as a fortress” I climbed up the mountains after them I waged mighty war in the mountains and defeated them I brought back his chariots and troops from the mountains Overwhelmed by fear of the radiance of the god Aššur my lord they came down and grasped my feet I imposed upon them a payment of teams of horses,https://oracc.museum.upenn.edu/riao/Q004606?lang=en
29b,el altakan išdu Hubuške ammušma ana Sugunia āl dannīti ša Arrame Uarraṭaya aqribma āl albišu akšud dīkāti maʾassi addūak šallassin assalla <data> asaʾīte ša qaqqad in pūssa āl arṣib <data> āl ša libīt,Moving on from the city Ḫubuškia I approached the city Sugunia the fortified city of Arrāmu of the land Urarṭu I besieged th(at city captured it massacred many of its people and carried off booty from them I erected two towers of heads in front of his city I burned with fire fourteen cities in its environs,https://oracc.museum.upenn.edu/riao/Q004606?lang=en
33b,in išātāti ašrup išdu Sugunia ammušma ana tâmāte ša Naʾiri arād kak in tâmāte ullil nīq ana il aqqâ in ūm ṣalam bunannîya epāš tanadāte Aššur bēl rab lētu kiššūta in qarbešunu alṭur in muhha tâmāte atazziz in tayyarat ša tâmāte ana Gilzani aqribma maddanāti ša Asau Gilzanaya sisê ṣimdassu nīr tāmarāte ša šunnâ ṣēr,Moving on from the city Sugunia I went down to the Sea of the Naʾiri land(s I washed my weapons in the sea and 35 made sacrifices to my gods At that time I made an image of myself and wrote thereon the praises of the god Aššur the great lord and the prowess of my power I erected it by the sea On my return march from the sea I approached the city Gilzānu I received the payment of Asû Asua of the city Gilzānu teams of horses and camels with two humps I brought it to my city Aššur,https://oracc.museum.upenn.edu/riao/Q004606?lang=en
40b,amdahar ana āl Aššur ābilāt <data> <data> <data> <data> <data> <data> in šanāt šatti ana tâmāte ša šulme Šamaš u tâmāte ša Amurre aṣabbata arah in mētaqtiya Laʾlaʾte ša Ahuni mār Adini akšud maddanāti ša Habini Til-abnaya Gaʾuni Sarugaya Giri-Adda Immerinaya kasap hurāṣ annakī siparram alap immer karān amdahar,In this first regnal year of mine I took the path to the Sea of the Setting Sun which is also text “and” called the Sea of the land Amurru On my way I conquered the city Laʾlaʾtu which belonged to Aḫūnu of Bīt-)Adini lit “son of Adinu” I received the payment of Ḫabīnu of the city Tīl-abnē of Gaʾūnu of the city Sarugi and of Gīr-Adda of the city Immerina silver gold tin bronze oxen sheep and wine,https://oracc.museum.upenn.edu/riao/Q004606?lang=en
46,<data> āl <data> <data> <data> <data> <data> u Purate in mēliša ēber <data> ,Moving on from the city I crossed the Euphrates River which was in flood,https://oracc.museum.upenn.edu/riao/Q004606?lang=en
53',išdu Gurgume ammušma ana Lutibu āl dannīti ša Hayyani Samʾallaya aqribma Hayyani Samʾallaya Sapalulme Pattinaya Ahuni mār Adini Sagara Gargamišaya ana rēṣūssu ahāmeš atkal akṣur tāhāssu ana epāš tuqmāte ana irassun atbīma in emūq ṣīra ša urigalli ālik pān in kak ezza ša Aššur bēl ašarrakšunūti issišunu amdahaṣ abekte altakan mudahṣīšunu in kak amqutma kīma Adad muhha <data> in harīṣa asbuk šalamdi qurād ṣēr <data> dām kīma nabāsi māssu assarap narkabat maʾassi sisê ṣimdassu nīr ekēm asaʾīte ša qaqqad in pūssa āl arṣib āl <data> ašrup ṣalam šarrūssa šurbâ epāš alkakāt qurdi <data> alṭur,Moving on from the city Gurgum I approached the city Lutibu the fortified city of Hayyānu of the land Samʾal Hayyānu of the land Samʾal Sapalulme 55´ of the land Pattinu Aḫūnu of Bīt-)Adini lit “son of Adinu” and Sangara of the la[nd Carchemish put their trust in each other and prepared for war They attacked me to do battle With the exalted might of the divine standard that goes before me and with the fierce weapons that the god Aššur my lord gave to me I fought and defeated them I struck down their fighting men with the sword rained down upon them destruction lit “flood” like the god Adad 60´ piled up their bodies in ditches filled the extensive plain with the corpses of their warriors and dyed the mountain red with their blood like red wool I took from them lit “him” numerous chariots and teams of horses I erected a tower of heads in front of his city I destroyed demolished and burned with fire his cities I made a colossal statue of my royal majesty and wrote thereon about my heroic deeds and victorious actions I erected it before the source of the Saluara River at the foot of Mount Amanus,https://oracc.museum.upenn.edu/riao/Q004606?lang=en
64'b,in rāšūʾa ēna Saluara ša šēp šad Hamana ammušma Aramtu ēber ana AliMUŠ āl dannīti ša Sapalulme Pattinaya aqribma Sapalulme Pattinaya ana ētazbū napištašu Ahuni mār Adini Sagara Gargamišaya Hayyani Samʾallaya Katea Quaya Pihrim Hilakkaya Bur-Anate Yasbuqaya Adanu Yahanaya ana emūq alqâ in qibēti Aššur bēl puhrišunu luperrir āl albišu akšud šallassin kabitta narkabat maʾassi <data> in kak amqutma <data> Yasbuqaya qāssa akšud māhāz rab <data> tâmāte elēnīte ša Amurre u tâmāte <data> ša ah tâmāte <data> ṣalam bēlūssina <data> <data> <data> aqribma <data> <data>,Moving on from Mount Amanus I crossed the Orontes River and approached the city Ali[MUŠ the fortified city of Sapa]lulme of the land Pattinu In order to save his own life Sapalulme of the land Pattinu received into his armed forces Aḫūnu of Bīt-)Adini lit “son of Adinu” Sangara of the city Carchemish Ha]yyānu of the land Sa[mʾal Katî of the land Que Piḫirim of the land Ḫilakku Bur-Anate of the land Yasbuqu and Adānu of the land Yaḫānu By the command of the god Aššur my lord 70´ I scattered their assembled forces I besieged th(at city AliMUŠ captured it and carried off valuable booty from them including numerous chariots and teams of horses I struck down 700 of their fighting men with the sword In the midst of this battle I captured Bur-Anate of the land Yas]buqu I captured the large cities of the Pattinean Sapalulme I overwhelmed the cities on the shore of the Upper Sea of the land Amur]ru which is also called the Sea of the Setting Sun so that they looked like ruin hill(s created by the Deluge 75´ I received the payment of the kings on the seashore I marched about by right of victory in the extensive area of the seashore I made an image of my lordly majesty I approached,https://oracc.museum.upenn.edu/riao/Q004606?lang=en
81',maddanāti <data> <data> <data> <data> <data> ,I received the payment of A(b)-rāmu Abi-rāmu of Bīt-A)gūsi lit “son of Gūsu” silver gold oxen sheep wine and a gold and silver bed,https://oracc.museum.upenn.edu/riao/Q004606?lang=en
82'b,<data> <data> <data> in līmi šanāt šum <data> ammušma Diglat ēber Hasamu <data> abbalkit ana Til-Barsip dannīti ša Ahuni mār Adini aqribma <data> <data> <data> <data> <data> <data>,On the thirteenth day of Ayyāru II in the eponymy of my own name I moved out from Nineveh crossed the Tigris River traversed Mounts Ḫa[samu and Diḫnunu and approached the city Tīl-Barsip the fortified city of Aḫūnu of Bīt-)Adini lit “son of Adinu” Trusting in the strength of his troops Aḫūnu of Bīt-)Adini lit “son of Adinu” attacked me I defeated him and confined him to his city,https://oracc.museum.upenn.edu/riao/Q004606?lang=en
85'b,<data> <data> <data> <data> <data> ammušma Purate <data> <data> Ahuni mār Adini aqribma <data> <data> x <data> <data> <data> <data> maʾassi addūak,Moving on from Tīl-Barsip I crossed the Euphrates River I approached a city belonging to Aḫūnu of Bīt-)Adi[ni lit “son of Adi[nu]” I captured it I massacred many of its people,https://oracc.museum.upenn.edu/riao/Q004606?lang=en
88'b,<data> <data> <data> <data> <data> <data> <data> <data> <data> <data> <data> ṣēr <data> šarrūssa anūt tāhāssu assalla <data> <data> <data> <data> <data> <data> <data> <data> <data> <data> <data> <data> išdu x-ra ammušma ana Dabigi <data> <data> <data> <data> <data> <data> <data> <data> āl dannīti ša Ahuni mār Adini aqribma albišu akšud dīkāti addūak šallassin assalla,the plain of royalty his battle equipment I carried off 90´ Moving on from the city ra I approached the city Dabigu the fortified city of Aḫūnu of Bīt-)Adini lit “son of Adinu” I besieged and captured it I massacred their people and carried off booty from them I destroyed and demolished th(and city and turned it into a devastated ruin hill,https://oracc.museum.upenn.edu/riao/Q004606?lang=en
92'b,āl abbul anaqqar ana tīl u arbūta atūra kī in Dabigi ašbā maddanāti ša Qalparuda Unqaya Mutalli Gurgumaya Hayyani Samʾallaya A-rame mār Agusi kasap hurāṣ annakī siparram parzilla siparram argamanni šinni pīrāti taskarinna lubultē birmē lubultē kitê alap immer karān iṣṣūr amdahar,While I was residing in the same city Dabigu I received the payment of Qalparunda of the city Unqi of Mutallu of the city Gurgum of Ḫayyānu of the land Samʾal and of A(b)-rāmu Abi-rāmu of Bīt-)Agūsi lit “son of Agūsu” silver gold tin bronze iron bronze red-purple wool elephant ivory garments with multi-colored trim linen garments oxen sheep wine and ducks iṣṣirū rabûtu,https://oracc.museum.upenn.edu/riao/Q004606?lang=en
