﻿line,akkadian,english,source
1,Salmani-ašared šakan Enlil iššakki Aššur mār Adad-narari iššakki Aššur Adad-narari iššakki Aššur mār Arik-den-ili iššakki Aššur Arik-den-ili iššakki Aššur mār Enlil-narari iššakki Aššur Enlil-narari iššakki Aššur mār Aššur-uballiṭ,Shalmaneser I appointee of the god Enlil vice-regent of the god Aššur son of Adad-nārārī I vice-regent of the god Aššur Adad-nārārī I was the vice-regent of the god Aššur and the son of Arik-dīn-ili vice-regent of the god Aššur Arik-dīn-ili was the vice-regent of the god Aššur and the son of Enlil-nārārī the vice-regent of the god Aššur and Enlil-nārārī was the vice-regent of the god Aššur and the son of Aššur-uballiṭ I who was also vice-regent of the god Aššur,https://oracc.museum.upenn.edu/riao/Q005796?lang=en
7b,iššakki Aššur Salmani-ašared šakan Enlil iššakki Aššur bēssu ša tarbaṣ ša ṭēh ganīni ša Šeruʾa u ṭēh bēssu Dagan <data> bēssu šâte <data> <data> <data>,Shalmaneser I appointee of the god Enlil vice-regent of the god Aššur As for the rooms off the courtyard which are adjacent to the living quarters of the goddess Šērūa and the temple of the god Dagān that room,https://oracc.museum.upenn.edu/riao/Q005796?lang=en
r 1',rubā arkīti anhūssa ēteneddišu narâ ana ašar atūra Aššur ikrib ašmâ,May a future ruler restore their dilapidated section(s and return my commemorative inscriptions to their places The god Aššur will then listen to his prayers,https://oracc.museum.upenn.edu/riao/Q005796?lang=en
r 5',munakkir šiṭir u šum Aššur bēl šarrūssa askip šum zarašu in māssu halāq,As for the one who removes my inscriptions and my name may the god Aššur my lord overthrow his kingship and make his name and his seed disappear from the land,https://oracc.museum.upenn.edu/riao/Q005796?lang=en
r 8',Qarrate <data> līmi Aššur-dammiq,Qarrātu th day eponymy of Aššur-dam]miq,https://oracc.museum.upenn.edu/riao/Q005796?lang=en
