﻿line,akkadian,english,source
i 1,<data> šar rabâ šadal karassin <data> <data> anna <data> siqiršin kabitta <data> <data> <data> <data> <data> x <data> āšib šamê nesât <data> <data> <data> <data> <data> <data> <data> Nudimmud mumme <data> <data> <data> <data> <data> <data>,great ki]ng one with broad understanding I requested his firm approval and his venerable word i 5 who dw]ells in the far-off heavens the god Nud]immud Ea the creator,https://oracc.museum.upenn.edu/riao/Q006563?lang=en
i 9,<data> <data> <data> <data> <data> <data> <data> <data> <data> <data> <data> <data> <data> <data> <data> <data> <data> <data> <data>,Too poorly preserved to allow translation,https://oracc.museum.upenn.edu/riao/Q006563?lang=en
i 1',<data> <data> ina <data>,Too poorly preserved to allow translation,https://oracc.museum.upenn.edu/riao/Q006563?lang=en
ii 1,<data> <data> <data> <data> <data> <data> <data> <data> <data> <data> <data> <data>,Too poorly preserved to allow translation,https://oracc.museum.upenn.edu/riao/Q006563?lang=en
ii 1',<data> <data> <data> <data> <data> <data> <data> <data> <data> <data> <data> <data> <data> <data> <data> <data> <data> <data> <data> <data> <data> <data> <data> <data> <data> <data> <data> <data> <data> <data> <data> <data> <data> <data> <data> <data> <data> <data> <data> <data> <data> <data> <data> <data> <data> <data> <data> <data> <data> <data> <data> <data> <data> <data> <data>,Too poorly preserved to allow translation,https://oracc.museum.upenn.edu/riao/Q006563?lang=en
iii 1',<data> <data> <data> <data> <data> šar <data> <data> <data> <data> <data> <data> <data> <data> <data> <data> būšašu makkūr ana <data> ittešunu <data> <data> sisê parê <data> mimma aqarte niṣirtašu šarrūssa ištu qerbeša Ki-x-x aṣê āl šatti ana eššūte aṣabbata <data> <data> <data> <data> Kar-Nergal šum abbi kak ša Aššur Sin Šamaš Adad Ištar bēl ālik pān epēssu ina libba armâ nišī kišitte qāssa ina libba ašāb ittešunu nišī māssu Aššur amna <data> <data> <data> <data> <data> <data> <data> <data> <data> <data> <data> <data> <data> <data> <data> <data> <data> <data> Kilambate Armangu <data> <data> <data> <data> el pāhāt Ki-x-x arde šūt rāšūʾa ana bēl el altakan ṣalam šarrūssa epēssu epissun lētu Aššur bēl ša ina qerbeša Mannaya u Madaya epēssu el alṭur ina bīssu x <data> <data> bēl <data> <data> ana dārât azziz,his/its kings his property and his possessions to/for with s horses mul[es and everything valuable royal trea]sure I brought out from the city Kišesim iii 5´ and I re[organized the administration of that city I re)nam[ed it Kār-Nergal I had the weapons of the deities Aššur Sîn Šamaš Adad and I[štar my lords who go before me m]ade and I in[stalled them there I settled/caused to enter there people whom I had cap]tured and iii 10´ I considered th[em as people of Assyria the cities Kilambāti and Armang[u iii 15´ I added to the province of the city Kišesim I set a eunuch of mine as provincial governor over them I ma[de a ro[yal image of myself inscrib]ed upon it the victorious deeds of the god Ašš]ur my lord that I had acc]omplished in the lands Mannea and Media iii 20´ and ere[cted it to stand forever in the temple of the god my lord,https://oracc.museum.upenn.edu/riao/Q006563?lang=en
iii 22',ša āl ša Kimirra <data> <data> <data> Bit-x-x-x-an-gi-x-x <data> <data> <data> Bit-Zualzaš <data> <data> sisê parê maddatta amdahhar,As for the cit]y ruler]s of the city Kimi[rra the land Bīt-...angi Bīt-Zualzaš and I received horse]s and mul[es as their tribute,https://oracc.museum.upenn.edu/riao/Q006563?lang=en
iii 26',Harharaya āl ardussu Dalta Ellibaya arbâ el <data> sisê <data> <data> ṣēnašu <data> <data> <data> <data> anappal <data> <data> <data> <data> <data> <data> <data> sisê <data> <data> <data> <data> <data> dūr <data> <data> <data> <data> <data> <data>,The peo ple of the city Ḫarḫar drove out their city ruler and elevated over them Daltâ of the land Ell[ipi hors[es sheep and goats iii 30´ his/its I destroyed ho]rses its city wall,https://oracc.museum.upenn.edu/riao/Q006563?lang=en
iii 1'',Kar-Šarrukin šum abbi <data> ēkurrāti šubāt il rabâ eššiš epēssu il āšib Harhar ana ašar atūra ša Aššur Sin Šamaš Adad Ištar il ālik pān <data> <data> <data> hurāṣ kasap <data> nagê <data> nišī māssu kišitte qāssa ina libba ašāb šūt rāšūʾa ana bēl el altakan ittešunu nišī māssu Aššur amna išâṭ abšānī <data> nagê dannāku <data> Narti elīte ša Aranzešu <data> <data> <data> <data> <data> <data> <data> <data>,I re)named it Kār-Ša[rrukīn I built anew the temple the abode of the great god[s and restored the gods who dwelt in the city Ḫarḫar to their places I ed the of the deities Aššur Sîn Šamaš Adad and Ištar the deities who go before me iii 5´´ of gold and sil[ver of their district I settled/caused to enter there people from the lands that I had conquered I set a eunuch of mine as provincial governor over them and considered them as people of A[ssyria They now pull my yoke iii 10´´ Six strong districts the upper river(land of the land Arazia[š Aranzêšu,https://oracc.museum.upenn.edu/riao/Q006563?lang=en
iii 1''',ša šulme šamaš aṣabbata ina qāssa qēpāni nasīkāte ša Laban amna,I settle]d them in which is on the shore of the Western Sea I assigned t[hem to the authority of a qīpu-official of mine the sheikh of the city Laban,https://oracc.museum.upenn.edu/riao/Q006563?lang=en
iii 3''',Šilkanni šar Muṣri ša ašar rūqāti pulhāte melammē ša Aššur bēl ashup <data> sisê rabâ ša Muṣri ša ina māssu lā bašê tamšīl aššânni tāmartašu,As for Šilkanni king of E]gy[pt whose location is far away and whom fea]r of the brilliance of the god Aššur my lord had ove]rwhelmed he brought me as his audience gift twelve large horses from Egypt whose like did not exist in my land,https://oracc.museum.upenn.edu/riao/Q006563?lang=en
iii 9''',ina šadissu palâ Rusa Uarraṭaya lā ādir māmīt il rabâ ābiku dēn Šamaš ša ina alāk gerra mahar ana Ullusuni Mannaya ana nīr Aššur iknuša ēmid abšānī <data> birāte dannāku ša el Urarṭa Andia Naʾiri ana kādi nadâ ekēm iṣhir māssu <data>,In my sixth regnal year Ursâ Rusâ the Urarṭian — who did not respect the oath sworn by the great gods who over]turned the decision of the god Šamaš whom during the course of my previous campaign against Ullusunu the Mannean I had subjugated to the yoke of the god Aššur and upon whom I had imposed my y]oke — took away from him Ullusunu twelve of his strong fortresses that were situated as guard posts on the border with the lands Urarṭu Andia and Naʾiri and thus reduced the size of his land,https://oracc.museum.upenn.edu/riao/Q006563?lang=en
iv 1,<data> <data> <data> <data> <data> <data> <data> <data> <data> ana Urarṭa alāk <data> Rusa Uarraṭaya <data> <data> adakkekama el Uauš šad elê ša ittešunu šikin urpat ēmid rāšūʾa ummān maʾassi adi ummān rēṣēšu <data> <data> <data> <data> <data> <data> <data> <data> <data> <data> <data> <data> <data> altakan <data> <data> <data> <data>,I marched against the land Urarṭu Ursâ Rusâ the Urarṭian mustered his and iv 5 went up onto Mount Uauš who]se su[mmit reaches up among the cloud(s His large army together with the troops of his all[ies I set and I,https://oracc.museum.upenn.edu/riao/Q006563?lang=en
iv 10,ummān Aššur dalpāte ša harrān rūqēte alāk šad bērūte ētattiqāāma ikkirā zīm anhūssa ul ipšah mê ṣūmē ul ašqi ušmannātešunu ul altakan dūr karāssu ul akṣur qurādēšu ul ʾāri,The exh]aus[ted troo]ps of the god Aššur who had already co[me a long jou]rney had cro[ssed rem]ote mountains and were thus in poor condition lit “their appearance had changed” I nei[ther allowed them time to recover from their fatigue n]or gave them water to drink for their thirst I neit[her set up camp n]or organized a walled military encampment I did not give any orders to my w[arriors,https://oracc.museum.upenn.edu/riao/Q006563?lang=en
iv 16,ittešunu narkabat šēp ēdēnīti u sisê ālik idāka ša ašar nakirēšu u salmē idāka lā ipparakkû <data> <data> <data> <data>,With o[nly my personal chariot and the caval]ry that go at my side and never l[eave my side in either hostile or friendly territo]ry,https://oracc.museum.upenn.edu/riao/Q006563?lang=en
iv 1',<data> zūk šēp ṣāb qašassu gabābī azmarānê qurādēšu ekdi mūdê tāhāz uzakkima harrān Muṣaṣir arah marṣa ittešunu ištât narkabat šēp u <data> līm pēthal šitmurti aṣabbata eqel ṭāba ina tarkubti sisê u marṣa ina šēp lū arde,I mobilized my foot soldiers bowmen and shield and spear bearers my fierce warriors who were experienced in battle Then with only my single personal chariot iv 5´ and one thousand of my ferocious cavalry I took the road to the city Muṣaṣir a difficult path I proceeded over favorable terrain on horse[back and over difficult terrain on foot,https://oracc.museum.upenn.edu/riao/Q006563?lang=en
iv 8',ana Muṣaṣir šubāt Haldia šalṭiš lū erēb ina ēkal mūšab Urzana etelliš lū ašāb kingī niṣirtašu aptâ,I entered triumphantly into the city Muṣaṣir the abode of the god Ḫaldi and in a lordly manner I occupied the palace the residence of Urzana I broke open the seals of their treasure caches,https://oracc.museum.upenn.edu/riao/Q006563?lang=en
iv 11',<data> bilassun <data> manê hurāṣ <data> mē <data> bilassun <data> <data> manê kasap erâ peṣât annaki sāmti uqnê pappardilê nisiqte aban ana maʾdê,With regard to 34 talents and 18 minas of gold 167 talents and 2 1/2 minas of silver shining copper t]in carnelian lapis lazuli banded agate and other precious stones i]n large numbers,https://oracc.museum.upenn.edu/riao/Q006563?lang=en
iv 15',<data> <data> <data> šinni pīri ušî taskarinni ,x items of elephant ivory ebony and boxwood,https://oracc.museum.upenn.edu/riao/Q006563?lang=en
iv 16',<data> <data> šibirri šinni pīri ušî taskarinni adi pitni ša ihzē šūpušū siparrī u kasap,x items staves of elephant ivory ebony and boxwood to]gether with their wooden caskets whose mountings are ma]de of bronze and silver,https://oracc.museum.upenn.edu/riao/Q006563?lang=en
iv 19',<data> paššur šinni pīri ušî taskarinni simat šarrūssa,x items tables of elephant ivory ebony and boxwo]od tables fit for a king,https://oracc.museum.upenn.edu/riao/Q006563?lang=en
iv 21',mahriṣī dannāku šinni pīri ušî taskarinni kanni kakannī tahlīptu kussâšu u kanni šāqê šinni pīri ušî taskarinni ša ihzē šūpušū siparrī u kasap,8 items sturdy maḫraṣu objects of elephant ivory ebony and boxwood a stand a potstand a folding screen a chair and a cupbearer’s pot)stand made of elephant ivory ebony and boxwood whose mountings are made of br]onze and silver,https://oracc.museum.upenn.edu/riao/Q006563?lang=en
iv 26',<data> patar hurāṣ terinnāt hurāṣ uṣulāt hurāṣ ša zumbi hurāṣ pursīt gišnugalli tamlīt aban hurāṣ,6 items gold knives with gold handles in the shape of cones a gold dagger a gold fly whisk and an alabaster offering-bowl inlaid with stones and gold,https://oracc.museum.upenn.edu/riao/Q006563?lang=en
iv 29',<data> kappī kasap Rusa adi naktamešu kappī ša Tabal unzāšu hurāṣ qurpis kasap šiltāhi kasap nehsī hurāṣ,11 items silver kappu bowls belonging to Ursâ Rusâ together with their lids kappu bowls from the land T]abal with lug-handles of gold hauberks with silv]er scales and silver arrows with gold inlays,https://oracc.museum.upenn.edu/riao/Q006563?lang=en
iv 32',<data> kappī kasap ubān dannāku qāl qattanāte luṭṭī,34 items silv]er kappu bowls with deep shallow and narrow fluting lit “fingers” luṭṭu bowls and susānu vessels of silver,https://oracc.museum.upenn.edu/riao/Q006563?lang=en
iv 34'b,u susānī kasap <data> kappī kasap ṣuppūte naktamešu kāsī ṣiprāt uskārī u šemer kasap,55 items silver plated kappu bowls together with their li]ds cups decorated with cone-shaped ornaments and crescent-shaped ornament]s and silver rings,https://oracc.museum.upenn.edu/riao/Q006563?lang=en
iv 37',<data> azannāt kasap qubuāte kasap mukarrisī nablī nignakkī Tabal u muqatterāt kasap,5 items azannu-stands of sil]ver qabūtu cups of silver mukarrisu dishes and nablu vessels altogether forming ce[nsers from the land Tabal and silver incense burners,https://oracc.museum.upenn.edu/riao/Q006563?lang=en
iv 40',<data> kiūr erâ taphāni erâ narmakāte erâ asallāte erâ diqārī erâ,13 items copper basins copper cauldrons copper wa]shbas[ins copper asallu bowls copper diqāru pot]s and copper qulliu bowls,https://oracc.museum.upenn.edu/riao/Q006563?lang=en
iv 42'b,qullî erâ <data> kanni erâ kiūr erâ huruppāte erâ kurkurrī erâ qullî erâ nasrī erâ bīssu buṣinnī erâ,24 items coppe]r stands for copper basins copper ḫuruppu bowls coppe]r kurkurru vessels copper qullu-clasps copper nasru-hooks and copper lam]ps,https://oracc.museum.upenn.edu/riao/Q006563?lang=en
iv 45',mē <data> udê erâ dannāku qāl epissun māssu ša nibīssun šum ana alṭur,120 items copper objects both heavy ones and light ones the work of their land objects the pronun]ciation of who]se name(s are not easy to write down,https://oracc.museum.upenn.edu/riao/Q006563?lang=en
iv 47'b,lā ṭāba <data> kanūni parzilla nēsepī parzilla nasrī parzilla aruthi parzilla bīssu buṣinnī parzilla,x items an iron brazier iron shovel s iron nasru-hooks iron arutḫ]u objects and iron lamps,https://oracc.museum.upenn.edu/riao/Q006563?lang=en
iv 49',mē <data> lubulti birmē kitê takilte argamanni lubulti tabarri ša Urarṭa,130 items garments with multi-colored trim and linen garments garments of blue-purple wool and red-purple wool and garments of red wool from the lands Urarṭu and Ḫabḫu —,https://oracc.museum.upenn.edu/riao/Q006563?lang=en
iv 51'b,u Habhi adi būšašu ēkal ,I carried off all these things as booty together with the remaining property of his palace and I heape]d up his possessions,https://oracc.museum.upenn.edu/riao/Q006563?lang=en
iv 52'b,ašallal akmura makkūr šūt rāšūʾa rēdē ana bīssu Haldia ašpur,I sent a eunuch of mine and my officials t]o the temple of the god Ḫaldi,https://oracc.museum.upenn.edu/riao/Q006563?lang=en
iv 54',Haldia il u Bagbarti ištar adi makkūr ēkurrāti maʾassi mal bāšâ,His god Ḫaldi and his goddess Bagbartu together with the numerous possessions of his temp]le as much as there were of them,https://oracc.museum.upenn.edu/riao/Q006563?lang=en
iv 56',<data> bilassun <data> manê hurāṣ <data> arâte hurāṣ <data> mē <data> bilassun <data> manê šadissu maṭi kasap,x+4 talents and 3 minas of gold 6 gold shields 162 talen]ts and 20 minas of silver less one sixth of a mina of silver,https://oracc.museum.upenn.edu/riao/Q006563?lang=en
iv 58',aškutti bāb ša <data> bilassun hurāṣ šuqultaša <data> sikkūr hurāṣ <data> sikkāt hurāṣ <data> namzāqī kasap lamassāt agâšu naṣû miṭṭi u kippate erbaʾi markas bāb usum bīssu papāh ša <data> bilassun <data> manê hurāṣ šuqultaša,1 locking ba]r for its door which weighs 2 talents of gold 1 gold door bolt 1 gold peg and 1 silver key in the shape of a divine protectress who wears a crown and holds the rod and ring — these last four things comprised the door faste]ning one befitting the shrine whose weight was 2 talents and 12 min]as of gold,https://oracc.museum.upenn.edu/riao/Q006563?lang=en
iv 63',<data> patar hurāṣ rabâ ša <data> manê šalši hurāṣ šuqultaša ,1 large gold sword which weighs 2]6 and 1/3 minas of gold,https://oracc.museum.upenn.edu/riao/Q006563?lang=en
iv 64',<data> šukurrī kasap qurpis kasap qašassu kasap šiltāhi kasap ša nehsī u ihzē hurāṣ,96 items silver spears a hau]berk with silver scales silver bow(s and silver arrows with in]lays and mountings of gold,https://oracc.museum.upenn.edu/riao/Q006563?lang=en
iv 66',<data> arâte kasap ša qaqqad abūb urmahhē u rīmē bunnû niphi,12 silver shields whose bosses are decorated with the head(s of De[luge monsters lion(s and wild bull(s,https://oracc.museum.upenn.edu/riao/Q006563?lang=en
iv 1'',šinni patar šinni uṣulāt šinni ušî ša ihzē hurāṣ ,i[vory ivory knive(s and daggers of ivory and ebony whose mountings are of gold,https://oracc.museum.upenn.edu/riao/Q006563?lang=en
iv 2'',<data> paššur taskarinni mahriṣī taskarinni nēmedī ušî taskarinni ,10 items t[ables of boxwood maḫraṣu objects of boxwood and chairs of ebony and boxwood who[se mo[untings are of gold and silver,https://oracc.museum.upenn.edu/riao/Q006563?lang=en
iv 3''b,ša ihzē hurāṣ u kasap <data> paṭīrāte <data> aban sammahhūte šukānī Haldia u Bagbarti alti,2 portable altars and 14 assor[ted stones jewelry of the god Ḫaldi and the goddess Bagbartu his wife,https://oracc.museum.upenn.edu/riao/Q006563?lang=en
iv 5'',<data> līm <data> mē <data> arâte erâ dannāku qāl ṣiprāt erâ qurpis erâ,"20,5 12 items heavy and light copper shields cone-shaped helmets of copper hauberks with copper scales and sk[ull-shaped helmets of copper",https://oracc.museum.upenn.edu/riao/Q006563?lang=en
iv 7''b,u gulgullāt erâ <data> līm <data> mē <data> šukurrī erâ dannāku qāl <data>,"1,514 items hea[vy and light copper spears",https://oracc.museum.upenn.edu/riao/Q006563?lang=en
v 1,<data> ṣalam Argišti šar Urarṭa ša agâšu kakkabti ilūssa apir qāssa imnišu karibat adi bīssu <data> bilassun erâ šuqultaša,1 statue of Irgišti Argišti king of the land Urarṭu wearing a crown decorated with stars an attribute of divine rank and with his right hand in a gesture of adoration together with its casing which weighs 60 talents of copper,https://oracc.museum.upenn.edu/riao/Q006563?lang=en
v 4,<data> ṣalam Rusa ittešunu <data> sisê pēthal amēl narkabat adi šubāt erâ šipik <data>,1 statue of Ursâ Rusâ with two of his cavalry hors[es and his chariot[eer together with their base cast in copper —,https://oracc.museum.upenn.edu/riao/Q006563?lang=en
v 6,šallassin kabitta ašallal ana māssu Aššur attabbal ,I carried off all these things as substantial booty and brought them to Assyria,https://oracc.museum.upenn.edu/riao/Q006563?lang=en
v 7,ina samānê palâ ša ina alāk gerra mahar ša Aššur-leʾi šar Karalla <data> <data> <data> <data> <data> <data> Aššur <data> <data> <data> <data> <data> <data> ina ardūssu <data> <data> <data> <data> <data> <data>,In my eighth regnal year that which in the course of my previous campaign against Aššur-lēʾi king of the land Karalla the god Aššur in servit[ude,https://oracc.museum.upenn.edu/riao/Q006563?lang=en
v 1',<data> <data> <data> <data> <data> <data> <data> <data> <data> <data> <data> <data> <data> <data> <data> <data> <data> <data> <data> <data> <data> <data> <data> <data> <data>,Too poorly preserved to allow translation,https://oracc.museum.upenn.edu/riao/Q006563?lang=en
v 8',aplah ana ētezib napištašu Šurda šad attabalkat ana Ada Šurdaya dabāb lā kināti ša ittešunu ana ikkirā,He Amitašši became afraid and crossed Mount Š]urda in order to sav[e his life Deceit(fully they sent to Adâ of the land Šurd]a a mendacious message intended to make him ho]stile t[o me,https://oracc.museum.upenn.edu/riao/Q006563?lang=en
v 11'b,ašpur elât Ada Šurdaya pulhāte melammē ashup šâšu adi ṣāb ina kak <data> <data> ištât ina libba ana dalāl x <data> ul ētezib AtkayaDUG Atkaya-x mār nabīssu libba balṭūssa ittešunu qaqqad Amitašši ab sisê <data> kīma tāmartašu <data> <data> <data> alšu <data> <data> <data> <data> <data> <data> <data> <data> <data> <data> šubāt nēhte ašāb <data> <data> <data> <data> <data> <data> <data> utnenni ašmâ <data> <data> šemer hurāṣ rittāšin arkus <data> <data> <data> <data> ezabbilū kudurri ša <data> <data> <data> <data> <data> <data> ēmid ina qāssa šūt rāšūʾa bēl Lullume amna Karalla ana patti gimir el pāhāt Lullume arde gennâ Aššur ana dūr dāri ikūn,Fear of my brilliance ov[erwhelmed Adâ of the land Šurd]a and as a result he put him Amitašši to the sword together with his men He did not spare even one of them to praise the god He brought to me alive v 15´ Atkaya dug and Atkaya the children of his Amitašši’s own body with the severed head of Amita[šši their father as well as horses pr[operty as his audience gift v 20´ Because to allow to live in peace like a I listened to his supplication(s I pu[t gold bracelets upon his wrists and v 25´ and I imposed upon him labor duty of I assigned them to the authority of a eunuch of mine the provinc]ial gove]rnor of the land Lullumê I a[dded the land K[arall]a to its full extent t[o the province of the land Lullumê I established regular offerings for the god Aššur fore[ver,https://oracc.museum.upenn.edu/riao/Q006563?lang=en
v 31',ina ūm nišī Habhi ša ina birīt Karalla u Namri ina <data> <data> <data> <data> hurbāti ša šad ašṭu epissun marušti ša ina Karalla epēssu ašmâ mār šipir ša epēssu ardūssu ašpur ina qāssa šūt rāšūʾa bēl Lullume amna nīr Aššur el ikūn,At that time the people of the land Ḫabḫu — whi[ch is located between the lands Karalla and Namri in inac[cessible mountain wilderness — heard of the harsh deeds that I had carried out in the land Kar[alla and sent me a messenger to do obeisance to me I assigned t[hem to the authority of a eunuch of mine the provincial governor of the land Lullumê I imposed the yoke of the god Aššur upon them,https://oracc.museum.upenn.edu/riao/Q006563?lang=en
v 40',ina qibētī Aššur bēl <data> <data> <data> ša ištu ūm bēlūssu <data> <data> <data> <data> kīma ayyali turāhī <data> <data> <data> <data> <data> aršâ libba šar rūqāti ša ah tâmāti u madbar ša ṣīssun šamaš <data> <data> <data> <data> <data> <data> <data> <data> <data> <data> <data> <data> <data> <data> <data> <data>,At the command of the god Aššur my lord who/which since the first day of my reign like deer or ibexes I made them have courage Distant kings from the shore of the sea and the desert of the east,https://oracc.museum.upenn.edu/riao/Q006563?lang=en
v 47',Ullusuni Mannaya <data> <data> <data> <data> <data> <data> <data> <data> ša šar ālik mahar bala līṭī lā <data> <data> <data> <data> <data> <data> ina siqiršin Aššur bēl mušarbû šum <data> bēr qaqqar ištu Izirte āl šarrūssa šitmuriš aṣê ina Laruete ša Allabria adi mahar alāk maddatta kabitta sisê alap u ṣēnašu amdahhar inaššiquni šēp lubulti birmē kitê attalbiš šemer tamlâ atulīnānišunu arkus ina hidût pān atūra māssu,Ullusunu the Mannean whose royal prede[cessors had never without even exchanging hostages v 50´ at the command of the god Aššur my lord who makes my fame great impetuously left his royal city Izirtu a distance of six leagues away and came before me in the land Lārue[te which is part of the land Allabria I received v 55´ horses ox[en and sheep and goats as his substantial tribute and he kissed my feet I clothed him in a linen garment with multi-colored trim I fastened inlaid bracelets on his two wrists whereupon he joyfully returned to his own land,https://oracc.museum.upenn.edu/riao/Q006563?lang=en
v 60',ellāmēšun Dalta Ellibaya aradka kanše šādid nīr Aššur bēl nāš bilassun u tāmartašu ša šar ab ālik mahar uggat il rabâ ša ahpi māssu iṣhir nišī el bašê nišī innešâma adabbuba ṣalipte kullat māssu mithāriš išnunūšuma alqâ šēṭūssu u šū Dalta šar malik išnunūšuma adāru alšu gullultašun dulluh u uššuš,Before my time the anger of the great gods was directed against Daltâ of the land Ellipi — a submissive subject who pulled the yoke of the god Aššur my lord and had brought tribute and audience gift(s to the kings my ancestors who had preceded me — an anger which would lead to the destruction of his land and the decimation of his people v 65´ The people became bewildered and spoke treachery His entire land was united in defying him they held him in contempt Moreover that man Daltâ the king their ruler took fright at their defiance he became disturb]ed and distressed on account of their crime(s,https://oracc.museum.upenn.edu/riao/Q006563?lang=en
vi 1',<data> <data> <data> <data> <data> <data> <data> <data> <data> <data> <data> <data> <data> <data> <data> <data> <data> <data> <data> manzât šad <data> <data> <data> <data> <data> <data> Ul-x-x-x-ti <data> <data> <data> <data> <data> <data> <data> <data> <data> <data> <data> āšib <data> <data> ašallal,a mountain rainbow the city Ul-...-ti vi 5´ inhabitants of I carried off as booty and,https://oracc.museum.upenn.edu/riao/Q006563?lang=en
vi 8',<data> <data> <data> <data> <data> <data> <data> <data> <data> <data> <data> <data> <data> <data> <data> <data> <data> <data> <data>,Too poorly preserved to allow translation,https://oracc.museum.upenn.edu/riao/Q006563?lang=en
vi 1'',<data> <data> <data> āl ištu qerbeša <data> aṣê nišī Bu-x <data> x-x-x-ba Alina x-x-x-x x-x-taya-x Andab-x āl dannāku ša Haldiniše <data> <data> <data> <data> kīma sapār ashup dām nišī hurri natbāk šad arde sitāt ša lapān kak ipparaššidu aṣabbata šad ištu qerbeša šad arād ana šallassin amna,With regard to cities I brought him/it out from inside like a net overwhelmed the people of the cities Bu ba Alīna tāya and Andab vi 5´´ fortified cities of the land Ḫaldiniše I made the blood of their people fl]ow down the gorges of the outflows of the mountains I brought down from the mountains the remainder of them who had fle]d from my weapons and had taken to the hills and I counted them as booty,https://oracc.museum.upenn.edu/riao/Q006563?lang=en
vi 11'',libba Dalta malik iṭīb nišī Ellipi ana patti gimir ašāb šubāt nēhte,Thus I made the heart of D]altâ their ruler happy and allowed the people of the land Ellipi to its full extent to l]ive in peace,https://oracc.museum.upenn.edu/riao/Q006563?lang=en
vi 14'',xparnua Sikrisaya ,parnua of the city Sikris,https://oracc.museum.upenn.edu/riao/Q006563?lang=en
vi 15'',Šutirna ša x-x-sana ,Šutirna/Kutirna of the city sanâ,https://oracc.museum.upenn.edu/riao/Q006563?lang=en
vi 16'',Uppamma ša Ha-x-taKAna ,Uppammâ of the city Ḫa-...ta KA na,https://oracc.museum.upenn.edu/riao/Q006563?lang=en
vi 17'',Mašdakku ša Amakki ,Mašdakku of the city Amakki,https://oracc.museum.upenn.edu/riao/Q006563?lang=en
vi 18'',Ištesukka ša Išteʾuppu ,Ištesukka of the city Išteʾuppu,https://oracc.museum.upenn.edu/riao/Q006563?lang=en
vi 19'',Uarzan ša Uqqutti ,Uarzan of the land Uqqutti,https://oracc.museum.upenn.edu/riao/Q006563?lang=en
vi 20'',Ašpa-bara ša Kakkam ,Ašpa-bara of the land Kakkam,https://oracc.museum.upenn.edu/riao/Q006563?lang=en
vi 21'',Satarešu Parurasu āl ša Bit-Bari Bit-Barbari nagê dannāku,Satarēšu and Pa rurasu city rulers of the large districts of Bīt-Bāri and Bīt-Barbari,https://oracc.museum.upenn.edu/riao/Q006563?lang=en
vi 24'',Satarpanu ša Upparia ,Satarpānu of the land Uppuria,https://oracc.museum.upenn.edu/riao/Q006563?lang=en
vi 25'',Parkuku ša Andirpattianu ,Parkuku Partukku of the land Andirpattianu,https://oracc.museum.upenn.edu/riao/Q006563?lang=en
vi 26'',Aria ša Bustis ,Aria of the land Buštu[s,https://oracc.museum.upenn.edu/riao/Q006563?lang=en
vi 27'',Ušra ša Kanzabkani ,Ušrâ of the land Ka[nz]abakanu,https://oracc.museum.upenn.edu/riao/Q006563?lang=en
vi 28'',Maštukku ša Aratista ,Maštukku of the land A[ra]tista,https://oracc.museum.upenn.edu/riao/Q006563?lang=en
vi 29'',Zardukka ša Harziani ,Zardukka of the land Ḫarzianu,https://oracc.museum.upenn.edu/riao/Q006563?lang=en
vi 30'',Ištesukka Awarisarnu āl ša Kaitanu,Ište su ku Ištesukka and Auarisarnu city rulers of the land Kayatanu,https://oracc.museum.upenn.edu/riao/Q006563?lang=en
vi 32'',Arbaku ša Arnasia ,Arbaku of the land Arnasia,https://oracc.museum.upenn.edu/riao/Q006563?lang=en
vi 33'',Sarruti ša Karzinu ,Sarruti of the city Karzinû,https://oracc.museum.upenn.edu/riao/Q006563?lang=en
vi 34'',Satarbanu ša Barikanu ,Sata]rpānu of the lan]d Barikānu,https://oracc.museum.upenn.edu/riao/Q006563?lang=en
vi 35'',x ša Zazaknu ,of the lan]d Zazaknu,https://oracc.museum.upenn.edu/riao/Q006563?lang=en
vi 36'',x ša Qarkasia ,of the lan]d Qarkasia,https://oracc.museum.upenn.edu/riao/Q006563?lang=en
vi 37'',x Partakanu ,Partakanu,https://oracc.museum.upenn.edu/riao/Q006563?lang=en
vi 38'',šaqâ <data> ša bibil <data> damdāmī <data> <data> amdahhar <data>,high of the bringing of m]ules I received and,https://oracc.museum.upenn.edu/riao/Q006563?lang=en
vi 1''',<data> <data> ,my,https://oracc.museum.upenn.edu/riao/Q006563?lang=en
vi 2''',adi anāku <data> Ellipi <data> Šaparda <data> Uqqutti <data> kabitta bilassun,While I was in the process of defeating the land Ellipi the ci]ty Šaparda and the land U]qqutti and receiving substantial tribute the following happened in the west,https://oracc.museum.upenn.edu/riao/Q006563?lang=en
vi 6''',rubâtu ālik pān ana Hulle šar Bit-Puritiš ēgug <data> aspuh māssu šū adi kimtašunu ana qerbeša māssu Aššur ītarrê amna kī ṣāb hupši <data> <data> <data> Hulle ana ašar atūra,My princely predecessor had become angry with Ḫullî king of the land Bīt-Purutaš and had commanded the dissolut]ion of his land He brought him Ḫullî together with his family to Assyria and had considered them there as if they were membe]rs of the lower class I restored Ḫullî to his position and,https://oracc.museum.upenn.edu/riao/Q006563?lang=en
vi 1'''',<data> <data> <data> <data> <data> <data> <data> <data> <data> ana qerbeša x ša ekēm Que u ašallal māssu <data> <data> sukkal ana Rusa šar Urarṭa <data> <data> šipirti urriha <data>,ed him and in the land in order to take away from me the l]and Que Cilicia and plunder my la[nd he sent his vi]zier to U[rsâ Rusâ king of the land Urarṭu vi 5´´´´ he sent a message qui[ckly,https://oracc.museum.upenn.edu/riao/Q006563?lang=en
vi 6'''',<data> <data> <data> <data> <data> <data> <data> <data> <data> <data>,Too poorly preserved to allow translation,https://oracc.museum.upenn.edu/riao/Q006563?lang=en
vi 1''''',<data> <data> <data> <data> <data> ša Tabal <data> šūt rāšūʾa bēl Samʾalla Arpadda Amate Dimašqa <data> adi pēthal ša <data> <data> ina qerbeša Amate <data> azziz ummān Aššur gapšāte <data> Tabal <data> <data> <data>,o]f the land Tab[al eu­nuchs of mine the provincial governor s of the ci]ty Samʾal vi 5´´´´´ the city Arpad the city H]amath the city Damascus together with my cavalry which I had stationed in the land Hamath the numerous troops of the god Aššu]r the land T]abal,https://oracc.museum.upenn.edu/riao/Q006563?lang=en
vii 1',<data> <data> <data> <data> <data> qāssa u šēp birâti parzilla addâ <data> šallatiš <data> <data>,they put iron fe[tters on their hands and feet and as booty,https://oracc.museum.upenn.edu/riao/Q006563?lang=en
vii 5',Kurti Atunaya ša el Mita Muskaya atkal kišitte Ambaris u ašallal nišī amār libba akkud ana aššânni tāmartašu ana nīr Aššur ašdud mār šipir ša amât dameqtašu naṣû ana Sikris ša Madaya adi mahar attabbal elēṣ libba,When Kurtî of the land Atuna who had put his tru[st in Mitâ of the land Musku saw the capture of Amris Ambaris and the carrying off of his people his heart pounded His lit “their” messenger bearing the happy news brought to me in the land Sikris — which is situated in the land Med[ia — a message indicating his willingness to bring me an audience gift and pull the yoke of the god A[ššur he thus made my heart rejoice,https://oracc.museum.upenn.edu/riao/Q006563?lang=en
vii 13',ina tišê palâ ana Asdudi ša ah tâmāti rabâ alāk <data> <data> Asdudi <data> <data> <data> <data>,In my ninth regnal year I marched to the city Ashdod which is situated on the shore of the great s]ea the city Ashdod,https://oracc.museum.upenn.edu/riao/Q006563?lang=en
vii 1'',alšu lemnāti epēssu <data> ištu Asdudi aṣê Ahi-Meti <data> ahašu talīm el nišī Asdudi arbâ ašāb ina kussâšu ab bilassun maddatta ezabbilū kudurri alāk harrān kī ša šar ab ēmid,Because of the evil he Azuri had done I brought him out from the city A[shdod elevated Ahī-Mīti his favorite brother o[ver the people of the city Ashdod vii 5´´ and set him on the throne of his father I established for him the same tribute payment(s labor duty and military service as the kings my ancestors had imposed,https://oracc.museum.upenn.edu/riao/Q006563?lang=en
vii 8''b,el altakan u šunu Hatte lemnēte ina pān <data> <data> ana lā aššânni bilassun libba kitpuda lemnāti ana muhha malik sīhi bārti epēssu kī tābik dām ištu qerbeša Asdudi aṣê <data> <data> <data> Iadna ṣāb hupši lā bēl kussâšu ana šarrūssa el altakan ina kussâšu bēl ašāb <data> āl <data> <data> ša amdahiṣ <data> <data> <data> <data> <data> <data> <data> <data> <data> <data> <data> <data> <data> <data> <data> <data> <data> <data> <data> <data> <data> ina libīt harīṣi <data> <data> ina ammat ana šupali <data> akšud mê nagab ana šar ša Pilište Iaudi Udume Maʾab āšib tâmāti nāš bilassun u tāmartašu ša Aššur bēl dabāb sarrāti atmâya nullâte ša ittešunu ana ikkirā ašpur el Pirʾi šar Muṣri malik lā mušēzibišu šulmāni aššânni ērissunūti,However those evil Hittites with/in plotted evil in their heart(s so as to no longer have to bring tribute to me They made an insurrection and up[rising against their ruler and drove him out of the city Ashdod as if he was one who had committed bloodshed They made king over them vii 15´´ Iāmānī a member of the low[er class who had no right to the throne and they sat him on the throne of his lord their city of batt[le vii 20´´ in its environs its/their moats they dug twenty cubits deep until vii 25´´ they reached groundwater They sent mendacious messages and malicious words to the ki[ngs of the lands Philistia Judah Ed[om and Moab as well as to those who live on the sea(coast all those who brought tribute and audience gift(s to the god Aššur my lord vii 30´´ in order to make them hostile to me They took gift(s to Pirʾû Pharaoh king of Egypt a ruler who could not save them and they repeatedly asked him for military aid,https://oracc.museum.upenn.edu/riao/Q006563?lang=en
vii 33''b,kitaršu anāku srgn rubâtu kēni pālih māmīt Šamaš Marduk nāṣir siqiršin Aššur Diglat Puratte ina mīlêša kiššat edê pān šanat ummān nābališ ētattiqāāma u šū Iadna šar ša ina emūq ramānī atkal ul iknuša ana bēlūssu alāk gerra ana rūqāti ašmâ namurrat Aššur bēl ashup <data> <data> <data> <data> <data> kīma šuršē ša kibrāt nār irbubā išdāša <data> <data> <data> šuplī mê rūqāti kīma nūnī aṣabbata pašēru <data> <data> rūqāti <data> <data> innabidūma <data> Asdudi <data> <data> <data> <data> <data>,I Sargon the just prince who reveres oath(s sworn by the gods Šamaš and Marduk and who obeys vii 35´´ the commands of the god Aššur had my troops cross the Tigris and Euphrates Rivers at the height of their flooding namely at the spring inundation as easily as if they were dry land Moreover that man Iāmānī their king who had put his trust in his own strength and had not su[bmitted to any(one else’s rule vii 40´´ heard from af]ar of the app]roach of my expeditionary force Then the aw]esome splendor of the god Aššur my lord overwhelmed him and his legs grew weak like roots on a river bank Like fish th]ey chose the depths of far-off waters for their hiding place vii 45´´ far he fled the city A]shdod,https://oracc.museum.upenn.edu/riao/Q006563?lang=en
vii 1''',<data> <data> <data> unzāšu <data> azziz <data> <data> rigim malīli <data> <data> tiklēšu <data> ana Zaʾini āl dannāku ša Gurgume erēb <data> <data> Tarhu-lara ēgug Muttallu <data> <data> ana ālik <data> <data> idāka šarrūssa idāt <data> Qumašši mār ab ša <data> <data> <data> <data> <data> <data> <data> <data> <data> ʾāri šitmurti <data> <data> <data> <data> mal bāšâ malmališ azūz <data> <data> <data> <data> Tarhu-lara <data> <data>,of understanding they st]ood and the sound of a fl[ute his/their helper(s vi 5´´´ into the city Zaʾini a fortified cit[y of the land Gurgum he entered and Tarḫu-lara became angry and Mut[allu to one who goes si]gns of kingship vii 10´´´ Q]u mašši son of his father who they sent and ferocious as many as there were they divided up into equal par[ts and Tarhu-lara,https://oracc.museum.upenn.edu/riao/Q006563?lang=en
vii 1'''',<data> <data> <data> <data> <data> bēlūssu <data> gerra <data> Gurgume,his rule ca]mpaign the land Gurgum,https://oracc.museum.upenn.edu/riao/Q006563?lang=en
vii 5'''',<data> <data> <data> <data>,Too poorly preserved to allow translation,https://oracc.museum.upenn.edu/riao/Q006563?lang=en
vii 1''''',<data> <data> x <data> kīma urpat aktum ummî tamerāti <data> rigim kak <data> adāru aptâ bāb <data> aṣê inaššiquni šēp Melid āl šarrūssa adi nagê ša libīt ana šar Kummuha addin <data>,the land I covered like a c[loud I laid waste to its meadowland(s vii 5´´´´´ the noise of my weap[ons took fright and opened their gate They came out and kissed my feet I gave his royal city Melid together with its surrounding district to the king of the land Kummuḫu,https://oracc.museum.upenn.edu/riao/Q006563?lang=en
viii 1',<data> <data> x <data> x <data> el ša mahar <data> šum <data> nišī kišitte qāssa ina libba erēb ilki tupšikki kī ša Gunzinanu ēmid Luhsu Purṭir Anmurru Kiaka Anduarsalia el Urarṭa dunnina maṣṣarāti Usi Usian Uargin patti Muski addâ ša lā mūṣâšu aṣabbata bāb Ellibir Šindarara el nišī Kasku arkus <data> <data> <data> alšu lā <data> <data>,the city the city more th[an previously viii 5´ their name(s I had people whom I had captured enter th[ere I imposed upon them the same state service and corvée duty as there had been in the time of Gunzinānu I strengthened the garrison(s of the cities Lu[ḫsu Purṭir Anmurru K[iaka and Anduarsalia viii 10´ against the land Urarṭu I erected the cities U[si Usian and Uargin on the border of the land Mus[ku and seized the entrance ways to that land lit “its gates” so that nothing more could come out from that land to Assyria I constructed the cities Ellibir and Šindarara against the people of the land Kasku In order not,https://oracc.museum.upenn.edu/riao/Q006563?lang=en
viii 16',ina ūm katim šad ša Hatti aptâ ina ūm palâ <data>,At that ti[me everything that was hidden in the mountains of the land Ḫatti was revealed to me Du ring my reign,https://oracc.museum.upenn.edu/riao/Q006563?lang=en
viii 18',<data> <data> <data> <data> <data>,Too poorly preserved to allow translation,https://oracc.museum.upenn.edu/riao/Q006563?lang=en
viii 1'',<data> <data> <data> <data> <data> <data> <data> <data> <data> <data>,Too poorly preserved to allow translation,https://oracc.museum.upenn.edu/riao/Q006563?lang=en
viii 1''',<data> <data> <data> <data> <data> <data> <data> <data> <data> <data> <data> <data>,Too poorly preserved to allow translation,https://oracc.museum.upenn.edu/riao/Q006563?lang=en
viii 4'''b,<data> <data> ana arkâssu ūm rubâtu arkīti enūma bīssu ziqqurrat šī ilabbbiru ātanah anhūssa ēteneddišu mušarâ u mušarâ šar ab ana ašar atūra Aššur Adad ikrib ašmâ,In days to come wh]en this ziggu[rrat becomes old and dilapidated may a future prince renovate its dilapidated sections May he return my inscribed object and any insc]ribed object(s of the kings my ancestors to the[ir place(s The gods Ašš]ur and Adad will then listen to his prayers,https://oracc.museum.upenn.edu/riao/Q006563?lang=en
viii 9''',ša epissun qāssa ištu ašar ikkirā Aššur Adad il rabâ ezziš ētarar šum zēr ina māssu halāq,As for the one who removes the work of my hands from its current location may the gods Aššur and A]dad the great gods curse him angrily and make his name and his des]cendant(s disappear from the land,https://oracc.museum.upenn.edu/riao/Q006563?lang=en
viii 12''',<data> srgn šar māssu Aššur,of Sargon king of Assyria,https://oracc.museum.upenn.edu/riao/Q006563?lang=en
