﻿line,akkadian,english,source
i 1,Sin-ahhe-eriba šar rabâ šar dannāku šar kiššat šar māssu Aššur šar kibrāt erbaʾi rēʾi itpēšu migir il rabâ nāṣir kināti rāʾim mešāri ēpissa ūsāt ālik tappût akê sāhir dameqtašu eṭli gitmālī zikar qardi ašarēd kal malik rappu lāʾiṭ lā māgir,Sennacherib great king strong king king of the world king of Assyria king of the fou[r quarters of the world capable shepherd favorite of the grea[t gods guar[dian of truth who lov[es justi[ce i 5 renders assis]tance goes to the aid of the w[eak and str[ives after good deeds perfect man virile warrior foremost of all rulers the bridle that controls the insubmissive and the one who strikes enemies with lightning,https://oracc.museum.upenn.edu/riao/Q003497?lang=en
i 9b,mušabriq zāmânī Aššur šad rabâ šarrūssa lā išnunūšuma šutlimšu el gimir āšib parak arbâ kak ištu tâmāti elēnīti ša išlimma šamaš adi tâmāti šaplî ša ṣīssun šamaš gimir ṣalmāt qaqqad iknuša šēp u malik šepṣu adāru tāhāz dadmē ētezib kīma suttinni nigiṣṣi ēdiš ippariš ašar lā ʾāri,The god Aššur the great mountain granted to me unrivalled sovereignty and made my weapons greater than those of all who sit on royal daises He made all of the black-headed people from the Upper Sea of the Setting Sun to the Lower Sea of the Rising Sun bow down at my feet i 15 Thus did recalcitrant rulers come to fear battle with me While they were abandoning their settlements they flew away alone like bats living in crevices to inaccessible place(s,https://oracc.museum.upenn.edu/riao/Q003497?lang=en
i 18,ina mahar gerra ša Marduk-apla-iddina šar Karduniaš adi ummān Elamte rēṣēšu ina tamerāti Kiš altakan dabdâšu ina qabal tamhāra šatti ētezib karāssu ēdiš ipparaššidu napištašu eṭēr narkabat sisê ṣumbāte parê ša ina aqribma tāhāz mušširannâti akšud qāssa,On my first campaign I brought about the defeat of Marduk-apla-iddina II Me­ro­dach-ba­la­dan king of Karduniaš Babylonia together with the troops of the land Elam his al]lies i 20 in the plain of Kish I]n the midst of that batt[le he abandoned his camp f]led alone and thereby saved his life I seized the chariots horses wagons and mules that he had abandoned in the thick of battle,https://oracc.museum.upenn.edu/riao/Q003497?lang=en
i 25,ana ēkal ša qerbeša Babili hadîš erēb aptâ bīssu niṣirtašu hurāṣ kasap anūt hurāṣ kasap aban aqarte mimma šum būšašu makkūr lā nība kabitta bilassun ēkal tīrī manzāssin pān nāri nārāti sihir ummânī mal bāšâ muttabbil ēkal,I joyfully entered his palace which is in Babylon then I opened his treasury and brought out gold silver gold and silver utensils precious stones all kinds of possessions and property with[out number a substantial tribute together with his palace women courtiers attendants male singers female singers all of i 30 the craftsmen as many as there were and his palace attend[ants and I counted them as booty,https://oracc.museum.upenn.edu/riao/Q003497?lang=en
i 31b,aṣê šallatiš amna ina emūq Aššur bēl <data> āl dannāku bīssu dūr ša Kaldi u <data> mē <data> āl ṣahri ša libīt alme akšud ašallal šallassin urbī Arame Kaldaya ša qerbeša Uruk Nippur Kiš Hursagkalamma Kute Sippar adi mār āl bēl hīṭātišu aṣê šallatiš amna,With the strength of the god Aš[šur my lord I surrounded conquered and plundered 75 of his fortified cities fortresses of Chaldea and 420 small(er settlements in their environs i 35 I brought out the auxiliary forces of the Arameans and Chaldeans who were in Uruk Nippur Kish Ḫursagkalamma Cutha and Sippar together with the guilty citizens and I cou]nted them as bo]oty,https://oracc.museum.upenn.edu/riao/Q003497?lang=en
i 38,ina tayyarat Tuʾmuna Rihihu Yadaqqu Ubudi Gibre Malahu Gurume Ubulu Damuni Gambulaya Hindari Ruʾuʾa Puqudaya Hamaranaya Hagaranu Nabatu Liʾtaʾa Arame lā kanše mithāriš akšud <data> mē <data> līm nišī ṣeher rab zikar u sinniš sisê parê imērī gammalī alap u ṣēnašu ša lā nība šallassin kabitta ašallal ana qerbeša māssu Aššur,"On my return march I defeated all toget]her the Tuʾ­mū­na Riḫi]ḫu Yadaqqu Ubudu Gib[rê i 40 Malaḫu Gurumu Ubulu Damunu Gambulu Ḫ]in[daru Ruʾuʾa Pu­qu­du Ḫamrānu Ḫa­ga­rā­nu Nabatu and Liʾtaʾu insubmissive Arameans i 45 I carried off into Assyria a substantial booty consisting of 208,000 people young and old male and female horses mules donkeys camels oxen and sheep and goats which were without number",https://oracc.museum.upenn.edu/riao/Q003497?lang=en
i 48,ina mēteq gerra ša Nabu-bel-šumati qēpāni Hararate hurāṣ kasap musukkannī rabâ imērī gammalī alap u ṣēnašu tāmartašu kabitta amdahhar,In the course of my campaign I received a substantial audience gift from Nabû-bēl-šumāti the official in charge of the city Ḫararatu Ḫarutu gold silver i 50 large mu sukkannu trees donkeys camels oxen and sheep and goats,https://oracc.museum.upenn.edu/riao/Q003497?lang=en
i 52,bahūlāte Hirimme nakirēšu akṣi ina kak amqutma ēdu ul ētezib pagar ina gašīšī ālul sihir āl alme nagê šatti ana eššūte aṣabbata ištât alap <data> immer <data> imēr karān <data> imēr suluppī rēšēt ana il māssu Aššur bēl ikūn dārišam,I pu[t to the sword the popul]ation of the city Ḫirimmu a dangerous enemy and I did not spare a single one I hung their corp]ses on poles and i 55 placed them aro]und the city I reorganized that district and imposed for eternity on]e ox ten sheep ten homers of wine and twenty homers of dat]es as his first-fruits offerings to the gods of Assyria my lords,https://oracc.museum.upenn.edu/riao/Q003497?lang=en
i 59,ina šanê gerra Aššur bēl atkal ana māssu Kašši u māssu Yasubigallaya ša ištu ulla ana šar ab lā kitnuš lū alāk qerbeša hursānī zaqri eqel namrāṣi ina sisê arkab narkabat šēp ina tikkāte aššânni ašar šupšuqāma ina šēp rīmāniš attaggiš,On my second campaign the god Aš[šur my lor]d encouraged me and I marched to the land of the Kassites and the land of the Yasubigallians who since time immemorial had not submitted to the kin]gs my ancestors I[n the high mountai]ns difficult terrain I rode on horseback and had my personal chariot carried on men’s necks i 65 In very rugged terrain I roamed about on foot like a wild bull,https://oracc.museum.upenn.edu/riao/Q003497?lang=en
i 66,Bit-Kilamzah Hardišpi Bit-Kubat āl bīssu dūr dannāku alme akšud nišī sisê parê imērī alap u ṣēnašu ištu qerbeša aṣê šallatiš amna u āl ṣahri ša nība lā īšâ anappal anaqqar ēmâ karmeš bīssu ṣēr kultār mūšab ina gīri aqmi ditalliš ēmâ,I surrounded and conquered the cities Bīt-Kilamzaḫ Ḫar[diš]pu and Bīt-Kubatti their fortified walled cit]ies I brought out of th[e]m people horses mule[s donkeys oxen and sheep and goats and i 70 I counted them as bo]oty Moreover I destroyed deva[stated and tu]rned into ruins their small(er settlements which were with[out number I burned with fire pavilions and tents their ab[odes and reduced them to a[shes,https://oracc.museum.upenn.edu/riao/Q003497?lang=en
i 74,atūra Bit-Kilamzah šatti ana birtūti aṣabbata el ša ūm pān dūr dunnina nišī māssu kišitte qāssa ina libba ašāb nišī māssu Kašši  u māssu Yasubigallaya ša lapān kak ipparaššidu ištu qerbeša šad arād ina Hardišpi Bit-Kubat armâ ina qāssa šūt rāšūʾa bēl Arrapha amna narâ epēssu lētu kišitte qāssa ša el altakan ṣēr alṭur ina qerbeša āl azziz,I made that city Bīt-Kilamza[ḫ a fortress again and I strengthened its wall]s more than be]fore then I settled therein the people of the la[nds that I had conquered I brought down from the mountains the people of the land of the Kassites ii 1 and the land of the Yasubigall[ians who had fl[ed from my weapons and I made them dwell in the cities Ḫardišpu and Bīt-Kubatti ii 5 I placed them un]der the authority of a eunuch of mine the governor of the city Arrapḫa I had a stele made had all the victorious conquests that I achieved over them written on it and I erected it in that city,https://oracc.museum.upenn.edu/riao/Q003497?lang=en
ii 9,pān nīr atūra ana Ellipi aṣabbata harrān ellāmēšun Ispabara šar āl dannāku bīssu niṣirtašu mušširannâti ana rūqēte innabidūma gimir māssu rapašti kīma imbari ashup Marubišti Akkuddu āl bīssu šarrūssa adi <data> āl ṣahri ša libīt alme akšud anappal anaqqar,I turned around lit “I turned the front of my yoke” and took the road to the land Ellipi Before my arrival Ispabāra their king ab]andoned his fortified cities and his treasury and fled far away I overwhelmed all of his wide land like a fog I surrounded conquered destroyed devastated and burned with fi[re the cities Mar]ubištu and Akkuddu cities of ii 15 his royal house together with thirty-four small(er settlements in their en[vir]ons,https://oracc.museum.upenn.edu/riao/Q003497?lang=en
ii 17b,ina gīri aqmi nišī ṣeher rab zikar u sinniš sisê parê imērī gammalī alap u ṣēnašu ana lā mīna ašallal adi lā bašê alāk iṣhir māssu Ṣiṣṣirtu Kummahlu āl dannāku adi āl ṣahri ša libīt Barrua nagê ana gimirti ištu qerbeša māssu abtuq el miṣir māssu Aššur,I carried off people young and old male and female horses mules donkeys camels oxen and sheep and goats without number then ii 20 I brought him Ispabāra to nought and made his land smaller I detached from his land the cities Ṣi(ṣ)ṣirtu and Kumm]aḫ[lum fortified cities together with the small(er settlement[s in their environs and the district of the land Bīt-Barrû in its entire]ty and I added this area to the terri[tory of As]syria,https://oracc.museum.upenn.edu/riao/Q003497?lang=en
ii 25b,arde Elenzaš ana āl šarrūssa u dannassu nagê šatti aṣabbata šum mahar ikkirā Kar-Sin-ahhe-eriba abbi nibīssun nišī māssu kišitte qāssa ina libba ašāb ina qāssa šūt rāšūʾa bēl Harhar amna lirappiš māssu,I took the city Elenzaš as a roy]al city and a fortress for that district then I changed its former name and called it Kār-Sennacherib I settled therein the people of the lands that I had conquered I pla]ced it under the authority of a eunuch of mine the governor of the city Ḫarḫar and thus enlarged my land,https://oracc.museum.upenn.edu/riao/Q003497?lang=en
ii 31,ina tayyarat ša Madaya rūqāti ša ina šar ab mamma lā ašmâ siqiršin māssu maddatta kabitta amdahhar ana nīr bēlūssu iknuša,On my return march I received a substantial payment from the distant Medes of whose land none of the kings my ancestors had heard mention Thus I made them bow down to the yoke of my lordship,https://oracc.museum.upenn.edu/riao/Q003497?lang=en
ii 35,ina šalši gerra ana Hatti lū alāk Luli šar Ṣidunni pulhī melammē bēlūssu ashup ana rūqēte qabal tâmāti innabidūma šad ēmid Ṣidunni rabâ Ṣidunni ṣahri Bit-Zitte Ṣariptu Mahallab Ušu Akziba Akku āl dannāku bīssu dūr ašar riʾītu u malqīte bīssu tuklāt rašubbat kak Aššur bēl ashup,On my third campaign I marched t]o the land Ḫatti Fear of my lordly brilliance overwhelmed Lulî the king of the city Si[d]on and he fled afar into the midst of the sea and disappeared The awesome terror of the weapon of the god Aššur my lord overwhelmed the cities Great Sido[n Lesser Sidon Bīt-[Z]itti ii 40 Ṣarepta Maḫalliba Ušû Akzibu and Acco his fortified cities and fort]resses an area of pasture(s and wat]er-place(s resources upon which he relied and they bowed down at my feet,https://oracc.museum.upenn.edu/riao/Q003497?lang=en
ii 44b,iknuša šēp Tu-Baʾil ina kussâšu šarrūssa el ašāb bilassun maddatta bēlūssu šattišam lā baṭalu ikūn ṣēr,I placed Tu-Ba[ʾlu on the royal throne over th[em and im[posed upon him tribute and payment in recognition of my overlordship to be delivered year[ly and with[out interruption,https://oracc.museum.upenn.edu/riao/Q003497?lang=en
ii 47,ša Minhimmu Samsimurunaya Tu-Baʾil Ṣidunaya Abdi-Liʾti Armadaya Uru-Milki Gublaya Mitinti Asdudaya Budu-il Bit-Ammanaya Kammusu-nadbi Maʾabaya Aya-rammu Udummaya šar māssu Amurre kal igisê šadal tāmartašu kabitta adi erbêšu ana mahar,As for M]in(u)ḫ[im]mu of the city Sam­si­[mu­ru­na Tu-Baʾ­lu of the city Sidon Abdi-Liʾ[ti of the city Arwad ii 50 Ūru]-Mil[ki of the city Byblos Mit]inti of the city Ashdod Būdi-il of the land Bīt-Ammon Kammūsu-na[d]bi of the land Moab Aya-rāmu of the land Edom ii 55 all of the kings of the land Amurru they br]ought extensive gifts four times the normal amount as their substantial audience g]ift before me and kissed my feet,https://oracc.museum.upenn.edu/riao/Q003497?lang=en
ii 57b,aššânni inaššiquni šēp u Ṣidqa šar Isqalluna ša lā iknuša ana nīr il bīssu ab šâšu alti mār mārassu ahašu zēr bīssu ab assuh ana māssu Aššur,Moreover as for Ṣ]idqâ the king of the city Ashkelon who had not bowed down to my yoke I forcibly removed the gods of his father’s house himself his wife his sons his daughters ii 60 his brothers and other offspring of his father’s house and took him to As[syria,https://oracc.museum.upenn.edu/riao/Q003497?lang=en
ii 61b,ītarrê Šarru-lu-dari mār Rukibti šar mahar el nišī Isqalluna altakan addin bilassun kadrâ bēlūssu ēmid išâṭ abšānī,I set Šarru-lū-dāri son of Rūkibtu their former king over the people of the city Ashkelon and imposed upon him the payment of tribute and gifts in recognition of my overlordship so that he now pulls my yoke,https://oracc.museum.upenn.edu/riao/Q003497?lang=en
ii 65,ina mēteq gerra Bit-Daganna Yappu Banayabarqa Azuru āl ša Ṣidqa ša ana šēp arhiš lā iknuša alme akšud ašallal šallassin,In the course of my campaign I surrounded conquered and plundered the cities Bīt-Daganna Joppa Banayabarqa and Azuru the cities of Ṣidqâ that had not submitted to me quickly,https://oracc.museum.upenn.edu/riao/Q003497?lang=en
ii 69,šakkanak rubâtu u nišī Amqarruna ša Pade šar bēl adê u māmīt ša māssu Aššur birâti parzilla addâ ana Hazaqiyu Iaudaya addin nakriš ana anzillašu epēssu aplah libba šar Muṣri ṣāb qašassu narkabat sisê ša šar Emeluhha emūq lā nība iktera alāk rēṣūssu,As for the governors the nobles and the people of the city Ekron ii 70 who had thrown Padî their king who was bound by treaty and oaths to Assyria into iron fetters and who had handed him over to Hezekiah of the land Judah in a hostile manner t]hey became frightened on account of the villainous acts they had committed They formed a confederation with the kings of Egypt and the archers ch[ariots ii 75 and horses of the king of the land Meluḫḫa forces without number and they came to their aid,https://oracc.museum.upenn.edu/riao/Q003497?lang=en
ii 77,ina tamerāti Altaqu ellāmēšun sidir šitkunā ušaʾʾala kak  ina tuklāt Aššur bēl ittešunu amdahiṣ altakan dabdâšu bēl narkabat u mār šar Muṣuraya adi bēl narkabat ša šar Emeluhha balṭūssa,In the plain of the city Eltekeh they sharpen[ed their weapons while drawing up in battleline bef]ore me iii 1 Wi]th the support of the god Aššur my lord I fo]ught with them and de[feated them In the thick of battle I captured alive the Egyptian charioteers and prin[ces lit “the sons of the king” to]gether with the charioteers of the king of the land Meluḫḫa,https://oracc.museum.upenn.edu/riao/Q003497?lang=en
iii 5b,ina qabal tamhāra akšud qāssa Altaqu Tamna alme akšud ašallal šallassin ana Amqarruna aqribma šakkanak rubâtu ša hīṭātišu bašê addūk ina dimāte sihir āl ālul pagar mār āl ēpissa anna u gillassun ana šallassin amna sittī lā bābil hiṭâte u gullultašun ša anna,I surrounded conquered and plundered the cities Eltekeh and Tamnâ I approached the city Ekron and I killed the governors and nobles who had committed crime(s and hung their corpses on towers around the city I counted the citizens who had committed iii 10 the criminal acts as booty and I com[manded that the rest of them those who were not guilty of crimes or wrongdoing to whom no penalty was due be allowed to go free,https://oracc.museum.upenn.edu/riao/Q003497?lang=en
iii 12b,lā bašê mušširannâti aqabbû Pade šar ištu qerbeša Ursalimma aṣê ina kussâšu bēlūssu el ašāb maddatta bēlūssu ikūn ṣēr,I brought out Padî their king from the city Jerusalem and pla[ced him on the lordly throne over them then I imposed up[on h]im payment in recognition of my overlordship,https://oracc.museum.upenn.edu/riao/Q003497?lang=en
iii 16,u Hazaqiyu Iaudaya ša lā iknuša ana nīr <data> āl dannāku bīssu dūr u āl ṣahri ša libīt ša nība lā īšâ ina akbus arammē u aqribma ašibi amdahiṣ zūk šēp pilši nikis u kalbānāte alme akšud <data> mē līm <data> mē <data> nišī ṣeher rab zikar u sinniš sisê parê imērī gammalī alap u ṣēnašu ša lā nība ištu qerbeša,"Moreover as for Hezekiah of the land Judah who had not sub]mitted to my yoke I surrounded and conquered forty-six of his fortified cities fortresses and small(er settlements in their environs which were without num[ber by having ramps trodden down and battering rams brought up iii 20 the assault of foot soldiers sapping breaching and sie]ge engines I brought out of them 200,150 people young and ol[d male and female horses mules donkeys c[amel]s oxen and sheep and goats which were without number and I counted them as booty",https://oracc.museum.upenn.edu/riao/Q003497?lang=en
iii 24b,aṣê šallatiš amna šâšu kīma iṣṣūr quppē qerbeša Ursalimma āl šarrūssa ēsirma birāte el arkus aṣê abul āl atūra ikkib āl ša ašallal ištu qerbeša māssu abtuq ana Mitinti šar Asdudi Pade šar Amqarruna u Ṣil-Bel šar Hazite addin iṣhir māssu el bilassun mahar addin šanat maddatta kadrâ bēlūssu arde ikūn ṣēr,As for him Hezekiah I confined him inside the city Jerusalem his royal city like a bird in a cage I set up blockades against him and m]ade him dread exiting his city gate I detached from his land the cities of his that I had plundered and I gave them to Mitinti the king of the city Ashdod Pa]dî the king of the city Ekron iii 30 and Ṣilli-[Bēl the king of the city Ga]za and thereby made his land smaller To the for[mer tribute their annual gi]ving I added the payment of gifts in recognition of my overlord[ship and imposed it upon them,https://oracc.museum.upenn.edu/riao/Q003497?lang=en
iii 33,šū Hazaqiyu pulhī melammē bēlūssu ashup urbī u ṣāb damiqtim ša ana dunnina Ursalimma āl šarrūssa erēb aršâ tillāte ittešunu <data> bilassun hurāṣ <data> mē bilassun kasap nisiqte guhli takkas <data> rabâ eršēt šinni kussâšu nēmed šinni mašak pīri šinni pīri ušî taskarinni mimma šum niṣirtašu kabitta u mārassu sekrati ēkal nāri nārāti ana qerbeša Nina āl bēlūssu arkešu attabbal ana addin maddatta u epēssu ardūssu ašpur rakbâšu,As for him Hezeki[ah fea]r of my lordly brilliance overwhelmed him and after my departure he had the auxiliary forces and his elite troops iii 35 whom he had brought inside to strength[en the city Jeru]salem his royal city thereby ga[ining reinfor]cements along with 30 talents of gold 800 talents of silver ch[oice an]timony large blocks of ivory beds arm[chairs of ivory elephant hide(s elephant ivory ebony boxwood every kin[d of valuable trea]sure as well as his daughters iii 40 his palace women male singer[s and female singers bro]ught into Nineveh my capital city and he sent a mounted messenger of his to me to deliver this payment and to do obeisan]ce,https://oracc.museum.upenn.edu/riao/Q003497?lang=en
iii 43,ina rebê gerra Aššur bēl atkal ummān gapšāte adakkekama ana Bit-Yakin alāk aqabbû ina mēteq gerra ša Šuzubi Kaldaya āšib qerbeša agammē ina Bittuti altakan dabdâšu šū hurbāša tāhāz el amqutma itarrakma libba kīma azari ēdiš ipparaššidu ul amār ašar,On my fourth campaign the god Aššur my lord encouraged me so that I mus]tered my numerous troops and iii 45 ordered the march to the land Bīt-Yakīn In the cou[rse of my campaign I defea[ted Šūzubu Mušēzib-Marduk a Chaldean who lives in the marshes at the city Bittūtu As for him terror of doing battle with me fell upon him and his he]art pounded He fled alone like a lynx and his hiding place could not be found,https://oracc.museum.upenn.edu/riao/Q003497?lang=en
iii 50,pān nīr atūra ana Bit-Yakin aṣabbata harrān šū Marduk-apla-iddina ša ina alāk gerra mahar dabdâšu altakan uparrir ellat rigim kak dannāku u tīb tāhāz ezzeti adāru il mārak māssu ina šubāt adakkekama qerbeša eleppa arkab ana Nagiate-raqqi ša qabal tâmāti iṣṣūriš ippariš ahašu zēr bīssu ab ša mušširannâti ah tâmāti adi sitāt nišī māssu ištu Bit-Yakin qerbeša agammē u appārāte aṣê,I turned around lit “I turned the front of my yoke” and took the road to the land Bīt-Yakīn He — Marduk-apla-iddina II Merodach-baladan whom I had defeated and whose forces I had scattered during my first campaign — became frightened by the clangor of my mighty weapons and my fierce battle array then iii 55 dis[lodged the gods of the full extent of his land from their abodes and loaded them onto boats He flew away like a bird to the city Nagīte-raqqi which is in the midst of the sea I br]ought his brothers the seed of his father’s house whom he had abandoned at the shore of the sea together with the rest of the people of his land out of the land Bīt-Yakīn which is in the sw[amps and marshes and I counted them as bo]oty,https://oracc.museum.upenn.edu/riao/Q003497?lang=en
iii 60b,šallatiš amna atūra āl anappal anaqqar ēmâ karmeš el bēl salīm šar Elamte,On[ce again I destroyed and devastated his cities and turned them into ruins I po[ured out awe-inspiring brilliance upon his ally the king of the land Elam,https://oracc.museum.upenn.edu/riao/Q003497?lang=en
iii 62b,namurrat atbuk ina tayyarat Aššur-nadin-šumi mār rēštê tarbīt birkāya ina kussâšu bēlūssu ašāb rapašti māssu Šumeri u Akkad adgul pān,On my return march I placed Aššur-nādin-šumi my first-born son whom I raised on my own knee on his lo[rdly throne and entrusted him with the wide land of Su[mer and Akka]d,https://oracc.museum.upenn.edu/riao/Q003497?lang=en
iii 66,ina hamši gerra bahūlāte Tumurra Šarim Ezama Kipša Halbuda Qua Qana ša kīma qinna erê ašarēd iṣṣūr ṣēr zuqti Nipur šad marṣāti šubāt šitkunā lā kitnuš ana nīr ina šēp Nipur karāssu altakan,On my fifth campaign The population of the cities Tumurrum Šarum Ezā]ma Kipšu Ḫalbuda Qūa and Qana whose dwellings are situ[ated like the nes]ts of eagles the foremost of birds on the peak of Mount Ni]pur a rugged mountain and who had not bowed down to the yoke — I had my camp pitched at the foot of Mount Nipur,https://oracc.museum.upenn.edu/riao/Q003497?lang=en
iii 72,ittešunu qurbūte šēp nasqi u ṣāb tāhāz lā gāmel anāku kīma rīmē ekdi pān aṣabbata hurri nahal natbāk šad mēlê marṣāti ina kussâšu aštamdih  ašar ana kussâšu šupšuqāma ina šēp aštahhiṭ kīma arme ana zuqti šaqâ ṣēr elê ašar birkāya mānahtu īšâ ṣēr aban šad ašāb mê nāde kaṣûte ana ṣūmē lū ašti,Like a fierce wild bull with my select body]guard and my merciless combat troops I took the lead of them the soldiers in my camp I proceeded through the gorges of the str[eams the outflows of the mountains and rugged slopes in my chair iv 1 Where it was too difficult for my chair I leapt forw]ard on my own two feet like a mountain goat I ascended the highest peaks against them Where my knees became tired I sat down upon the mountain rock and drank cold water from a water skin to quench my thirst,https://oracc.museum.upenn.edu/riao/Q003497?lang=en
iv 5,ina ubān hursānī arde altakan dahtê āl akšud ašallal šallassin,I pu[rsu]ed them on the peaks of the mountains and defe[at]ed them I conquer[ed plundered destroyed devastated and burned with fire their cities,https://oracc.museum.upenn.edu/riao/Q003497?lang=en
iv 7b,anappal anaqqar ina gīri aqmi pān nīr atūra ṣēr Maniye šar Ukki šaddaʾu lā kanše aṣabbata harrān arah lā petâ ṭūdāt pašqat ša lapān šad marṣāti ullânūʾa qerbeša mamma lā alāk šar pān mahar ina šēp Anara u Uppa šad dannāku karāssu altakan anāku ina kussâšu nēmed ittešunu ṣāb tāhāz gitmālī ina nēreb pīqāte šūnuhiš erēb marṣiš elê ubān šad pašqat,I turned around lit “I turned the front of my yoke” and took the road against Maniye the king of the city Ukku and an insubmissive mountain-dweller iv 10 Before my time none of the former kings of the past had marched through the untrodden paths and difficult trails on account of the rugged mountains I had my camp pitched at the foot of Mount Anara and Mount Uppa mighty mountains and I myself in an armcha[ir iv 15 with my cra]ck com[bat troops entered their narrow passes with great difficulty and ascended with a struggle the steep mountain pe]aks,https://oracc.museum.upenn.edu/riao/Q003497?lang=en
iv 18,šū Maniye turbuʾ šēp ummān amār Ukki āl šarrūssa ētezib ana rūqēte innabidūma Ukki alme akšud ašallal šallassin mimma šum būšašu makkūr niṣirtašu ēkal ištu qerbeša aṣê šallatiš amna,He Ma[ni]ye saw the dust cloud stirred up by the feet of my troops then he abandoned the city Ukku his roy]al city and fled afar iv 20 I surrounded conquer]ed and plundered the city Ukku I brought out of it every kind of possession and property the tre]asures of his palace and I counted it as booty,https://oracc.museum.upenn.edu/riao/Q003497?lang=en
iv 23,u <data> āl ša patti nagê akšud nišī imērī alap u ṣēnašu ištu qerbeša ašallal anappal anaqqar ina gīri aqmi,Moreover I conquered thirty-three cit[ies on the borders of his district and carried off from them people donkeys oxen and sheep and goats Then I destroy[ed them devastated them and burned them with fire,https://oracc.museum.upenn.edu/riao/Q003497?lang=en
iv 26,ina šadissu gerra sitāt nišī Bit-Yakin ša lapān kak dannāku kīma serrēmē igrurū il mārak māssu ina šubāt adakkekama tâmāti rabâ ša ṣīssun šamaš ebēr ina Nagiate ša Elamte addâ šubāt ina eleppa Hatti tâmāti lū ebēr Nagiate Nagiti-diʾbina adi Ahilimmu Pillate u Hupapanu nagê ša Elamte akšud,On my sixth campaign The rest of the people of the land Bīt-Yakīn who had groveled like onagers before my mighty weapon[s dislodged the gods of the full extent of their land from their abodes then crossed the Great Sea of the Rising Sun and iv 30 set up their residences in the city Nagītu of the land Elam — I crossed over the sea in boats of the land Ḫat[ti I conquered the cities Nagītu and Nagītu-d[iʾbi]na together with the lands Ḫilmu Pillatu and Ḫupapanu districts of the land Elam,https://oracc.museum.upenn.edu/riao/Q003497?lang=en
iv 34,nišī Bit-Yakin adi il u nišī ša šar Elamte ašallal lā ētezib multahṭē qerbeša eleppa arkab ana ahannâ ebēr aṣabbata harrān māssu Aššur āl ša qerbeša nagê šâtunu anappal anaqqar ina gīri aqmi ana tīl u karmē atūra,I carr[ied off the people of the land Bīt-Yakīn together with their gods and the people iv 35 of the king of the land Elam and I did not leave a single escapee I loaded them onto boats and brought them to this side of the sea then I made them ta]ke the road to Assyria I destroyed devastated and burned with fire the cities that are in those distr[ict]s I turned them into a mound of ruins lit “a mound and ruins”,https://oracc.museum.upenn.edu/riao/Q003497?lang=en
iv 40,ina tayyarat Šuzubu mār Babili ša ina ešâte māssu bēlūssu māssu Šumeri u Akkad ramānī atūra ina tāhāz ṣēr dabdâšu altakan balṭūssa ina qāssa aṣabbata šummannu u birâti parzilla addâ ana māssu Aššur ītarrê šar Elamte ša idāka ishur alāk rēṣūssu dabdâšu altakan ellat aspuh uparrir puhrišunu,On my re[turn ma]rch i[n a pitched battle I defeated Šūzubu Nergal-ušēzib a citizen of Babylon who had taken the lor[ds]hip of the land of Sumer and Akkad for himself during the confusion in the land I captured him alive bound him with tethering ropes and iron fetters and broug]ht him to Assyria I defeated the king of the land Elam iv 45 who had aligned himself with him and co[me to his aid I dispersed his forces and scattered his assembled host,https://oracc.museum.upenn.edu/riao/Q003497?lang=en
iv 47,ina sebê gerra Aššur bēl atkal ana Elamte lū alāk Bit-Haʾiri Raṣa āl ša miṣir māssu Aššur ša ina tarṣi ab Alamu ekēm danāniš ina mēteq gerra akšud ašallal šallassin ṣāb šūlūti erēb qerbeša ana miṣir māssu Aššur atūra,On my seventh campaign the god Aš[šur my lor]d encouraged me and I marched to the land Elam In the course of my campaign I conquered and plundered the cities Bīt]-Ḫaʾiri and Raṣā cities on the border of Assyria that iv 50 the Elamites had taken away by force i]n the time of my ancestor(s I had my garrisons stationed inside them I brought those cities back inside the border of Assyria and pla]ced them under the authority of the garrison commander of Dēr,https://oracc.museum.upenn.edu/riao/Q003497?lang=en
iv 53b,qāssa rab birāte Deri amna Bube Dunni-Šamaš Bit-Risiya Bit-Ahlame Duru Dannat-Sulaya Šilibtu Bit-Aṣusi Kar-Zera-iqiša Bit-Giṣṣi Bit-Katpalani Bit-Imbi Hamani Bit-Arrabi Burutu Dimtu-ša-Sulaya Dimtu-ša-Mar-biti-eṭir Harri-ašlake Rabbaya Rasu Akbarina Til-Uhuri Hamranu Naṭitu,The cities Bubê Dunni-Šamaš Bīt-Risiya Bīt-Aḫlamê iv 55 Dūru Dannat-Sulā[ya Šilibtu Bīt-Aṣusi Kār-Zēra-iqī[ša Bīt-Giṣṣi Bīt-[Kat­pa]­lā­ni Bīt-Imbiya Ḫamā[nu Bīt-Arrabi Bu­ru­tu Dim­tu-ša-Su[lāya D]imtu-ša-Mār-bīti-ēṭir Ḫarri-ašlak[ê iv 60 Rabbāya Rāsu Akkabarina Tīl-Uḫuri Ḫamrānu Na­ṭī­tu,https://oracc.museum.upenn.edu/riao/Q003497?lang=en
iv 62,adi āl ša nēreb ša Bit-Bunakki Til-Humba Dimtu-ša-Dumeli Bit-Ubiya Balti-lišir Taqab-lišir Al-naqidate Massuttu Sarhu-Deri Alum-ša-Belet-biti Bit-Ahhe-iddina Ilteuba <data> āl dannāku adi āl ṣahri ša libīt ša nība lā īšâ alme akšud ašallal šallassin anappal anaqqar ina gīri aqmi qutri naqmūt kīma imbari kabitta pān šamê rapašti aktum,together with the cities of the passes namely Bīt-Buna[kku Tīl-Ḫumba Dimtu-ša-Dume[li Bīt-Ubiya Baltī-līšir Taqab-līšir iv 65 Alu-ša-nāqidāte Massūtu-šaplī[tu Sarḫu-Dēri Ālum-ša-Bēlet-[bīti Bīt-Aḫḫē-iddina and Ilte[uba — I surrounded conquered plun[dered destroyed devastated and burned with fire those thirty-four fortified cities together with the small(er settlements in th]eir en[virons which were without number I made the smoke from their co[nfl]agration cover the wide heavens like a heavy cloud,https://oracc.museum.upenn.edu/riao/Q003497?lang=en
iv 72,ašmâ kišitte āl Kudur-Nahundi Alamu amqutma hatta sitāt āl ana dannassu erēb šū Madakte āl šarrūssa ētezib ana Haydala ša qerbeša šad rūqāti aṣabbata harrān,Kudur-[Na]ḫundu Kudur-Naḫḫunte the Elamite heard about the conquest of his cities and fear fell upon him He brought the people of the rest of his cities into fortresses He abandoned the city Ma]daktu his royal city and took the road to the city Ḫa[y]dala Ḫidālu which is in the distant mountains,https://oracc.museum.upenn.edu/riao/Q003497?lang=en
iv 77,ana Madakte āl šarrūssa alāk aqabbû Tamhiri kuṣṣi dannāku erēb  šamūtum maʾassi izannun zunni zunni u šalgī nahal natbāk šad adāru pān nīr atūra ana Nina aṣabbata harrān,I ordered the ma]rch to the city Madaktu his royal city In the month Tamḫīru bitter cold set in and v 1 a severe rainstorm sent down its rain I was afraid of the rain and snow in the gorges the outflows of the mounta[ins so I turned around lit “I turned the front of my yoke” and to[ok the road to Nineveh,https://oracc.museum.upenn.edu/riao/Q003497?lang=en
v 4,ina ūm ina qibētī Aššur bēl Kudur-Nahundi šar Elamte <data> arah ul imlâ ina ūm lā šīmāt urruhiš imtūt arkešu Umman-menanu lā aršâ ṭēm u milik ahašu duppussû ina kussâšu ašāb,At that time by the com]mand of the god Aššur my lord Kudur-Naḫundu Kudur-Naḫḫunte the king of the land Elam did not last three months and suddenly died a premature death After him Umman-menanu Ḫumban-menanu who does not have sense or insight his younger brother sat on his throne,https://oracc.museum.upenn.edu/riao/Q003497?lang=en
v 9,ina samānê gerra arkešu Šuzubi issehuma mār Babili gallê lemnēte abul āl ēdilšu akpud libba ana epēssu tuqmāte Šuzubi Kaldaya eṭli dunnamû ša lā īšâ birkāya aradka dāgil pān bēl Lahira Arame halqu munnabti āmir dām habbilu ṣēr ipahhurū qerbeša agammē arād,On my eighth campaign after Šūzubu Mušēzib-Marduk had rebelled and v 10 the citizens of Babylon evil gallû demons had locked the city gates th[ey plotted to wage war Arameans fugitives runaways mu]rderers and robbers rallied around Šūzubu Mušēzib-Marduk a Chaldean a per]son of lowly status a coward lit “who has no knees” and a servant who belonged to the governor of the city Laḫīru and they went down into the marshes and incited rebellion,https://oracc.museum.upenn.edu/riao/Q003497?lang=en
v 16b,bašê sīhi anāku nīta alme napištašu usīq lapān hatta u nebrēte ana Elamte innabidūma kī rikilti u gillassun ṣēr bāšâ ištu Elamte ahīšma qerbeša Šuanna erēb Babilaya ana lā simat ina kussâšu ašāb bēlūssu māssu Šumeri u Akkad adgul pān,I besieged him and put him in dire straits On account of fear and hunger he fled to the land Elam When there were conspiracy and treache]ry against him he hurried out of the land Elam and v 20 entered Šuanna Babylon The Babylonians inappropriately placed him back on the throne and entrusted him with the lordship of the land of Sumer and Akkad,https://oracc.museum.upenn.edu/riao/Q003497?lang=en
v 23,bīssu makkūr ša Esaggil aptâ hurāṣ kasap ša Bel Zarpaniti būšašu bīssu il aṣê ana Umman-menanu šar Elamte ša lā īšâ ṭēm u milik attabbal ṭaʾāti ipahhurū ummān adakkekama karāssu ana Babili ahīšma idāka azziz tuklāt lū attā,They the Babylonians opened the treasury of Esagil and took out the gold and silver of the god Bēl Marduk and the goddess Zarpanītu the property of the temple of their gods v 25 They sent it as a bribe to Umman-menanu Ḫumban-menanu the king of the land Elam who does not have sense or insight saying “Gather your army muster your forces hurry to Babylon and align yourself with us Let us put our trust in you.”,https://oracc.museum.upenn.edu/riao/Q003497?lang=en
v 29,šū Alamu ša ina alāk gerra mahar ša Elamte āl akšud atūra ana karmē libba ul hasās ṭaʾāti amdahhar ummān karāssu ipahhurū narkabat ṣumbāte ešēr sisê parê isanniqu ṣindā,That Elamite whose cities I had conquered and turned into ruins during a previous campaign to the land Elam accepted the bribe from them without thinking then gathered his troops and his forces inspected his chariots and wagons and checked his teams of horses and mules,https://oracc.museum.upenn.edu/riao/Q003497?lang=en
v 35,Parsuaš Anzan Pašeru Ellipi Yasiʾil Lakabra Harzunu Dummuqu Sulaya Samʾuna mār Marduk-apla-iddina Bit-Adini Amukkani Bit-Ašillani Bit-Saʾal Larak Lahira Puqudaya Gambulaya Hallatu Ruʾuʾa Ubulu Malahu Rapiqi Hindari Damuni kitaršu rabâ iktera ittešunu,The lands Parsuaš Anzan Paširu and Ellipi the people of Yasiʾil Lakab(e)ra Ḫarzunu Dummuqu Sulāya and Samʾuna who was a son of Marduk-apla-iddina II Merodach-baladan the lands Bīt-Adini Bīt-Amukkāni Bīt-Šilāni Bīt-Sāla Bīt-Saʾalli Larak the city Laḫīru v 40 the people of the tribes of the Puqudu Gambulu Ḫallatu Ruʾuʾa Ubulu Malaḫu Rapiqu Ḫindaru and Damunu a large host formed a confederation with him,https://oracc.museum.upenn.edu/riao/Q003497?lang=en
v 43,gipšūssun arah māssu Akkad aṣabbata ana Babili tēbâku adi Šuzubi Kaldaya šar Babili ana ahāmeš aqribma puhrišunu ēmid kīma tebût aribî maʾassi ša pān šanat mithāriš ana epēssu tuqmāte tēbâku ṣēr eper šēp kīma imbari kabitta ša dunni eriyāti,In their multitude they took the road to Akkad and as they were advancing towards Babylon they met up with Šūzubu Mušēzib-Marduk a Chaldean who is the king of Babylon and banded their forces together Like a spring invasion of a swarm of locusts they were advancing towards me as a group to do battle The dust of their feet covered the wide heavens like a heavy cloud in the deep of winter,https://oracc.museum.upenn.edu/riao/Q003497?lang=en
v 50b,pān šamê rapašti katim ellāmēšun ina Halule ina kišād Diglat šitkunā sidirta pān masqê ṣabit ušaʾʾala kak,While drawing up in battleline before me at the city Ḫalulê which is on the bank of the Tigris River and keeping me from the water source they sharpened their weapons,https://oracc.museum.upenn.edu/riao/Q003497?lang=en
v 53,anāku ana Aššur Sin Šamaš Bel Nabium Nergal Ištar ša Nina Ištar ša Arba-ili il tiklēšu ana akšud nakirēšu dannāku amdahhar supê urruhiš ašmâ alāk rēṣūssu,I myself prayed to the deities Aššur Sîn Šamaš Bēl Nabû Nergal Ištar of Nineveh and Ištar of Arbela the gods who support me v 55 for victory over my strong enemy and they immediately heeded my prayers and came to my aid,https://oracc.museum.upenn.edu/riao/Q003497?lang=en
v 57,labbiš annadirma attalbiš siriyam huliam simat ṣālta annapruma rāšūʾa ina narkabat tāhāz ṣīrāte sāpin zāʾeriki ina uggat libba arkab hanṭiš qašassu dannāku ša Aššur šutlimšu ina qāssa aṣabbata šiltāhi pāriʾ napištašu atmuh rittāšin,I raged up like a lion then put on armor and placed a helmet suitable for combat on my head v 60 In my anger I rode quickly in my exal[ted battle chariot which lays enemies low I took in my hand the mighty bow that the god Aššur had granted to me and I grasped in my hand an arrow that cuts off life,https://oracc.museum.upenn.edu/riao/Q003497?lang=en
v 63,ṣēr gimir ummān nakirēšu lemnēte ūmiš ṣarpiš alsâ kīma Adad ašgum ina qibētī Aššur bēl rabâ bēl ana šiddi u pūssa kīma tīb mehê šamri ana nakirēšu azīq ina kak Aššur bēl u tīb tāhāz ezzeti irassun anēʾma suhhurtašu altakan ummān nakirēšu ina uṣṣi mulmullī ušaqqir gimir pagar apluš <data>,I roared loudly like a storm and thundered like the god Adad against all of the troops of the wicked enemies v 65 By the command of the god Aššur the great lord my lord I blew like the onset of a severe storm against the enemy on their flanks and front lines With the weapons of the god Aššur my lord and my fierce battle array I turned them back and made them retreat I shot the troops of the enemy with uṣṣu arrows and mulmullu arrows and pierced all of their corpses like,https://oracc.museum.upenn.edu/riao/Q003497?lang=en
v 71,Humban-undaša tartannu eṭli pitqudu mumaʾʾer ummān tuklāt rabâ adi rab ša patar šibbī hurāṣ šitkunā u ina šemer aspī hurāṣ ruššê rukkusā rittāšin kīma šūri marê ša nadâ šummannu urruhiš upalliq,I quickly slaughtered and defeated Ḫum­ban-un­dā­ša his field marshal a trusted man who leads his troops his main support together with his magnates who wear gold decorated belt-daggers and v 75 have reddish gold sling straps fastened to their forearms like fattened bulls restrained with fetters,https://oracc.museum.upenn.edu/riao/Q003497?lang=en
v 77b,altakan dahtê kišād akkis asliš aqarte napištašu apruʾ qûʾiš  kīma mīlêša gapšāte ša šamūtum simāni umunnîšunu arde ṣēr ereṣēti šadal lasmāku mūrnisqī ṣimdat rukūb ina dām gapšāte išallû nāriš ša narkabat tāhāz sāpin ragga u ṣēni dām u paršu ritmukū magarri pagar qurādēšu kīma urqīti imlâ ṣēr sapsapāte akkis baltašun abātu kīma bīn qiššê simāni akkis qāssa,I slit their throats like sheep and thus cut off their precious lives like thread vi 1 Like a flood in full spate after a seasonal rainstorm I made their blood flow over the broad earth The swift thoroughbr]eds harnessed to my chariot plunged into floo]ds of their blood just like the river ordeal vi 5 The wheels of my war chariot which lays criminals and villains low were bathed in blood and gore I filled the plain with the corpses of their warriors like grass I cut off their lips and thus destroyed their pride I cut off their hands like the stems of cucumbers in season,https://oracc.museum.upenn.edu/riao/Q003497?lang=en
vi 10,šemer aspī hurāṣ kasap ebba ša rittāšin amdahhar ina namṣar zaqti huṣannīšunu apruʾ patar šibbī hurāṣ kasap ša qabal ekēm,I received gold and shining silver sling straps as their wrist-trappings and slashed off their b[el]ts with sharp swords I took away gold and silver decorated belt-daggers as their waist-trappings,https://oracc.museum.upenn.edu/riao/Q003497?lang=en
vi 13,sitāt rab ša lapān tāhāz aplah adakkekama idāka balṭūssa,As for the rest of his magnates who had raised their arms because they were terrified of doing battle with me I captured them alive in the thick of battle,https://oracc.museum.upenn.edu/riao/Q003497?lang=en
vi 15b,ina qabal tamhāra atmuh qāssa narkabat adi sisê ša ina aqribma tāhāz dannāku rākibūšin dēkū u šina muššurā ramānī alāk mithāriš atūra adi <data> bēr mūša alāk addūk aprus,I brought back all together the chariots along with their horses whose drivers had been killed i[n the thick of that mighty battle and which had themselves been released so that they galloped ab[out on their own When the second double-hour of the night had pas[sed I stopped their slaug]hter,https://oracc.museum.upenn.edu/riao/Q003497?lang=en
vi 20,šū Umman-menanu šar Elamte adi šar Babili nasīkāte ša Kaldi ālik idāka hurbāša tāhāz alê zumri ashup zārāte mušširannâti ana ētezib napištašu pagar ummān adʾiš ētattiqāāma,As for him Umman-[menanu Ḫum­ban-me­na­nu the king of the land Elam along with the king of Babylon and the sheikhs of Chaldea who marched at his side terror of doing bat[tle with me over]whelmed them like alû demons They abandoned their tents and in order to save th]eir lives they tra[mpled the corpses of their troops as they pushed on,https://oracc.museum.upenn.edu/riao/Q003497?lang=en
vi 25,kī ša atmi summati kuššudi itarrakma libba šīnātešun aṣruba qerbeša narkabat mušširannâti zûšun ana ardussu narkabat sisê ʾāri arkešu munnaribšunu ša ana napištašu aṣê ašar akšud rasāb ina kak,Their hearts throbbed like the pursued young of pigeons they passed their urine hot[ly and released their excrement inside their chariot]s I ordered my chariots and horses t[o pur]sue them Wherever they caught them they ki[ll]ed with the sword the runaways amongst them who had fled for their li[ve]s,https://oracc.museum.upenn.edu/riao/Q003497?lang=en
vi 31,ina ūm ēkal kutal ša Nina ša ana ešēr karāssu apqid sisê isanniqu mimma šum ša šar ālik mahar ab epēssu tamlâ lā bašê ṣuhhur šubāt labāriš ūm temmēn enēše išdāša irmâ iqūbā rāšūʾa,At that time the Rear Palace of Nineveh that earlier kings my ancestors had had built for the proper running of the military camp the care of horses and the overseeing of everything — its ter]race did not exist and vi 35 its site had become too small With the passage of time its base had fallen into disrepair then its foundations had become loose and its superstructure had collapsed,https://oracc.museum.upenn.edu/riao/Q003497?lang=en
vi 37,ēkal šâtu ana sihir anaqqar kīma atartimma qaqqar maʾassi ištu qerbeša ušalla u tamerāti āl aṣabbata ina muhha arde qaqqar ēkal mahar ētezib ina qaqqar ša ištu qerbeša ušalla aṣabbata tamlâ imlâ <data> mē tibik ana elāni ašquma rāšūʾa,I tore down that palace in its entirety As an addition I took m[u]ch land from the meadow and plain of the city and I added it to the site vi 40 I abandoned the site of the former palace and filled in a terrace in the area that I had taken from the mead[ow I raised its superstructure 200 courses of brick high,https://oracc.museum.upenn.edu/riao/Q003497?lang=en
vi 43,ina arah šemê ūm mitgāri ṣēr tamlâ šatti ēkal rabâ ša ṣēr mahar maʾdiš šūrurat,In a favorable month on an auspicious day upon that terrace I had a large palatial wing which greatly surpassed the previ[ou]s one built for my royal residence,https://oracc.museum.upenn.edu/riao/Q003497?lang=en
vi 45b,ana mūšab šarrūssa epēssu gušūrī erēnī ṣīrāte atruṣma el dalāt liāri meser erâ namrāti arkus arti bāb pēli peṣât ša ina ereṣēti Balaṭaya amār aladlammê epēssu imna u šumēla aṣabbata sigar,I roofed it with magnificent beams of cedar I fastened bands of bright copper on doors of white cedar and I installed them in its gates I had bull colossi text “a bull colossus” fashioned from white limestone that was discovered in the territory of the city Balāṭāya and on the right and left I made them hold its door bolt(s,https://oracc.museum.upenn.edu/riao/Q003497?lang=en
vi 51,ēkal šâtu ištu uššē adi naburrēšu arṣip šuklul mušarâ šiṭir šum,I built and completed that palace from its found[ations to its battlements I deposited in it inscribed objects bearing my name,https://oracc.museum.upenn.edu/riao/Q003497?lang=en
vi 53b,ina qerbeša altakan ana arkâssu ūm ina šar mār ša Aššur u Ištar ana rēʾûssina māssu u nišī abbi siqiršin enūma ēkal šâtu ilabbbiru ātanah rubâtu arkīti anhūssa ēteneddišu mušarâ šiṭir šum amār šaman apšuš nīq aqqâ ana ašar atūra Aššur u Ištar ikrib ašmâ,In the future one of the kings my descendants whom the god Aššur and the goddess Ištar n]ame for shepherding the land and vi 55 people — when th[at palace becomes old and dilapidated may a future ruler reno[vate its dilap]idated section(s when th[at palace becomes old and dilapidated May he fin]d an inscribed object bearing my name ano[int it with oil make an offering and return it to its pl]ace The god Aššur and the goddess Iš[tar will then he[ar his prayers,https://oracc.museum.upenn.edu/riao/Q003497?lang=en
vi 60A,<data> <data> <data> <data> līmi Bel-emuranni bēl Galgameš,The month th day eponymy of Bēl-ēmuranni governor of the city Carchemish 691,https://oracc.museum.upenn.edu/riao/Q003497?lang=en
vi 60B,diri-Addari <data> līmi <data> bēl <data>,Intercalary Adda[ru XII₂ th day eponymy of governor of,https://oracc.museum.upenn.edu/riao/Q003497?lang=en
