﻿line,akkadian,english,source
i' 1',<data> <data> <data> hursānī bērūte ša nēreb ašṭu lā mīna aptâ amār durugšu ṭūdāt lā ʾāri pašqat ša ašar šugluddi ētattiqāāma ebēr,who opened up innumerable distant mountainous areas whose pass(es are difficult and visited their remotest region(s who traversed inaccessible diffic]ult paths in terrifying location(s and cross]ed every swamp,https://oracc.museum.upenn.edu/riao/Q006586?lang=en
i' 5'b,nagab berâti ištu Raše miṣir Elamte Puqudaya Damuni Dur-Galzi Rapiqi madbar kalāma adi nahal Muṣri šad Amurre rapašti Hatti ana sihir abēl ištu Hašmar adi Ṣibar patti Madaya rūqāti ša ṣīssun šamaš Namri Ellipi Bit-Hamban Parsua Mannaya Urarṭa Kasku Tabal adi Muski akšud rabâ qāssa šūt rāšūʾa šakin el altakan bilassun maddatta kī ša Aššur ēmid,who ruled from the land Rāši on the border of the land El]am the Puqudu and Damūnu tribes the cities Dūr-Kurigalzu and Rāp]iqu the entire desert as far as the Brook of Egypt the wid]e land Amurru and the land Ḫatti Syria in its entirety who]se grea]t hand conquered the area from the land Ḫaš]mar to the land Ṣibar — which borders on the distant Medes in the ea]st — i´ 10´ the lands Namri Ellipi Bīt-Ḫamban Parsua(š Mann]ea Urarṭu Kasku and Tabal as far as the land Musku who se]t eunuchs of his as governors over them and imposed upon th]em the same tribute and payment(s as if they were Assyrians,https://oracc.museum.upenn.edu/riao/Q006586?lang=en
i' 14',eṭli qardi ša ina rebâte Deri ittešunu Humbaigaš šar Elamte amār altakan dahtê <data> munessi Bit-Puritiš ša Ambaris malik dameqtašu srgn amšima el šar Urarṭa u Muski atkal idāka paglāte ṭārid Mita šar Muski mutēr halṣānišu Que ekmūte murappiš puluggēšu,the valiant man who m]et Ḫumbanigaš Ḫumban-nikaš I king of the land Elam in battle on the outskirts of the city Dēr and brought about his defeat who deported the people of the land Bīt-Purutaš who]se king Ambari]s had forgotten the kindness shown to him by Sargon and put his trust in the king(s of the lands Urarṭu and Musku the one with powerful arms who drove out Mitâ Midas king of the land M]usku brought back to Assyrian control the fortress(es of the land Que Cilicia that had been taken away by the enemy and expanded its bord]ers,https://oracc.museum.upenn.edu/riao/Q006586?lang=en
i' 19',nabiʾ Kammani ša Gunzinanu ištu qerbeša Melid āl šarrūssa assuh <data> <data> munakkir šarrūssa Tarhu-lara Marqasaya ša patti gimir Gurgume ana miṣir māssu Aššur atūra <data> Iadna Asdudaya <data> <data> <data> mušakniš <data> šar ša Yaʾ nagê ša Adnana ša mālak <data> ūm,who plundered the land Kammanu deported Gunzinānu from the city Melid his Gunzinānu’s royal city and who did away with the kingship of Tarḫu-lara of the city Marqasa and made all of the land Gurgum part of the territory of Assyria Iāmānī of the city Ash]dod who subjugated seven kings of the land Yāʾ — a region of the land Yadnana Cyprus — whose abode is situated at a di]stance of seven days journey in the middle of the sea,https://oracc.museum.upenn.edu/riao/Q006586?lang=en
i' 25'b,ina qabal tâmāti šitkunā šubāt nabiʾ Galgameš Hatte lemnēte ša Pisiri dāgil pān dābib ṣalipte akšud rabâ qāssa <data> <data>,who plundered the land Carchemish of the evil Ḫitti]te king and who]se great hand conquered Pisīri(s their subject who always spoke treachery,https://oracc.museum.upenn.edu/riao/Q006586?lang=en
ii' 1,<data> mē narkabat šadissu mē pēthal gabābī azmarānê ina libba akṣur ina muhha kiṣir šarrūssa arde šadissu līm <data> mē Aššur bēl hīṭātišu gillassun amēsma rēma aršâ ina qerbeša Amate ašāb bilassun maddatta ezabbilū kudurri alāk harrān kī ša šar ab ana Irhulena Amataya ēmid ēmid,"I conscripted from among them 200 chariots 600 cavalry and shield and spear bearers and I added them to my royal military contingent I disregarded the crime(s of ii´ 5 6,300 guilty Assyrians had pity upon them and settled them in the land Hamath I imposed on them the same tribute payment(s labor duty and ii´ 10 military service as the kings my ancestors had imposed on Irḫulena of the land Hamath",https://oracc.museum.upenn.edu/riao/Q006586?lang=en
ii' 13,rubâtu arkīti epissun Aššur dameqtašu attaʾʾid ahrâtaš pulhāte alammad arkīti,May every future ruler praise the good deeds of the god Aššur and have people in the future learn to revere him the god Aššur,https://oracc.museum.upenn.edu/riao/Q006586?lang=en
ii' 17,nišī Hatti u Aramu āšib Agussi u Unqi ana patti gimir <data> <data> <data> <data> <data> <data> <data> <data> <data>,The people of the lands Ḫatti and Aram who dwell in the lands Bīt-Agūsi and Unqi to their full extent,https://oracc.museum.upenn.edu/riao/Q006586?lang=en
