﻿line,akkadian,english,source
i' 1,<data> <data> <data> <data> <data>  <data> <data> <data>,Not sufficiently preserved to allow translation,https://oracc.museum.upenn.edu/riao/Q006564?lang=en
ii' 1,pulhī melammē ša Aššur Nabium Marduk bēl ashup qāssa u šēp birâti parzilla addâ ana qerbeša māssu Aššur adi mahar attabbal kamêš āl šâšun ana eššūte aṣabbata nišī māssu kišitte qāssa ša qerbeša šad ṣīssun šamaš ina libba ašāb šūt rāšūʾa bēl el altakan nīr bēlūssu ēmid,Fear of the brilliance of the gods Aššur Nabû and Marduk my lords overwhelmed him the king of Meluḫḫa and he put iron fetters on his Iāmānī’s hands and feet ii´ 5 He then had him brought in bondage to Assyria into my presence I reorganized the administration of those cities I settled there people from the lands in the eastern mountains that I had conquered ii´ 10 I set a eunuch of mine as provincial governor over them and imposed the yoke of my lordship upon them,https://oracc.museum.upenn.edu/riao/Q006564?lang=en
ii' 12,Marduk-apla-iddina šar Kaldi ša kī lā libba il ana ereṣēti māssu Šumeri u Akkad arād šarrūssa Babili pān atūra,Marduk-apla-iddina II Merodach-Baladan king of Chaldea who against the will of the gods had c[ome down to the territory of the land of Sumer and Ak]kad and had appropriated for himself the kingship of Ba[bylon,https://oracc.museum.upenn.edu/riao/Q006564?lang=en
iii' 1,<data> mē <data> bilassun <data> manê <data> šiqil hurāṣ huššû <data> līm <data> mē <data> bilassun <data> manê kasap ebba erâ parzilla ṣurri uqnê pappardilê <data> ašgigî UGU.AŠ.GI₃.GI₃ <data> muššārī ana muʾuddê takilte argamanni lubulti birmē u kitê taskarinni erēnī šurmēni kal riqqī bibil Hamana ša erēssi ṭāba ana Marduk Zarpaniti Nabium Tašmeta u il āšib māhāz māssu Šumeri u Akkad ištu rāšūʾa šarrūssa <data> <data> <data> <data> <data> aqīssu qīšāssu,"With regard to 154 talents 26 minas and 10 shekels of red gold 1,604 talen[ts and 20 minas of pure silver copper iron obsidian lapis-lazuli banded agate blue turquoise green turquoise iii´ 5 and muššaru stone in large quantities blue-purple wool red-purple wool garments with multi-colored trim and linen garments boxwood cedar cypress and every kind of aromatic the products of Mount Amanus whose scent(s are pleasant — from the beginning of my reign until my third year I presented these things as gifts iii´ 10 to the deities Marduk Zarp[anītu Nabû Tašmētu and the other gods who dwe[ll in the cult centers of the land of Sumer and Akkad",https://oracc.museum.upenn.edu/riao/Q006564?lang=en
