﻿line,akkadian,english,source
1,Adad-narari rubā ella simat il etel šakkanak il mukīn māhāz nēʾir dapānu ummān Kašši Guti Lullu u Šubari muddip kullat nakirē eliš u šapliš dāʾiš māssu išdu Lubda u Rapiqi adi Eluhat kāšid Taida Šura Kahat Amasaka Hurra Šuduha Nabula <data> u Irrida sihir Kašari adi Eluhat halṣa Suda halṣa Harran adi Galgameš ša ah Purate ṣābit kiššat nišē murappiš miṣir u kudur šar ša naphar malik u rubā Ana Aššur Šamaš Adad u Ištar ana šēp iknuša,Adad-nārārī I holy ruler pride of the gods lord appointee of the gods founder of cult centers defeater of the heroic — the arm(ies of the Kassites Gutians Lullumê and Šubareans — scatterer of all of his enemies above and below trampler of their lands from the city Lubdu and the land Rapiqu to the land Eluḫat conqueror of the cities Taidu Šūru Kaḫat Amasaku Ḫurra Šuduḫu Nabulu Waššukanni Uššukani and Irridu the entirety of Mount Kāšiāru as far as the city Eluḫat the fortress of the city Sūdu the fortress of the city Ḫarrān as far as the city Carchemish which is on the banks of the Euphrates River capturer of all of the people extender of borders and boundaries the king at whose feet the deities Anu Aššur Šamaš Adad and Ištar made all of the kings and rulers bow down exalted priest of the god Enlil,https://oracc.museum.upenn.edu/riao/Q005738
18,šangê ṣīra ša Enlil mār Arik-den-ili šakan Enlil iššakki Aššur kāšid Turukki u Nigimhi adi paʾaṭ gimer gimer malik šad u hursānī paʾaṭ Gute rapalti kāšid Katmuhi u nagab raʾiṣīšu gunni Ahlam-Akkadi Sute Yaʾuri u māssu murappiš miṣir u kudur,son of Arik-dīn-ili appointee of the god Enlil vice-regent of the god Aššur conqueror of the Turukkû and the land Nigimḫi to its full extent as well as all of the rulers of the mountains and mountainous regions of the wide border of the land Qutû conqueror of the land Katmuḫi and all of its allies the hordes of Aḫlamû Suteans and Yaʾuri and their lands extender of borders and boundaries,https://oracc.museum.upenn.edu/riao/Q005738
25,mār mār ša Enlil-narari iššakki Aššur ša ummān Kašši anār u nagab zāʾeriki qāssa akšud,grandson of Enlil-nārārī who was also vice-regent of the god Aššur the one who killed the army of the Kassites and defeated all of of his enemies extender of borders and boundaries,https://oracc.museum.upenn.edu/riao/Q005738
27,murappiš miṣir u kudur lēplepi ša Aššur-uballiṭ šar daʾʾat ša šangûssu in Ekur rašbam šūrurat u šulme šarrūssa ana rūqāte kīma šad ikūn mušakniš Muṣri musappih ellassu Šubare rapalti murappiš miṣir u kudur,and offspring of Aššur-uballiṭ I the strong king whose priesthood was outstanding in awesome Ekur and the well-being of his kingship was established as far away as the mountains subduer of the land Muṣri disperser of the hordes of the wide land Šubarû extender of borders and boundaries,https://oracc.museum.upenn.edu/riao/Q005738
