﻿line,akkadian,english,source
29,enūma dūr Alu-eššu rab ša mūlâ ša pān ṣēr ša išdu dūr rab ša Libbi-ali ana sihir Alu-eššu adi nār ša Puzur-Aššur ab šar ālik pān in pān epāš dūr šâte Aššur-bel-nišešu ab attalbiš atūra ānah Eriba-Adad iššakki Aššur ab šar ālik pān adi abul u asaʾīte ašar akser ašar attalbiš dūr maqta išdu ussīšu adi gabadibbēša epāš,At that time as for the great wall of the New City which was built on a mound facing the open country which stretches from the great wall of the Inner City by the entirety of the New City as far as the Tigris River and which Puzur-Aššur III my ancestor a king who came before me had previously built Aššur-bēl-nišēšu who was also my ancestor applied a façade to that wall but it again became dilapidated and Erība-Adad I the vice-regent of the god Aššur who was also my ancestor a king who came before me applied a facing and façade in different places and then he built it from its foundations to its crenellations that wall had become dilapidated and was in ruin,https://oracc.museum.upenn.edu/riao/Q005750?lang=en
39b,dūr šū ānah ihdabit Adad-narari iššakki Aššur anhūssa ēteneddišu anša akser maqta išdu ussīšu adi gabadibbēša epāš <data> libittašin in nalbanāt rab ikbirū u narâ altakan narâ ša ab issišunu narâ altakan,I Adad-nā[rārī the vice-regent of the god Aššur renovated its dilapidated section(s and repaired its weakened portion(s I built th(at ruined wall fr[om its foundations to its crenellations I made it the thickness of fourteen bricks using my large brick mold Moreover I deposited my commemorative inscriptions therein I also deposited commemorative inscriptions of my ancestors with my commemorative inscriptions inside it,https://oracc.museum.upenn.edu/riao/Q005750?lang=en
44,ana arkâssu ūm rubā arkīti enūma dūr šū ilabbbiru ānah anhūssa ēteneddišu šum šaṭir narâ u tammēnīya ana ašar atūra Aššur ikrib ašmâ,In the future may a future ruler when that wall becomes old and dilapidated dilapidated section(s and return my inscribed name my commemorative inscriptions and my foundation inscriptions to their places The god Aššur will then listen to his prayers,https://oracc.museum.upenn.edu/riao/Q005750?lang=en
75,<data> <data> līmi Itti-ili-ašmašu,Month … th day eponymy of Itti-ili-ašamšu,https://oracc.museum.upenn.edu/riao/Q005750?lang=en
