﻿line,akkadian,english,source
1,ana Ninurta gaširti dandan ṣīri ašarēd il qardi šarhā gitmālāti ša in tāhāssu lā altanan tēbu āšib Kalha,For the god Ninurta the strong and almighty one the exalted one the foremost one among the gods the splendid and perfect warrior whose attack in battle is unequalled the who resides in the city Kalḫu the great lord my lord,https://oracc.museum.upenn.edu/riao/Q004624?lang=en
6b,bēl rab bēl Salmanu-ašared iššakki Aššur mār Aššur-naṣir-apli iššakki Aššur,Shalmaneser III vice-regent of the god Aššur son of Ashurnasir]pal II vice-regent of the god Aššur son of Tukul[tī-Ninurta II who was also vice-regent of the god Aššur,https://oracc.museum.upenn.edu/riao/Q004624?lang=en
8b,mār Tukulti-Ninurta <data> <data> <data> <data> <data> <data> <data> <data> <data> <data> <data> <data>,No translation possible,https://oracc.museum.upenn.edu/riao/Q004624?lang=en
r 1,dabdâ altakan narkabat pēthal ekēm in tayyarat ana šad Hamana elê <data> <data> <data> <data> <data> <data> <data> <data> <data> <data> <data> x <data> <data> <data>,I brought about their defeat and deprived them of their chariots and cavalry Upon my return march I ascended Mount Amanus,https://oracc.museum.upenn.edu/riao/Q004624?lang=en
