﻿line,akkadian,english,source
1,<data> Aššur bēl rabâ šar kiššat Igigi <data> <data> <data> <data> <data> <data> <data> <data> <data> <data> Marduk bēl gamri ēpir kiššat nišī muballiṭ Nabium mār gitmālī <data> <data> <data> <data> <data> <data> <data> māssu <data> Sin etel šamê u ereṣēti Šamaš dikuggal šamê u ereṣēti Ištar mušakṣirat anunti x <data> ālik mahar il ša ašar <data> <data> <data> <data> <data> <data> <data> <data> <data> <data> <data> <data> <data> <data> <data> altakan lētu <data> <data>,The god Aššur the great lord king of a[ll the Igīgū gods and Anunnakū gods the god Mardu]k lord of all who provides all people with food and revives the dying the god Nabû perfect heir lands 5 the god S]în lord of heaven and netherworld the god Šamaš great judge of heaven and netherworld the goddess Iš]tar who makes men ready for battle the Sebetti who go before the gods stand at the side of the king their favorite in the place of battle and bring about his victory,https://oracc.museum.upenn.edu/riao/Q006597?lang=en
9,il rabâ muttabbil šamê u ereṣēti ša tīb <data> <data> <data> tuqmāte u šašme <data> nāš ēna nābû šum šar ša ina epēssu pâ ella māssu <data> <data> <data> <data> <data> el māssu altakan arbâ <data> <data>,Great gods managers of heaven and nether­wo]rld whose attack means con]flict and st]rife who appoint rulers lit “raise the eyes” and name king s and by who]se holy command they pla[ce one land over another land and make its ruler greater than other rulers,https://oracc.museum.upenn.edu/riao/Q006597?lang=en
11,srgn šar rabâ šar dannāku šar kiššat šar māssu Aššur šakkanak Babili šar māssu Šumeri u Akkad migir il rabâ <data> uršāni gitmālī zikar <data> <data> <data> rubâtu naʾdu eṭli tabrât <data> <data> <data> rēʾi <data> <data> <data> <data> <data> <data> <data> <data> <data>,Sargon II great king strong king king of the world king of Assyria governor of Babylon king of the land of Sumer and Ak]kad favorite of the great gods perfect hero man pious prince admirable man shepherd,https://oracc.museum.upenn.edu/riao/Q006597?lang=en
13,Aššur Nabium Marduk il tiklēšu šarrūssa lā išnunūšuma šutlimšu siqiršin šum damiqtim aṣê <data> <data> rēšēt <data> <data> <data> ,The gods Aššur Nabû and Marduk the gods my helpers granted me a reign without equal and exalted my good reputation to the heights,https://oracc.museum.upenn.edu/riao/Q006597?lang=en
14,ša Sippar Nippur Babili zāninūssun epēssu ša ṣāb kidin mal bāšâ <data> hibiltašina arībma <data> <data> zakûssunu Baltil baṭilta ana ašar atūra Harran ana ūm <data> <data> <data> bāb <data> <data> tenēšet <data> <data> <data> azqup kidin <data>,I co[ntinually ac]ted as pro]vi[der for the cities Sippar Ni[ppur and Babylon and I made restitution for the wrongful damage suffered by the people of privileged status as many as there were of them I re[sto]red the exemption from obligations of the city Bal[til Aššur that had been l]apsed With regard to the city Ḫarrān for future days I set up a kidinnu-symbol indicating their privileged status in the gat[e of the pe]ople,https://oracc.museum.upenn.edu/riao/Q006597?lang=en
16,uparrir ellat Humbaigaš <data> Alamu abātu Karalla Šurda Ki-x-x Harhar Madaya Ellipi <data> ušahrabu Urarṭa ašallal <data> <data> Muṣaṣir Mannaya ašgiš Andia Zikirte <data> <data> gimir dadmē ašāb <data> <data> <data> <data> anār malik Amate Galgameš Kummuha Kammani el māssu <data> <data> <data> <data> <data> <data> altakan šakin <data> <data> <data>,I dispersed the forces of Ḫumbanigaš Ḫumban-nikaš I the Elamite I destroyed the land K[aral]la the land Šurda the city Ki[šes]im the city Ḫarḫar the land Me]dia and the land Ellipi I laid waste to the land Urarṭu plundered the city Muṣaṣi]r and the land Mannea slaughtered the lands Andia and Zikirtu and allowed a]ll th]eir settlements to dwell I struck down the rulers of the land Hamath the city Carche[mish the city Kummu]ḫu and the land Kammanu over their lands I se[t officials,https://oracc.museum.upenn.edu/riao/Q006597?lang=en
19,ašallal Asdudi Iadna šar kak adāru ētezib āl ana patti Emeluhha innabidūma šarrāqiš ašāb <data> <data> <data> Šapatakuʾ šar Emeluhha danān Aššur Nabium Marduk ša el kullat māssu altakan <data> ašmâ <data> <data> <data> <data> <data> <data> illurtu u ṣiṣṣī atmuh <data> <data> <data> <data> <data> <data> <data> <data> <data> <data> <data> <data> <data> <data> <data> <data> adi mahar attabbal kamêš <data> <data>,I plundered the city Ashdod Iāmānī its king took fright at my weapon]s and abandoned his city He fled to the border of the land Meluḫḫa and lived there stealthfully lit “like a thief” Šapatakuʾ Shebitko king of the land Meluḫḫa heard of the mig[ht of the gods Aššur Nabû and Marduk that I had esta[blished over all lands He put Iāmānī in handcuffs and manacles he had him brou]ght in bondage in]to my presence,https://oracc.museum.upenn.edu/riao/Q006597?lang=en
22,gimir Tabal Kasku Hilakki <data> <data> <data> <data> <data> <data> <data> ša Mita šar Muski dadmē iṣhir māssu <data> <data> ina Rapihi pān ummān <data> <data> <data> <data> <data> šar Hazite ša ana nīr lā iknuša šallatiš amna <data> <data> <data> iknuša <data> šar ša Yaʾ nagê ša Adnana ša mālak <data> <data> <data> ina qabal tâmāti ereb šamaš šitkunā šubāt <data> <data>,I deported the people of all the lands Tabal Kasku and Ḫilakku I took away settlements belonging to Mitâ Midas king of the land Musku and reduced the size of his land At the city Raphia I defeated the vanguard of the army of Egypt and counted as booty the king of the city Gaza who had not submitted to my yo]ke I subjugated seven kings of the land Yāʾ a region of the l[and Yadnana Cyprus — whose abode is situated at a distance of in the mid]dle of the Western Sea,https://oracc.museum.upenn.edu/riao/Q006597?lang=en
25,u Marduk-apla-iddina šar Kaldi āšib kišād marrat ša kī lā libba il šarrūssa Babili epēssu akšud rabâ qāssa <data> <data> u gimir Bit-Yakin <data> <data> <data> <data> <data> <data> <data> <data> ana <data> <data> <data> <data> <data> <data> <data> <data> <data> <data> <data> <data> <data> <data> <data> <data> <data>,Moreover My great hand defeated Marduk-apla-iddina II Merodach-Baladan king of Chaldea who dwelt on the shore of the sea and who ex[erc]ised kingship over Babylon against the wil[l of the gods Moreover all the land Bīt-Yakīn,https://oracc.museum.upenn.edu/riao/Q006597?lang=en
27,Ahundara šar Dilmun ša mālak <data> <data> <data> bēr <data> <data> <data> <data> <data> <data> <data> <data> <data> <data> <data> narbāṣu danān bēlūssu ašmâ aššânni tāmartašu ,Aḫundāra Ḫundāru king of Dilmun who(se lair is situated at a distance of leagues in the middle of the sea like that of a fish heard of my lord]ly mig[ht and brought me his aud[ience gift,https://oracc.museum.upenn.edu/riao/Q006597?lang=en
28,ina lētu u danān ša il rabâ bēl ša kak itbâ rasāb nagab <data> <data> gārê <data> ištu Adnana ša qabal tâmāti išlimma šamaš adi patti Muṣri u Muski māssu Amurre rapašti Hatti <data> naphar Gute Madaya rūqāti <data> <data> <data> <data> <data> <data> <data> <data> Ellipi Raše ina itâka Elamte <data> ša ah Diglat Ituʾu Rubuʾu Hatalli Labdudu Hamaranaya Ubulu Ruʾuʾa Liʾtaʾa ša ah Surappi Uqne Gambulaya Hindari Puqudaya Sute ṣāb ṣēr ša Dibirina mal bāšâ ištu Samʾuna adi Bube Til-Humba <data> <data> <data> <data> <data> <data> <data> ša miṣir Elamte <data> Karduniaš eliš u šapliš Amukkani Bit-Dakkuri <data> <data> <data> <data> <data> Bit-Ašillani Bit-Saʾal <data> sihir Kaldi mal bāšâ Bit-Yakin ša kišād marrat <data> adi patti <data> Dilmun <data> mithāriš lū abēl šūt rāšūʾa <data> bēl el altakan nīr bēlūssu <data> ēmid <data>,With the power and might granted me by the great gods my lords who mobilized up my weapons I cut down al[l my fo]es I ruled all together from the land Yadnana Cyprus which is in the middle of the Western Sea as far as the border(s of Egyp]t and the land M]usk[u the wide land Amurru the land Ḫ[atti Syria in its entirety 30 all of the land Gutium the distant Medes who live on the border of Mount Bikni the land El]lipi and the land Rāši on the border of the land Elam those who live beside the Tigris River — the Ituʾu Ru[buʾu Ḫatal]lu Labdudu Ḫamrānu Ubulu Ruʾ]uʾa and Li[ʾtaʾu tribes — those who live beside the Surappu and the Uqnû Rivers — the Gam[bulu Ḫindaru and Puqudu tribes — the Sutians people of the steppe of the land Yadburu as many as there are from the city Samʾūna as far as the cities Bubê and Tīl-Ḫumba which are on the border of Elam Karduniaš Babylonia from one end to the other lit “above and below” the lands Bīt-Amukkāni Bīt-Dakkūri Bīt-Šilāni and Bīt-Saʾalli 35 all of Chaldea as much as there is of it and the land Bīt-Ya[k]īn which is on the shore of the sea as far as the border of Dilmun I s[e]t eunuchs of mine as provincial governors over them and I imposed the yoke of my lordship upon them,https://oracc.museum.upenn.edu/riao/Q006597?lang=en
37,ina ūm tenēšet Karalla šar <data> <data> <data> ša ana išâṭ serdê lā kanše lā idû aplah bēlūssu <data> el hursānī zaqri atkal <data> <data> <data> <data> šūt rāšūʾa māssu <data> <data> <data> <data> <data> gimir NARbitum itbâ <data> <data> <data> <data> <data> altakan akṣur tāhāz <data> <data> <data> <data> <data> <data> labbiš iššegûma rasāb <data> nišī māssu <data> <data> sisê parê imērī alap <data> <data> <data> <data> <data> mahar ramānī atūra <data> <data> <data> <data> <data> <data> ṭūdāt māssu ušahrirū <data> <data> <data> <data> <data> alāk gerra kayyān ahbut aprus <data> daraggu <data> rēdē lā ādir tuqmāte ʾāri ṣēr <data> <data> <data> <data> <data> <data> mušširannâti ana šahāt māssu marṣāti arâniš <data> <data> <data> <data> <data> <data> <data> <data> altakan <data> <data> <data> <data> <data> <data> muqtablī kī <data> <data> <data> <data> <data> <data> imlâ qerbeša hursānī <data> sitāt <data> <data> <data> <data> <data> <data> <data> <data> <data> <data> <data> <data> <data> šad <data> <data> <data> <data> <data> <data> <data> <data> amna šallatiš <data>,At that time the people of the land Karalla who had not submitted to pull any ruler’s chariot pole and did not know how to respect any authority put their trust in the high mountains and rose up against a eunuch of mine the governor all the land NARbitu they established and prepared for battle they became enraged like lions and cut down the people of their land 40 Horses mules donkeys and oxen their presence they appropriated for themselves and They made the paths through his land desolate and they were constantly repeatedly robbing caravans while they were en route They blocked the pathways I sen[t my soldiers who were fearless in battle against them Th]ey the enemy abandoned and to the clefts of rugged mountains like eagles their they established They the Assyrian soldiers filled the mountains with the corpse s of their warriors as with The remainder of them mountain and they the Assyrians counted them as booty,https://oracc.museum.upenn.edu/riao/Q006597?lang=en
45,narâ epēssu ṣalam il rabâ <data> <data> <data> <data> <data> <data> <data> <data> <data> <data> <data> <data> musappû ilūssa rabâ mahar azziz <data> <data> <data> lētu Aššur ab <data> il bēl <data> <data> bēl <data> <data> <data> <data> kullat <data> <data> <data> <data> <data> <data> <data> <data> alṭur ṣēr <data> <data>,I had a commemorative monument made and engraved upon it image(s of the great gods my lords I had an image of myself as king stand before them pr]aying to their great divine majesties The victories of the god Aššur father of the gods lord lord all I had inscribed upon it,https://oracc.museum.upenn.edu/riao/Q006597?lang=en
1',<data> il azziz ana šar mār ētezib ṣâtiš <data> <data> ,of the gods I erected and left for future kings my descendants,https://oracc.museum.upenn.edu/riao/Q006597?lang=en
2',<data> <data> <data> <data> <data> <data> <data> ana <data> <data> ašar lā ʾāri <data> <data> <data> <data> <data> <data> <data> <data> <data> <data> <data> <data> <data> <data> <data> <data> <data> <data> <data> <data> <data> <data> <data> <data> <data> <data> <data> <data> <data> <data> <data> <data> <data> <data> <data> <data> <data> <data> <data> <data> amār šaman apšuš <data> <data> <data> <data> <data>,place where one does not go who sees may he anoint it with oil,https://oracc.museum.upenn.edu/riao/Q006597?lang=en
