﻿line,akkadian,english,source
1,Salmani-ašared šakan Enlil iššakki Aššur mār Adad-narari iššakki Aššur mār Arik-den-ili iššakki Aššur,Shalmaneser I appointee of the god Enlil vice-regent of the god Aššur son of Adad-nārārī I vice-regent of the god Aššur son of Arik-dīn-ili who was also vice-regent of the god Aššur,https://oracc.museum.upenn.edu/riao/Q005797?lang=en
5,enūma Abul-libur-šalhi ša ṭēh bēssu ṣalam ša bāb Aššur bēl ša in pān epša ānah anhūssa ikkir anša akser u maqta išdu ussīšu adi gabadibbēša epāš u narâ altakan,At that time as for the Libūr-šalḫī Gate which is adjacent to the shrine of the Gate of the God Aššur my lord and which had been built previously it had become dilapidated and dilapidated section(s I repaired its weakened portion(s and then built its ruined section from its foundations to its crenellations Moreover I deposited my commemorative inscription therein,https://oracc.museum.upenn.edu/riao/Q005797?lang=en
18,rubā arkīti anhūssa ēteneddišu šum šaṭir ana ašar atūra Aššur ikrib ašmâ,May a future ruler restore its the gate’s dilapidated section(s and return my inscribed name to its place The god Aššur will then listen to his prayers,https://oracc.museum.upenn.edu/riao/Q005797?lang=en
24,munakkir šiṭir u šum Aššur bēl šarrūssa askip ana māssu hušahha addâ,As for the one who removes my inscription and my name may the god Aššur my lord overthrow his kingship and afflict his land with want,https://oracc.museum.upenn.edu/riao/Q005797?lang=en
27,Hibur līmi Mušabšiʾu-Sebetti,Ḫibur eponymy of Mušabšiʾu-Sebetti,https://oracc.museum.upenn.edu/riao/Q005797?lang=en
