﻿line,akkadian,english,source
i 1,Sin-ahhe-eriba šar rabâ šar dannāku šar kiššat šar māssu Aššur šar kibrāt erbaʾi rēʾi itpēšu migir il rabâ nāṣir kināti rāʾim mešāri ēpissa ūsāt ālik tappût akê sāhir dameqtašu eṭli gitmālī zikar qardi ašarēd kal malik rappu lāʾiṭ lā māgir mušabriq zāmânī,Sennacherib great king strong king king of the world king of Assyria king of the four quarters of the world capable shepherd favorite of the great gods guardian of truth i 5 who loves justice renders assistance goes to the aid of the weak and strives after good deeds perfect man virile warrior foremost of all rulers the bridle that controls the insubmissive and the one who strikes enemies with lightning,https://oracc.museum.upenn.edu/riao/Q003496?lang=en
i 10,Aššur šad rabâ šarrūssa lā išnunūšuma šutlimšu el gimir āšib parak arbâ kak ištu tâmāti elēnīti ša išlimma šamaš adi tâmāti šaplî ša ṣīssun šamaš gimir ṣalmāt qaqqad iknuša šēp u malik šepṣu adāru tāhāz dadmē ētezib kīma suttinni nigiṣṣi ēdiš ippariš ašar lā ʾāri,The god Aššur the great mountain granted to me unrivalled sovereignty and made my weapons greater than those of all who sit on royal daises i 15 He made all of the black-headed people from the Upper Sea of the Setting Sun to the Lower Sea of the Rising Sun bow down at my feet Thus did recalcitrant rulers come to fear battle with me While they were abandoning their settlements they flew away alone like bats living in crevices to inaccessible place(s,https://oracc.museum.upenn.edu/riao/Q003496?lang=en
i 20,ina mahar gerra ša Marduk-apla-iddina šar Karduniaš adi ummān Elamte rēṣēšu ina tamerāti Kiš altakan dabdâšu ina qabal tamhāra šatti ētezib karāssu ēdiš ipparaššidu napištašu eṭēr narkabat sisê ṣumbāte parê ša ina aqribma tāhāz mušširannâti,On my first campaign I brought about the defeat of Marduk-apla-iddina II Me­ro­dach-ba­la­dan king of Karduniaš Babylonia together with the troops of the land Elam his allies in the plain of Kish In the midst of that battle he abandoned his camp fled alone and thereby saved his life i 25 I seized the chariots horses wagons and mules that he had abandoned in the thick of battle,https://oracc.museum.upenn.edu/riao/Q003496?lang=en
i 27b,akšud qāssa ana ēkal ša qerbeša Babili hadîš erēb aptâ bīssu niṣirtašu hurāṣ kasap anūt hurāṣ kasap aban aqarte mimma šum būšašu makkūr lā nība kabitta bilassun ēkal tīrī manzāssin pān nāri nārāti sihir ummânī mal bāšâ muttabbil ēkal,I joyfully entered his palace which is in Babylon then I opened his treasury and brought out gold silver gold and silver utensils i 30 precious stones all kinds of possessions and property without number a substantial tribute together with his palace women courtiers attendants male singers female singers all of the craftsmen as many as there were and his palace attendants and I counted them as booty,https://oracc.museum.upenn.edu/riao/Q003496?lang=en
i 35b,aṣê šallatiš amna ina emūq Aššur bēl <data> āl dannāku bīssu dūr ša Kaldi u <data> mē <data> āl ṣahri ša libīt alme akšud ašallal šallassin urbī Arame Kaldaya ša qerbeša Uruk Nippur Kiš Hursagkalamma Kute Sippar adi mār āl bēl hīṭātišu aṣê šallatiš amna,With the strength of the god Aššur my lord I surrounded conquered and plundered 75 of his fortified cities fortresses of Chaldea and 420 small(er settlements in their environs I brought out the auxiliary forces of the Arameans and Chaldeans i 40 who were in Uruk Nippur Kish Ḫursagkalamma Cutha and Sippar together with the guilty citizens and I counted them as booty,https://oracc.museum.upenn.edu/riao/Q003496?lang=en
i 43,ina tayyarat Tuʾmuna Rihihu Yadaqqu Ubudi Gibre Malahu Gurume Ubulu Damuni Gambulaya Hindari Ruʾuʾa Puqudaya Hamaranaya Hagaranu Nabatu Liʾtaʾa Arame lā kanše mithāriš akšud <data> mē <data> līm nišī ṣeher rab zikar u sinniš sisê parê imērī gammalī alap u ṣēnašu ša lā nība šallassin kabitta ašallal ana qerbeša māssu Aššur,"On my return march I defeated all together the Tuʾ­mū­na Riḫiḫu Yadaqqu Ubudu i 45 Gibrê Malaḫu Gurumu Ubulu Damunu Gambulu Ḫindaru Ruʾuʾa Pu­qu­du Ḫamrānu Ḫa­ga­rā­nu Nabatu and Liʾtaʾu insubmissive Arameans i 50 I carried off into Assyria a substantial booty consisting of 208,000 people young and old male and female horses mules donkeys camels oxen and sheep and goats which were without number",https://oracc.museum.upenn.edu/riao/Q003496?lang=en
i 54,ina mēteq gerra ša Nabu-bel-šumati qēpāni Hararate hurāṣ kasap musukkannī rabâ imērī gammalī alap u ṣēnašu,In the course of my campaign I received a substantial audience gift from Nabû-bēl-šumāti the official in charge of the city Ḫararatu Ḫarutu gold silver large musukkannu trees donkeys camels oxen and sheep and goats,https://oracc.museum.upenn.edu/riao/Q003496?lang=en
i 57b,tāmartašu kabitta amdahhar bahūlāte Hirimme nakirēšu akṣi ina kak amqutma ēdu ul ētezib pagar ina gašīšī ālul sihir āl alme nagê šatti ana eššūte aṣabbata ištât alap <data> immer <data> imēr karān <data> imēr suluppī rēšēt ana il māssu Aššur bēl ikūn dārišam,I put to the sword the population of the city Ḫirimmu a dangerous enemy and I did not spare a single one i 60 I hung their corpses on poles and placed them around the city I reorganized that district and imposed for eternity one ox ten sheep ten homers of wine and twenty homers of dates as his first-fruits offerings to the gods of Assyria my lords,https://oracc.museum.upenn.edu/riao/Q003496?lang=en
i 65,ina šanê gerra Aššur bēl atkal ana māssu Kašši u māssu Yasubigallaya ša ištu ulla ana šar ab lā kitnuš lū alāk qerbeša hursānī zaqri eqel namrāṣi ina sisê arkab narkabat šēp ina tikkāte aššânni ašar šupšuqāma ina šēp rīmāniš attaggiš,On my second campaign the god Aššur my lord encouraged me and I marched to the land of the Kassites and the land of the Yasubigallians who since time immemorial had not submitted to the kings my ancestors In the high mountains difficult terrain I rode on horseback and i 70 had my personal chariot carried on men’s necks In very rugged terrain I roamed about on foot like a wild bull,https://oracc.museum.upenn.edu/riao/Q003496?lang=en
i 72,Bit-Kilamzah Hardišpi Bit-Kubat āl bīssu dūr dannāku alme akšud nišī sisê parê imērī alap u ṣēnašu ištu qerbeša aṣê šallatiš amna u āl ṣahri ša nība lā īšâ anappal anaqqar ēmâ karmeš bīssu ṣēr kultār mūšab ina gīri aqmi ditalliš,I surrounded and conquered the cities Bīt-Kilamzaḫ Ḫardišpu and Bīt-Kubatti their fortified walled cities I brought out of them people horses i 75 mules donkeys oxen and sheep and goats and I counted them as booty Moreover I destroyed devastated and turned into ruins their small(er settlements which were without number I burned with fire pavilions and tents their abodes and reduced them to ashes,https://oracc.museum.upenn.edu/riao/Q003496?lang=en
i 80b,ēmâ atūra Bit-Kilamzah šatti ana birtūti aṣabbata el ša ūm pān dūr dunnina  nišī māssu kišitte qāssa ina libba ašāb nišī māssu Kašši u māssu Yasubigallaya ša lapān kak ipparaššidu ištu qerbeša šad arād ina Hardišpi Bit-Kubat armâ ina qāssa šūt rāšūʾa bēl Arrapha amna narâ epēssu lētu kišitte qāssa ša el altakan ṣēr alṭur,I made that city Bīt-Kilamzaḫ a fortress again and I strengthened its walls more than before then ii 1 I settled therein the people of the lands that I had conquered I brought down from the mountains the people of the land of the Kassites and the land of the Yasubigallians who had fled from my weapons and ii 5 I made them dwell in the cities Ḫardišpu and Bīt-Kubatti I placed them under the authority of a eunuch of mine the governor of the city Arrapḫa I had a stele made had all the victorious conquests that I achieved over them written on it and I erected it in that city,https://oracc.museum.upenn.edu/riao/Q003496?lang=en
ii 10b,ina qerbeša āl azziz pān nīr atūra ana Ellipi aṣabbata harrān ellāmēšun Ispabara šar āl dannāku bīssu niṣirtašu mušširannâti ana rūqēte innabidūma gimir māssu rapašti kīma imbari ashup Marubišti Akkuddu āl bīssu šarrūssa adi <data> āl ṣahri ša libīt alme akšud anappal anaqqar,I turned around lit “I turned the front of my yoke” and took the road to the land Ellipi Before my arrival Ispabāra their king abandoned his fortified cities and his treasury and fled far away ii 15 I overwhelmed all of his wide land like a fog I surrounded conquered destroyed devastated and burned with fire the cities Marubištu and Akkuddu cities of his royal house together with thirty-four small(er settlements in their environs,https://oracc.museum.upenn.edu/riao/Q003496?lang=en
ii 19b,ina gīri aqmi nišī ṣeher rab zikar u sinniš sisê parê imērī gammalī alap u ṣēnašu ana lā mīna ašallal adi lā bašê alāk iṣhir māssu Ṣiṣṣirtu Kummahlu āl dannāku adi āl ṣahri ša libīt Barrua nagê ana gimirti ištu qerbeša māssu abtuq el miṣir māssu Aššur,I carried off people young and old male and female horses mules donkeys camels oxen and sheep and goats without number then I brought him Ispabāra to nought and made his land smaller I detached from his land the cities Ṣi(ṣ)ṣirtu and Kummaḫlum fortified cities together with the small(er settlements in their environs ii 25 and the district of the land Bīt-Barrû in its entirety and I added this area to the territory of Assyria,https://oracc.museum.upenn.edu/riao/Q003496?lang=en
ii 27b,arde Elenzaš ana āl šarrūssa u dannassu nagê šatti aṣabbata šum mahar ikkirā Kar-Sin-ahhe-eriba abbi nibīssun nišī māssu kišitte qāssa ina libba ašāb ina qāssa šūt rāšūʾa bēl Harhar amna lirappiš māssu,I took the city Elenzaš as a royal city and a fortress for that district then I changed its former name and ii 30 called it Kār-Sennacherib I settled therein the people of the lands that I had conquered I placed it under the authority of a eunuch of mine the governor of the city Ḫarḫar and thus enlarged my land,https://oracc.museum.upenn.edu/riao/Q003496?lang=en
ii 33,ina tayyarat ša Madaya rūqāti ša ina šar ab mamma lā ašmâ siqiršin māssu maddatta kabitta amdahhar ana nīr bēlūssu iknuša,On my return march I received a substantial payment from the distant Medes ii 35 of whose land none of the kings my ancestors had heard mention Thus I made them bow down to the yoke of my lordship,https://oracc.museum.upenn.edu/riao/Q003496?lang=en
ii 37,ina šalši gerra ana Hatti lū alāk Luli šar Ṣidunni pulhī melammē bēlūssu ashup ana rūqēte qabal tâmāti innabidūma šad ēmid Ṣidunni rabâ Ṣidunni ṣahri Bit-Zitte Ṣariptu Mahallab Ušu Akziba Akku āl dannāku bīssu dūr ašar riʾītu u malqīte bīssu tuklāt rašubbat kak Aššur bēl ashup iknuša šēp,On my third campaign I marched to the land Ḫatti Fear of my lordly brilliance overwhelmed Lulî the king of the city Sidon and ii 40 he fled afar into the midst of the sea and disappeared The awesome terror of the weapon of the god Aššur my lord overwhelmed the cities Great Sidon Lesser Sidon Bīt-Zitti Ṣarepta Maḫalliba Ušû Akzibu and Acco his fortified cities and fortresses an area of pasture(s ii 45 and water-place(s resources upon which he relied and they bowed down at my feet,https://oracc.museum.upenn.edu/riao/Q003496?lang=en
ii 47,Tu-Baʾil ina kussâšu šarrūssa el ašāb bilassun maddatta bēlūssu šattišam lā baṭalu ikūn ṣēr,I placed Tu-Baʾlu on the royal throne over them and imposed upon him tribute and payment in recognition of my overlordship to be delivered yearly and without interruption,https://oracc.museum.upenn.edu/riao/Q003496?lang=en
ii 50,ša Minhimmu Samsimurunaya Tu-Baʾil Ṣidunaya Abdi-Liʾti Armadaya Uru-Milki Gublaya Mitinti Asdudaya Budu-il Bit-Ammanaya Kammusu-nadbi Maʾabaya Aya-rammu Udummaya šar māssu Amurre kal igisê šadal tāmartašu kabitta adi erbêšu ana mahar,As for Min(u)ḫimmu of the city Samsimuruna Tu-Baʾlu of the city Sidon Abdi-Liʾti of the city Arwad Ūru-Milki of the city Byblos Mitinti of the city Ashdod ii 55 Būdi-il of the land Bīt-Ammon Kammūsu-nadbi of the land Moab Aya-rāmu of the land Edom all of the kings of the land Amurru they brought extensive gifts four times the normal amount as their substantial audience gift before me and kissed my feet,https://oracc.museum.upenn.edu/riao/Q003496?lang=en
ii 60b,aššânni inaššiquni šēp u Ṣidqa šar Isqalluna ša lā iknuša ana nīr il bīssu ab šâšu alti mār mārassu ahašu zēr bīssu ab assuh ana māssu Aššur ītarrê,Moreover as for Ṣidqâ the king of the city Ashkelon who had not bowed down to my yoke I forcibly removed the gods of his father’s house himself his wife his sons his daughters his brothers and other offspring of his father’s house and took him to Assyria,https://oracc.museum.upenn.edu/riao/Q003496?lang=en
ii 65,Šarru-lu-dari mār Rukibti šar mahar el nišī Isqalluna altakan addin bilassun kadrâ bēlūssu ēmid,I set Šarru-lū-dāri son of Rūkibtu their former king over the people of the city Ashkelon and imposed upon him the payment of tribute and gifts in recognition of my overlordship so that he now pulls my yoke,https://oracc.museum.upenn.edu/riao/Q003496?lang=en
ii 68b,išâṭ abšānī ina mēteq gerra Bit-Daganna Yappu Banayabarqa Azuru āl ša Ṣidqa ša ana šēp arhiš lā iknuša alme akšud ašallal šallassin,In the course of my campaign I surrounded conquered and plundered the cities Bīt-Daganna Joppa ii 70 Banayabarqa and Azuru the cities of Ṣidqâ that had not submitted to me quickly,https://oracc.museum.upenn.edu/riao/Q003496?lang=en
ii 73,šakkanak rubâtu u nišī Amqarruna ša Pade šar bēl adê u māmīt ša māssu Aššur birâti parzilla addâ ana Hazaqiyu Iaudaya addin nakriš ana anzillašu epēssu aplah libba šar Muṣri ṣāb qašassu narkabat sisê ša šar Emeluhha emūq lā nība iktera alāk rēṣūssu,As for the governors the nobles and the people of the city Ekron who had thrown Padî their king who was bound by treaty and oaths ii 75 to Assyria into iron fetters and who had handed him over to Hezekiah of the land Judah in a hostile manner they became frightened on account of the villainous acts they had committed They formed a confederation with the kings of Egypt and the archers chariots and horses ii 80 of the king of the land Meluḫḫa forces without number and they came to their aid,https://oracc.museum.upenn.edu/riao/Q003496?lang=en
ii 82,ina tamerāti Altaqu ellāmēšun sidir šitkunā  ušaʾʾala kak ina tuklāt Aššur bēl ittešunu amdahiṣ altakan dabdâšu bēl narkabat u mār šar Muṣuraya adi bēl narkabat ša šar Emeluhha balṭūssa ina qabal tamhāra akšud,In the plain of the city Eltekeh they sharpened their weapons while drawing up in battleline before me iii 1 With the support of the god Aššur my lord I fought with them and defeated them In the thick of battle I captured alive the Egyptian charioteers and princes lit “the sons of the king” together with the charioteers of the king of the land Meluḫḫa,https://oracc.museum.upenn.edu/riao/Q003496?lang=en
iii 6b,qāssa Altaqu Tamna alme akšud ašallal šallassin ana Amqarruna aqribma šakkanak rubâtu ša hīṭātišu bašê addūk ina dimāte sihir āl ālul pagar mār āl ēpissa anna u gillassun ana šallassin amna sittī lā bābil hiṭâte u gullultašun ša anna lā bašê,I surrounded conquered and plundered the cities Eltekeh and Tamnâ I approached the city Ekron and I killed the governors and nobles who had committed crime(s and iii 10 hung their corpses on towers around the city I counted the citizens who had committed the criminal acts as booty and I commanded that the rest of them those who were not guilty of crimes or wrongdoing to whom no penalty was due be allowed to go free,https://oracc.museum.upenn.edu/riao/Q003496?lang=en
iii 14b,mušširannâti aqabbû Pade šar ištu qerbeša Ursalimma aṣê ina kussâšu bēlūssu el ašāb maddatta bēlūssu ikūn ṣēr,I brought out Padî their king from the city Jerusalem and placed him on the lordly throne over them then I imposed upon him payment in recognition of my overlordship,https://oracc.museum.upenn.edu/riao/Q003496?lang=en
iii 18,u Hazaqiyu Iaudaya ša lā iknuša ana nīr <data> āl dannāku bīssu dūr u āl ṣahri ša libīt ša nība lā īšâ ina akbus arammē u aqribma ašibi amdahiṣ zūk šēp pilši nikis u kalbānāte alme akšud <data> mē līm <data> mē <data> nišī ṣeher rab zikar u sinniš sisê parê imērī gammalī alap u ṣēnašu ša lā nība ištu qerbeša,"Moreover as for Hezekiah of the land Judah who had not submitted to my yoke I surrounded and conquered forty-six of his fortified cities iii 20 fortresses and small(er settlements in their environs which were without number by having ramps trodden down and battering rams brought up the assault of foot soldiers sapping breaching and siege engines I brought out of them 200,150 people young and old male and female iii 25 horses mules donkeys camels oxen and sheep and goats which were without number and I counted them as booty",https://oracc.museum.upenn.edu/riao/Q003496?lang=en
iii 27b,aṣê šallatiš amna šâšu kīma iṣṣūr quppē qerbeša Ursalimma āl šarrūssa ēsirma birāte el arkus aṣê abul āl atūra ikkib āl ša ašallal ištu qerbeša māssu abtuq ana Mitinti šar Asdudi Pade šar Amqarruna u Ṣil-Bel šar Hazite addin iṣhir māssu el bilassun mahar addin šanat maddatta kadrâ bēlūssu arde,As for him Hezekiah I confined him inside the city Jerusalem his royal city like a bird in a cage I set up blockades against him and iii 30 made him dread exiting his city gate I detached from his land the cities of his that I had plundered and I gave them to Mitinti the king of the city Ashdod Padî the king of the city Ekron and Ṣilli-Bēl the king of the city Gaza and thereby made his land smaller iii 35 To the former tribute their annual giving I added the payment of gifts in recognition of my overlordship and imposed it upon them text “him”,https://oracc.museum.upenn.edu/riao/Q003496?lang=en
iii 37b,ikūn ṣēr šū Hazaqiyu pulhī melammē bēlūssu ashup urbī u ṣāb damiqtim ša ana dunnina Ursalimma āl šarrūssa erēb aršâ tillāte ittešunu <data> bilassun hurāṣ <data> mē bilassun kasap nisiqte guhli takkas <data> rabâ eršēt šinni kussâšu nēmed šinni mašak pīri šinni pīri ušî taskarinni mimma šum niṣirtašu kabitta u mārassu sekrati ēkal nāri nārāti ana qerbeša Nina āl bēlūssu arkešu attabbal ana addin maddatta u epēssu ardūssu ašpur rakbâšu,As for him Hezekiah fear of my lordly brilliance overwhelmed him and after my departure he had the auxiliary forces and his elite troops whom iii 40 he had brought inside to strengthen the city Jerusalem his royal city thereby gaining reinforcements along with 30 talents of gold 800 talents of silver choice antimony large blocks of ivory beds armchairs of ivory elephant hide(s elephant ivory iii 45 ebony boxwood every kind of valuable treasure as well as his daughters his palace women male singers and female singers brought into Nineveh my capital city and he sent a mounted messenger of his to me to deliver this payment and to do obeisance,https://oracc.museum.upenn.edu/riao/Q003496?lang=en
iii 50,ina rebê gerra Aššur bēl atkal ummān gapšāte adakkekama ana Bit-Yakin alāk aqabbû ina mēteq gerra ša Šuzubi Kaldaya āšib qerbeša agammē ina Bittuti altakan dabdâšu šū hurbāša tāhāz el amqutma itarrakma libba kīma azari ēdiš ipparaššidu,On my fourth campaign the god Aššur my lord encouraged me so that I mustered my numerous troops and ordered the march to the land Bīt-Yakīn In the course of my campaign I defeated Šūzubu Mušēzib-Marduk a Chaldean who lives in the marshes at the city Bittūtu iii 55 As for him terror of doing battle with me fell upon him and his heart pounded He fled alone like a lynx and his hiding place could not be found,https://oracc.museum.upenn.edu/riao/Q003496?lang=en
iii 57b,ul amār ašar pān nīr atūra ana Bit-Yakin aṣabbata harrān šū Marduk-apla-iddina ša ina alāk gerra mahar dabdâšu altakan uparrir ellat rigim kak dannāku u tīb tāhāz ezzeti adāru il mārak māssu ina šubāt adakkekama qerbeša eleppa arkab ana Nagiate-raqqi ša qabal tâmāti iṣṣūriš ippariš ahašu zēr bīssu ab ša mušširannâti ah tâmāti adi sitāt nišī māssu ištu Bit-Yakin qerbeša agammē u appārāte aṣê,I turned around lit “I turned the front of my yoke” and took the road to the land Bīt-Yakīn He — Marduk-apla-iddina II Merodach-baladan whom iii 60 I had defeated and whose forces I had scattered during my first campaign — became frightened by the clangor of my mighty weapons and my fierce battle array then dislodged the gods of the full extent of his land from their abodes and loaded them onto boats iii 65 He flew away like a bird to the city Nagīte-raqqi which is in the midst of the sea I brought his brothers the seed of his father’s house whom he had abandoned at the shore of the sea together with the rest of the people of his land out of the land Bīt-Yakīn which is in the swamps and marshes and I counted them as booty,https://oracc.museum.upenn.edu/riao/Q003496?lang=en
iii 69b,šallatiš amna atūra āl anappal anaqqar ēmâ karmeš el bēl salīm šar Elamte,Once again I destroyed and devastated his cities and turned them into ruins I poured out awe-inspiring brilliance upon his ally the king of the land Elam,https://oracc.museum.upenn.edu/riao/Q003496?lang=en
iii 71b,namurrat atbuk ina tayyarat Aššur-nadin-šumi mār rēštê tarbīt birkāya ina kussâšu bēlūssu ašāb rapašti māssu Šumeri u Akkad adgul pān,On my return march I placed Aššur-nādin-šumi my first-born son whom I raised on my own knee on his lordly throne and entrusted him with the wide land of Sumer and Akkad,https://oracc.museum.upenn.edu/riao/Q003496?lang=en
iii 75,ina hamši gerra bahūlāte Tumurra Šarim Ezama Kipša Halbuda Qua Qana ša kīma qinna erê ašarēd iṣṣūr ṣēr zuqti Nipur šad marṣāti šubāt šitkunā lā kitnuš ana nīr ina šēp Nipur karāssu altakan,On my fifth campaign The population of the cities Tumurrum Šarum Ezāma Kipšu Ḫalbuda Qūa and Qana whose dwellings are situated like the nests of eagles the foremost of birds on the peak of Mount Nipur a rugged mountain and who had not bowed down to the yoke — iii 80 I had my camp pitched at the foot of Mount Nipur,https://oracc.museum.upenn.edu/riao/Q003496?lang=en
iii 81,ittešunu qurbūte šēp nasqi u ṣāb tāhāz lā gāmel anāku kīma rīmē ekdi pān aṣabbata hurri nahal natbāk šad mēlê marṣāti ina kussâšu aštamdih ašar ana kussâšu šupšuqāma ina šēp aštahhiṭ kīma arme ana zuqti šaqâ ṣēr elê ašar birkāya mānahtu īšâ ṣēr aban šad ašāb mê nāde kaṣûte,Like a fierce wild bull with my select bodyguard and my merciless combat troops I took the lead of them the soldiers in my camp I proceeded through the gorges of the streams the outflows of the mountains and rugged slopes in my chair iv 5 Where it was too difficult for my chair I leapt forward on my own two feet like a mountain goat I ascended the highest peaks against them Where my knees became tired I sat down upon the mountain rock and drank cold water from a water skin to quench my thirst,https://oracc.museum.upenn.edu/riao/Q003496?lang=en
iv 9b,ana ṣūmē lū ašti ina ubān hursānī arde altakan dahtê āl akšud ašallal šallassin,I pursued them on the peaks of the mountains and defeated them I conquered plundered destroyed devastated and burned with fire their cities,https://oracc.museum.upenn.edu/riao/Q003496?lang=en
iv 12b,anappal anaqqar ina gīri aqmi pān nīr atūra ṣēr Maniye šar Ukki šaddaʾu lā kanše aṣabbata harrān arah lā petâ ṭūdāt pašqat ša lapān šad marṣāti ullânūʾa qerbeša mamma lā alāk šar pān mahar ina šēp Anara u Uppa šad dannāku karāssu altakan anāku ina kussâšu nēmed ittešunu ṣāb tāhāz gitmālī ina nēreb pīqāte šūnuhiš erēb marṣiš elê ubān šad,I turned around lit “I turned the front of my yoke” and took the road against Maniye the king of the city Ukku and an insubmissive mountain-dweller iv 15 Before my time none of the former kings of the past had marched through the untrodden paths and difficult trails on account of the rugged mountains I had my camp pitched at the foot of Mount Anara and Mount Uppa mighty mountains and I myself in an armchair iv 20 with my crack combat troops entered their narrow passes with great difficulty and ascended with a struggle the steep mountain peaks,https://oracc.museum.upenn.edu/riao/Q003496?lang=en
iv 23b,pašqat šū Maniye turbuʾ šēp ummān amār Ukki āl šarrūssa ētezib ana rūqēte innabidūma Ukki alme akšud ašallal šallassin mimma šum būšašu makkūr niṣirtašu ēkal ištu qerbeša,He Maniye saw the dust cloud stirred up by the feet of my troops then he abandoned the city Ukku his royal city and fled afar I surrounded conquered and plundered the city Ukku I brought out of it every kind of possession and property the treasures of his palace and I counted it as booty,https://oracc.museum.upenn.edu/riao/Q003496?lang=en
iv 28b,aṣê šallatiš amna u <data> āl ša patti nagê akšud nišī imērī alap u ṣēnašu ištu qerbeša ašallal anappal anaqqar ina gīri aqmi,Moreover I conquered thirty-three cities on the borders of his district and carried off from them people donkeys oxen and sheep and goats Then I destroyed them devastated them and burned them with fire,https://oracc.museum.upenn.edu/riao/Q003496?lang=en
iv 32,ina šadissu gerra sitāt nišī Bit-Yakin ša lapān kak dannāku kīma serrēmē igrurū il mārak māssu ina šubāt adakkekama tâmāti rabâ ša ṣīssun šamaš ebēr ina Nagiate ša Elamte addâ šubāt ina eleppa Hatti tâmāti lū ebēr Nagiate Nagiti-diʾbina adi Ahilimmu Pillate u Hupapanu nagê ša Elamte akšud,On my sixth campaign The rest of the people of the land Bīt-Yakīn who had groveled like onagers before my mighty weapons dislodged the gods of the full extent of their land from their abodes iv 35 then crossed the Great Sea of the Rising Sun and set up their residences in the city Nagītu of the land Elam — I crossed over the sea in boats of the land Ḫatti I conquered the cities Nagītu and Nagītu-diʾbina together with the lands Ḫilmu Pillatu and Ḫupapanu districts of the land Elam,https://oracc.museum.upenn.edu/riao/Q003496?lang=en
iv 40,nišī Bit-Yakin adi il u nišī ša šar Elamte ašallal lā ētezib multahṭē qerbeša eleppa arkab ana ahannâ ebēr aṣabbata harrān māssu Aššur āl ša qerbeša nagê šâtunu anappal anaqqar ina gīri aqmi ana tīl u karmē,I carried off the people of the land Bīt-Yakīn together with their gods and the people of the king of the land Elam and I did not leave a single escapee I loaded them onto boats and brought them to this side of the sea then I made them take the road to Assyria I destroyed devastated and burned with fire the cities that are in those districts I turned them into a mound of ruins lit “a mound and ruins”,https://oracc.museum.upenn.edu/riao/Q003496?lang=en
iv 46b,atūra ina tayyarat Šuzubu mār Babili ša ina ešâte māssu bēlūssu māssu Šumeri u Akkad ramānī atūra ina tāhāz ṣēr dabdâšu altakan balṭūssa ina qāssa aṣabbata šummannu u birâti parzilla addâ ana māssu Aššur ītarrê šar Elamte ša idāka ishur alāk rēṣūssu dabdâšu altakan ellat aspuh uparrir puhrišunu,On my return march in a pitched battle I defeated Šūzubu Nergal-ušēzib a citizen of Babylon who had taken the lordship of the land of Sumer and Akkad for himself during the confusion in the land iv 50 I captured him alive bound him with tethering ropes and iron fetters and brought him to Assyria I defeated the king of the land Elam who had aligned himself with him and come to his aid I dispersed his forces and scattered his assembled host,https://oracc.museum.upenn.edu/riao/Q003496?lang=en
iv 54,ina sebê gerra Aššur bēl atkal ana Elamte lū alāk Bit-Haʾiri Raṣa āl ša miṣir māssu Aššur ša ina tarṣi ab Alamu ekēm danāniš ina mēteq gerra akšud ašallal šallassin ṣāb šūlūti erēb qerbeša ana miṣir māssu Aššur atūra qāssa rab birāte Deri,On my seventh campaign the god Aššur my lord encouraged me and iv 55 I marched to the land Elam In the course of my campaign I conquered and plundered the cities Bīt-Ḫaʾiri and Raṣā cities on the border of Assyria that the Elamites had taken away by force in the time of my ancestor(s I had my garrisons stationed inside them iv 60 I brought those cities back inside the border of Assyria and placed them under the authority of the garrison commander of Dēr,https://oracc.museum.upenn.edu/riao/Q003496?lang=en
iv 61b,amna Bube Dunni-Šamaš Bit-Risiya Bit-Ahlame Duru Dannat-Sulaya Šilibtu Bit-Aṣusi Kar-Zera-iqiša Bit-Giṣṣi Bit-Katpalani Bit-Imbi Hamani Bit-Arrabi Burutu Dimtu-ša-Sulaya Dimtu-ša-Mar-biti-eṭir Harri-ašlake Rabbaya Rasu Akbarina Til-Uhuri,The cities Bubê Dunni-Šamaš Bīt-Risiya Bīt-Aḫlamê Dūru Dannat-Sulāya Šilibtu Bīt-Aṣusi Kār-Zēra-iqīša Bīt-Giṣṣi Bīt-Kat­pa­lā­ni Bīt-Imbiya iv 65 Ḫamānu Bīt-Arrabi Bu­ru­tu Dim­tu-ša-Sulāya Dimtu-ša-Mār-bīti-ēṭir Ḫarri-ašlakê Rabbāya Rāsu Akkabarina Tīl-Uḫuri Ḫamrānu Na­ṭī­tu,https://oracc.museum.upenn.edu/riao/Q003496?lang=en
iv 69b,Hamranu Naṭitu adi āl ša nēreb ša Bit-Bunakki Til-Humba Dimtu-ša-Dumeli Bit-Ubiya Balti-lišir Taqab-lišir Al-naqidate Massuttu Sarhu-Deri Alum-ša-Belet-biti Bit-Ahhe-iddina Ilteuba <data> āl dannāku adi āl ṣahri ša libīt ša nība lā īšâ alme akšud ašallal šallassin anappal anaqqar ina gīri aqmi qutri naqmūt kīma imbari kabitta pān šamê rapašti,together with the cities of the passes namely Bīt-Bunakku Tīl-Ḫumba Dimtu-ša-Dumeli Bīt-Ubiya Baltī-līšir Taqab-līšir Alu-ša-nāqidāte Mas­sū­tu-šaplītu Sarḫu-Dēri Ālum-ša-Bēlet-bīti iv 75 Bīt-Aḫḫē-iddina and Ilteuba — I surrounded conquered plundered destroyed devastated and burned with fire those thirty-four fortified cities together with the small(er settlements in their environs which were without number I made the smoke from their conflagration cover the wide heavens like a heavy cloud,https://oracc.museum.upenn.edu/riao/Q003496?lang=en
iv 81b,aktum ašmâ kišitte āl Kudur-Nahundi Alamu amqutma hatta sitāt āl ana dannassu erēb šū Madakte āl šarrūssa ētezib ana Haydala ša qerbeša šad rūqāti aṣabbata harrān,Kudur-Naḫundu Kudur-Naḫḫunte the Elamite heard about the conquest of his cities and fear fell upon him He brought the people of the rest of his cities into fortresses He abandoned the city Madaktu his royal city and v 5 took the road to the city Ḫaydala Ḫidālu which is in the distant mountains,https://oracc.museum.upenn.edu/riao/Q003496?lang=en
v 6,ana Madakte āl šarrūssa alāk aqabbû Tamhiri kuṣṣi dannāku erēb šamūtum maʾassi izannun zunni zunni u šalgī nahal natbāk šad adāru pān nīr atūra ana Nina aṣabbata,I ordered the march to the city Madaktu his royal city In the month Tamḫīru bitter cold set in and a severe rainstorm sent down its rain I was afraid of the rain and snow in the gorges the outflows of the mountains so I turned around lit “I turned the front of my yoke” and took the road to Nineveh,https://oracc.museum.upenn.edu/riao/Q003496?lang=en
v 11b,harrān ina ūm ina qibētī Aššur bēl Kudur-Nahundi šar Elamte <data> arah ul imlâ ina ūm lā šīmāt urruhiš imtūt arkešu Umman-menanu lā aršâ ṭēm u milik ahašu duppussû ina kussâšu ašāb,At that time by the command of the god Aššur my lord Kudur-Naḫundu Kudur-Naḫḫunte the king of the land Elam did not last three months and suddenly died a premature death After him Umman-menanu Ḫumban-menanu v 15 who does not have sense or insight his younger brother sat on his throne,https://oracc.museum.upenn.edu/riao/Q003496?lang=en
v 17,ina samānê gerra arkešu Šuzubi issehuma mār Babili gallê lemnēte abul āl ēdilšu akpud libba ana epēssu tuqmāte Šuzubi Kaldaya eṭli dunnamû ša lā īšâ birkāya aradka dāgil pān bēl Lahira Arame halqu munnabti āmir dām habbilu ṣēr ipahhurū qerbeša agammē,On my eighth campaign after Šūzubu Mušēzib-Marduk had rebelled and the citizens of Babylon evil gallû demons had locked the city gates they plotted to wage war v 20 Arameans fugitives runaways murderers and robbers rallied around Šūzubu Mušēzib-Marduk a Chaldean a person of lowly status a coward lit “who has no knees” and a servant who belonged to the governor of the city Laḫīru and they went down into the marshes and incited rebellion,https://oracc.museum.upenn.edu/riao/Q003496?lang=en
v 24b,arād bašê sīhi anāku nīta alme napištašu usīq lapān hatta u nebrēte ana Elamte innabidūma kī rikilti u gillassun ṣēr bāšâ ištu Elamte ahīšma qerbeša Šuanna erēb Babilaya ana lā simat ina kussâšu ašāb bēlūssu māssu Šumeri u Akkad adgul pān,I besieged him and put him in dire straits On account of fear and hunger he fled to the land Elam When there were conspiracy and treachery against him he hurried out of the land Elam and entered Šuanna Babylon The Babylonians inappropriately placed him back on the throne and entrusted him with the lordship of the land of Sumer and Akkad,https://oracc.museum.upenn.edu/riao/Q003496?lang=en
v 31,bīssu makkūr ša Esaggil aptâ hurāṣ kasap ša Bel u Zarpaniti būšašu bīssu il aṣê ana Umman-menanu šar Elamte ša lā īšâ ṭēm u milik attabbal ṭaʾāti ipahhurū ummān adakkekama karāssu ana Babili ahīšma idāka azziz,They the Babylonians opened the treasury of Esagil and took out the gold and silver of the god Bēl Marduk and the goddess Zarpanītu the property of the temple of their gods They sent it as a bribe to Umman-menanu Ḫumban-menanu the king of the land Elam who does not have sense or insight saying v 35 “Gather your army muster your forces hurry to Babylon and align yourself with us Let us put our trust in you.”,https://oracc.museum.upenn.edu/riao/Q003496?lang=en
v 37b,tuklāt lū attā šū Alamu ša ina alāk gerra mahar ša Elamte āl akšud atūra ana karmē libba ul hasās ṭaʾāti amdahhar ummān karāssu ipahhurū narkabat ṣumbāte ešēr sisê,That Elamite whose cities I had conquered and turned into ruins during a previous campaign to the land Elam v 40 accepted the bribe from them without thinking then gathered his troops and his forces inspected his chariots and wagons and checked his teams of horses and mules,https://oracc.museum.upenn.edu/riao/Q003496?lang=en
v 43b,parê isanniqu ṣindā Parsuaš Anzan Pašeru Ellipi Yasiʾil Lakabra Harzunu Dummuqu Sulaya Samʾuna mār Marduk-apla-iddina Bit-Adini Amukkani Bit-Ašillani Bit-Saʾal Larak Lahira Puqudaya Gambulaya Hallatu Ruʾuʾa Ubulu Malahu Rapiqi Hindari Damuni kitaršu rabâ,The lands Parsuaš Anzan Paširu and Ellipi the people of Yasiʾil v 45 Lakab(e)ra Ḫarzunu Dummuqu Sulāya and Samʾuna who was a son of Marduk-apla-iddina II Merodach-baladan the lands Bīt-Adini Bīt-Amukkāni Bīt-Šilāni Bīt-Sāla Bīt-Saʾalli Larak the city Laḫīru the people of the tribes of the Puqudu Gambulu Ḫallatu Ruʾuʾa v 50 Ubulu Malaḫu Rapiqu Ḫindaru and Damunu a large host formed a confederation with him,https://oracc.museum.upenn.edu/riao/Q003496?lang=en
v 52b,iktera ittešunu gipšūssun arah māssu Akkad aṣabbata ana Babili tēbâku adi Šuzubi Kaldaya šar Babili ana ahāmeš aqribma puhrišunu ēmid kīma tebût aribî maʾassi ša pān šanat mithāriš ana epēssu tuqmāte tēbâku ṣēr eper šēp kīma imbari kabitta ša dunni eriyāti pān šamê rapašti katim,In their multitude they took the road to Akkad and as they were advancing towards Babylon they met up with Šūzubu Mušēzib-Marduk a Chaldean who is the king of Babylon and banded their forces together Like a spring invasion of a swarm of locusts they were advancing towards me as a group to do battle The dust of their feet covered the wide heavens like a heavy cloud in the deep of winter,https://oracc.museum.upenn.edu/riao/Q003496?lang=en
v 60,ellāmēšun ina Halule ša kišād Diglat šitkunā sidirta pān masqê ṣabit,While drawing up in battleline before me at the city Ḫalulê which is on the bank of the Tigris River and keeping me from the water source they sharpened their weapons,https://oracc.museum.upenn.edu/riao/Q003496?lang=en
v 62b,ušaʾʾala kak anāku ana Aššur Sin Šamaš Bel Nabium Nergal Ištar ša Nina Ištar ša Arba-ili il tiklēšu ana akšud nakirēšu dannāku amdahhar supê urruhiš ašmâ alāk,I myself prayed to the deities Aššur Sîn Šamaš Bēl Nabû Nergal Ištar of Nineveh and Ištar of Arbela the gods who support me v 65 for victory over my strong enemy and they immediately heeded my prayers and came to my aid,https://oracc.museum.upenn.edu/riao/Q003496?lang=en
v 67b,rēṣūssu labbiš annadirma attalbiš siriyam huliam simat ṣālta annapruma rāšūʾa ina narkabat tāhāz ṣīrāte sāpin zāʾeriki ina uggat libba arkab hanṭiš qašassu dannāku ša Aššur šutlimšu ina qāssa aṣabbata šiltāhi pāriʾ napištašu atmuh rittāšin,I raged up like a lion then put on armor and placed a helmet suitable for combat on my head v 70 In my anger I rode quickly in my exalted battle chariot which lays enemies low I took in my hand the mighty bow that the god Aššur had granted to me and I grasped in my hand an arrow that cuts off life,https://oracc.museum.upenn.edu/riao/Q003496?lang=en
v 74,ṣēr gimir ummān nakirēšu lemnēte ūmiš ṣarpiš alsâ kīma Adad ašgum ina qibētī Aššur bēl rabâ bēl ana šiddi u pūssa kīma tīb mehê šamri ana nakirēšu azīq ina kak Aššur bēl u tīb tāhāz ezzeti irassun anēʾma suhhurtašu altakan ummān nakirēšu ina uṣṣi mulmullī ušaqqir gimir pagar apluš,I roared loudly like a storm and thundered like the god Adad against all of the troops of the wicked enemies By the command of the god Aššur the great lord my lord I blew like the onset of a severe storm against the enemy on their flanks and front lines With the weapons of the god Aššur my lord and my fierce battle array I turned them back and made them retreat v 80 I shot the troops of the enemy with uṣṣu arrows and mulmullu arrows and pierced all of their corpses like,https://oracc.museum.upenn.edu/riao/Q003496?lang=en
v 82b,<data> Humban-undaša nāgir ša šar Elamte eṭli pitqudu mumaʾʾer ummān tuklāt rabâ adi rab ša patar šibbī hurāṣ šitkunā u ina šemer aspī hurāṣ ruššê rukkusā rittāšin kīma šūri marê ša nadâ šummannu  urruhiš upalliq altakan dahtê,I quickly slaughtered and defeated Ḫum­ban-un­dā­ša the herald of the king of the land Elam a trusted man who leads his troops his main support together with his magnates who wear gold decorated belt-daggers and have reddish gold sling straps fastened to their forearms like fattened bulls restrained with fetters,https://oracc.museum.upenn.edu/riao/Q003496?lang=en
vi 2,kišād akkis asliš aqarte napištašu apruʾ qûʾiš kīma mīlêša gapšāte ša šamūtum simāni umunnîšunu arde ṣēr ereṣēti šadal lasmāku mūrnisqī ṣimdat rukūb ina dām gapšāte išallû nāriš ša narkabat tāhāz sāpin ragga u ṣēni dām u paršu ritmukū magarri pagar qurādēšu kīma urqīti imlâ ṣēr sapsapāte akkis baltašun abātu kīma bīn qiššê simāni akkis qāssa,I slit their throats like sheep and thus cut off their precious lives like thread Like a flood in full spate after a seasonal rainstorm I made their blood flow vi 5 over the broad earth The swift thoroughbreds harnessed to my chariot plunged into floods of their blood just like the river ordeal The wheels of my war chariot which lays criminals and villains low were bathed in blood and gore vi 10 I filled the plain with the corpses of their warriors like grass I cut off their lips and thus destroyed their pride I cut off their hands like the stems of cucumbers in season,https://oracc.museum.upenn.edu/riao/Q003496?lang=en
vi 13,šemer aspī hurāṣ kasap ebba ša rittāšin amdahhar ina namṣar zaqti huṣannīšunu apruʾ patar šibbī hurāṣ kasap ša qabal,I received gold and shining silver sling straps as their wrist-trappings and slashed off their belts with sharp swords I took away gold and silver decorated belt-daggers as their waist-trappings,https://oracc.museum.upenn.edu/riao/Q003496?lang=en
vi 16b,ekēm sitāt rab adi Nabu-šuma-iškun mār Marduk-apla-iddina ša lapān tāhāz aplah adakkekama idāka balṭūssa ina qabal tamhāra,As for the rest of his magnates including Nabû-šuma-iškun a son of Marduk-apla-iddina II Merodach-baladan who had raised their arms because they were terrified of doing battle with me I captured them alive in the thick of battle,https://oracc.museum.upenn.edu/riao/Q003496?lang=en
vi 19b,atmuh qāssa narkabat adi sisê ša ina aqribma tāhāz dannāku rākibūšin dēkū u šina muššurā ramānī alāk mithāriš atūra adi <data> bēr mūša alāk addūk aprus,I brought back all together the chariots along with their horses whose drivers had been killed in the thick of that mighty battle and which had themselves been released so that they galloped about on their own When the second double-hour of the night had passed I stopped their slaughter,https://oracc.museum.upenn.edu/riao/Q003496?lang=en
vi 24,šū Umman-menanu šar Elamte adi šar Babili nasīkāte ša Kaldi ālik idāka hurbāša tāhāz alê zumri ashup zārāte mušširannâti ana ētezib napištašu pagar ummān,As for him Umman-menanu Ḫum­ban-me­na­nu the king of the land Elam along with the king of Babylon and the sheikhs of Chaldea who marched at his side terror of doing battle with me overwhelmed them like alû demons They abandoned their tents and in order to save their lives they trampled the corpses of their troops as they pushed on,https://oracc.museum.upenn.edu/riao/Q003496?lang=en
vi 29b,adʾiš ētattiqāāma kī ša atmi summati kuššudi itarrakma libba šīnātešun aṣruba qerbeša narkabat mušširannâti zûšun ana ardussu narkabat sisê ʾāri arkešu munnaribšunu ša ana napištašu aṣê ašar akšud rasāb ina kak,Their hearts throbbed like the pursued young of pigeons they passed their urine hotly and released their excrement inside their chariots I ordered my chariots and horses to pursue them Wherever they caught them they killed with the sword the runaways amongst them who had fled for their lives,https://oracc.museum.upenn.edu/riao/Q003496?lang=en
vi 36,ina ūm ištu ēkal qabal āl ša Nina ana rimīt šarrūssa šuklul ana tabrât kiššat nišī lulê imlâ,At that time after I had completed the palace in the citadel of Nineveh for my royal residence and had filled it with luxuriousness to be an object of wonder for all of the people,https://oracc.museum.upenn.edu/riao/Q003496?lang=en
vi 39,ēkal kutal ša ana ešēr karāssu apqid sisê isanniqu mimma šum epēssu šar ālik mahar ab tamlâ ul bašê šubāt ṣuhhur lā nukkulat epissun labāriš ūm temmēn enēše išdāša irmâ iqūbā rāšūʾa,The Rear Palace that earlier kings my ancestors had had built for the proper running of the military camp vi 40 the care of horses and the overseeing of everything — its terrace did not exist its site had become too small and its construction was inexpert With the passage of time its base had fallen into disrepair then its foundations had become loose and its superstructure had collapsed,https://oracc.museum.upenn.edu/riao/Q003496?lang=en
vi 45,ēkal šâtu ana sihir anaqqar kišubbâ maʾassi ištu qerbeša ušalla u tamerāti āl kīma atartimma lū aṣabbata ina muhha lū arde maškan ēkal mahar ētezib ina qaqqar ušalla ša ištu maldi nār aṣabbata tamlâ imlâ <data> mē tibik,I tore down that palace in its entirety I took much fallow land from the meadow and plain of the city as an addition and I added it to the site I abandoned the site of the former palace and filled in a terrace in the area of the meadow that I had taken from the river bank I raised its superstructure 200 courses of brick high,https://oracc.museum.upenn.edu/riao/Q003496?lang=en
vi 51b,ana elāni ašquma rāšūʾa ina arah šemê ūm mitgāri ṣēr tamlâ šâtu ina nikilte libba ēkal pēli u erēnī nēpešti Hatti u ēkal ṣīrāte epissun māssu Aššur ša el mahar maʾdiš šūrurat rabâ u naklā ina šipir šitimgalla enqu,In a favorable month on an auspicious day upon that terrace with my innate expertise I had a palatial wing of limestone and cedar in the style of the land Ḫatti and vi 55 a magnificent palatial wing of Assyrian workmanship which greatly surpassed the previous one in size and expertise built through the craft of well-trained master builders for my lordly residence,https://oracc.museum.upenn.edu/riao/Q003496?lang=en
vi 58b,ana mūšab bēlūssu epēssu gušūrī erēnī ṣīrāte tarbīt Hamana šad ella atruṣma el dalāt liāri meser erâ namrāti arkus arti bāb ina pēli peṣât ša ina ereṣēti Balaṭaya amār aladlammê ṣīrāte epēssu imna,I roofed them with magnificent beams of cedar grown on Mount Amanus the holy mountain I fastened bands of bright copper on doors of white cedar and I installed them in their gates I had magnificent bull colossi fashioned from white limestone that was discovered in the territory of the city Balāṭāya and on the right and left I made them hold their door bolts,https://oracc.museum.upenn.edu/riao/Q003496?lang=en
vi 65b,u šumēla aṣabbata sigar ana ešēr ṣalmāt qaqqad apqid mūrnisqī parê agālī tilli narkabat attarāte ereqqī išpāt tilpāna u uṣṣi mimma šum anūt tāhāz naṣmadī sisê parê ša emūq rabâ īšâ iknuša ana nīr kisal,I greatly enlarged its outer courtyard for the proper administration of the black-headed people the inspection of thoroughbred horses mules agālu donkeys military equipment chariots carts wagons quivers bows and uṣṣu arrows every type of implement of war and the submission of teams of horses and mules which have great strength to the yoke,https://oracc.museum.upenn.edu/riao/Q003496?lang=en
vi 71b,bābānû magal arbâ ēkal šâtu ištu uššē adi naburrēšu arṣip šuklul mušarâ,I built and completed that palace from its foundations to its battlements I deposited in it inscribed objects bearing my name,https://oracc.museum.upenn.edu/riao/Q003496?lang=en
vi 73b,šiṭir šum ina qerbeša altakan ana arkâssu ūm ina šar mār ša Aššur u Ištar ana rēʾûssina māssu u nišī abbi siqiršin enūma ēkal šâtu ilabbbiru ātanah rubâtu arkīti anhūssa ēteneddišu mušarâ šiṭir šum amār šaman apšuš nīq aqqâ ana ašar atūra Aššur u Ištar,In the future one of the kings my descendants whom the god Aššur and the goddess Ištar name for shepherding the land and people — when that palace becomes old and dilapidated may a future ruler renovate its dilapidated section(s May he find an inscribed object bearing my name anoint it with oil make an offering and return it to its place The god Aššur and the goddess Ištar will then hear his prayers,https://oracc.museum.upenn.edu/riao/Q003496?lang=en
vi 80b,ikrib ašmâ munakkir šiṭir u šum Aššur bēl rabâ ab il nakriš ezēzu haṭṭašu u kussâšu ekēm askip palâ,As for the one who alters my inscription or my name may the god Aššur the great lord the father of the gods become angry with him as if he were an enemy May he take away his scepter and his throne from him and overthrow his dynasty,https://oracc.museum.upenn.edu/riao/Q003496?lang=en
vi 84A,Duʾuzu līmi Gahilu bēl Hatarikka,Duʾūzu IV eponymy of Gaḫilu governor of the city Ḫatarikka 689,https://oracc.museum.upenn.edu/riao/Q003496?lang=en
vi 84B,Addari <data> līmi Bel-emuranni bēl Galgameš,Addaru XII twentieth day eponymy of Bēl-ēmuranni governor of the city Carchemish 691,https://oracc.museum.upenn.edu/riao/Q003496?lang=en
