﻿line,akkadian,english,source
i' 1,Ištar ša Nina Ištar ša Arba-ili il tiklēšu ana akšud nakirēšu dannāku amdahhar supê urruhiš ašmâ alāk rēṣūssu,I myself pra]yed to the deities Aššur Sîn Šamaš Bēl Nabû Nergal Ištar of Nineveh and Ištar of Arbela the gods wh]o support me for victory over my strong enemy and they immediately heeded my prayers and cam]e to my aid,https://oracc.museum.upenn.edu/riao/Q003950?lang=en
i' 4,<data> <data> šūzuzu annadirma attalbiš siriyam huliam simat ṣālta annapruma rāšūʾa ina narkabat tāhāz ṣīrāte sāpin zāʾeriki ina uggat libba arkab hanṭiš qašassu dannāku ša Aššur šutlimšu ina qāssa aṣabbata šiltāhi pāriʾ napištašu atmuh rittāšin,I raged up like a ferocious and then put on armor and placed a helmet suitable for combat on my head In my ange]r I rode quickly in my exalted battle chariot which lays enemies low I took in my hand the mighty bow that the god Aššur had granted to me and I g]rasped in m[y hand an arrow that cuts off life,https://oracc.museum.upenn.edu/riao/Q003950?lang=en
i' 9,<data> <data> <data> kīma Adad ašgum ,I thunder[ed like the god Adad,https://oracc.museum.upenn.edu/riao/Q003950?lang=en
i' 10,<data> <data> <data> <data> <data> <data> <data>,No translation possible,https://oracc.museum.upenn.edu/riao/Q003950?lang=en
i' 1',<data> <data> <data> <data> <data> ša narkabat tāhāz sāpin ragga u ṣēni dām u paršu <data> magarri pagar qurādēšu kīma urqīti imlâ ṣēr sapsapāte akkis baltašun abātu kīma bīn qiššê akkis rittāšin,The whe[els of my war chariot which lays criminals and villains low were ba]thed in blood and gore I filled the pl[ain with the corpses of their warriors like grass I cut off their lips and thus destroyed their pride I cut off their han[ds like the stems of cucu]mbers,https://oracc.museum.upenn.edu/riao/Q003950?lang=en
i' 5',šemer aspī hurāṣ kasap ebba ša rittāšin amdahhar ina namṣar zaqti huṣannīšunu apruʾ patar šibbī hurāṣ kasap ša qabal ekēm,I rece[ived gold and shining silver sling straps from their wrists and slash[ed off th]eir belts with sharp swords I to[ok away gold and silver decorated belt-daggers from their waists,https://oracc.museum.upenn.edu/riao/Q003950?lang=en
i' 8',sitāt rab adi Nabu-šuma-iškun mār Marduk-apla-iddina ša lapān tāhāz aplah adakkekama idāka <data> balṭūssa akšud qāssa,As for the rest of his magnates including Nabû-šuma]-iškun a son of Marduk-apla-iddina II Merodach-baladan who had raised their arms because they were terrified of doing battle with me I ca]ptured them alive,https://oracc.museum.upenn.edu/riao/Q003950?lang=en
i' 11',<data> adi parê ,with their mules,https://oracc.museum.upenn.edu/riao/Q003950?lang=en
i' 12',šar Babili u šar Elamte zārāte mušširannâti ana ētezib napištašu pagar ummān adʾiš ētattiqāāma,The king of Babylon and the king of the Elam abandon[ed thei]r tents and in order to save their lives they trampled the corpses of thei]r troops as they pus[hed on,https://oracc.museum.upenn.edu/riao/Q003950?lang=en
i' 14',kī ša atmi summati kuššudi itarrakma libba šīnātešun aṣruba qerbeša narkabat mušširannâti zûšun,Their hearts throbb]ed like the pursued young of pigeons they passed their urine hotly and released their exc[rement inside their chariots,https://oracc.museum.upenn.edu/riao/Q003950?lang=en
i' 16',<data> <data> <data> <data> <data> <data> <data> <data> <data> <data> <data> <data> <data> <data> <data> <data> <data> <data> <data> <data> <data> <data> <data>,No translation possible,https://oracc.museum.upenn.edu/riao/Q003950?lang=en
