﻿line,akkadian,english,source
1,ina muhha kunuk qāl aban <data> ša <data> kī annâ alṭur,You will write as follows upon the small seal-shaped pearl that,https://oracc.museum.upenn.edu/riao/Q003962?lang=en
3,ēkal Sin-ahhe-eriba šar māssu Aššur aban ša ištu libba <data> aššânni ina mahar apṭur,Palace of Sennacherib king of As[syria I had a stone that I carri[ed here from the city Gala I was having it inc[ised in my presence,https://oracc.museum.upenn.edu/riao/Q003962?lang=en
6,manni ša šum šaṭir ipaššiṭu ana dullāti ša il u amēlūti epēssu Aššur Sin Šamaš šum zēr halāq,Whoev[er era[ses my inscribed name or places it in the servi[ce of a god or another pe[rson may the deities Aš]šur Sîn and Šamaš make his name and his seed disappear,https://oracc.museum.upenn.edu/riao/Q003962?lang=en
r 1,ēkal Sin-ahhe-eriba šar māssu Aššur aban ša ištu libba <data> <data> aššânni ina mahar apṭur,Palace of Sennacherib ki[ng of Assyria I had a stone that I carried here from the city Gala I was having it inc[ised in my presence,https://oracc.museum.upenn.edu/riao/Q003962?lang=en
r 4,manni ša šum šaṭir ipaššiṭu ana dullāti ša il u amēlūti epēssu Aššur Sin Šamaš Adad Ištar <data> <data> šum zēr halāq,Whoever e[rases my inscribed name or places it in the serv]ice of a god or another person may the deities Aššur Sîn Šamaš Adad Ištar and make his na[me and his seed disapp[ear,https://oracc.museum.upenn.edu/riao/Q003962?lang=en
