﻿line,akkadian,english,source
1,srgn šar rabâ šar dannāku šar kiššat šar māssu Aššur šakkanak Babili šar māssu Šumeri u Akkad šar kibrāt arbaʾi migir il rabâ <data> ,Sargon II great king strong king king of the world king of Assyria governor of Babylon king of the land of Sumer and Akkad king of the four quarters of the world favorite of the great gods —,https://oracc.museum.upenn.edu/riao/Q006592?lang=en
2,Aššur Nabium Marduk il tiklēšu šarrūssa lā išnunūšuma šutlimšu siqiršin šum damiqtim aṣê ana rēšēt ,The gods Aššur Nabû and Marduk the gods my helpers granted me a reign without equal and exa]lted my good reputation to the h[eights,https://oracc.museum.upenn.edu/riao/Q006592?lang=en
3,ša Sippar Nippur Babili u Barsipa zāninūssun epēssu ša ṣāb kidin mal bāšâ hibiltašina arībma zakûssunu Baltil u Harran ša ištu ūm rūqāti amšima kidinnūssun baṭalu atūra ašar,I continually acted as provider for the cities Sippar Nippur Babylon and Borsippa I made restitution for the wrongful damage suffered by the people of privileged status as many as there were of them I resto[red the exemption from obligations of the city Baltil Aššur and the city Ḫarrān which had fallen into oblivion in the distant past and their privileged status that had lapsed,https://oracc.museum.upenn.edu/riao/Q006592?lang=en
5,<data> <data> <data> <data> <data> <data> <data> ṣēt nannār <data> <data> <data> qerbeša Nina u Kalha <data> <data> <data> <data> <data> ella abšimma <data> <data> <data> <data> <data> abnâ ittanbiṭū šaššāniš <data> ša ištu rāšūʾa šarrūssa adi <data> ana il āšib <data> <data>,like the light of the moon i]n the city Nineveh and the city Kalḫu I created th]eir holy and I built and made shine like the sun that from the beginning of my reign unt]il my fourteenth year to/for the gods who dwell,https://oracc.museum.upenn.edu/riao/Q006592?lang=en
11,<data> ina šēp Muṣri šad elāni Nina ina bibil libba āl epēssu Dur-Šarrukin attasqara nibīssun Ea Sin Šamaš Nabium Adad Ninurta u hīrat rabâ ina qerbeša Ehursaggalkurkurra iʾʾaldu ina qerbeša armâ parak dārât ēkal šinni pīri ušî taskarinni musukkannī erēnī šurmēni daprāni burāši u buṭni ana mūšab šarrūssa qerbeša abnâ <data> bahūlāte nakirēšu kišitte qāssa ina qerbeša pargāniš irtabṣū ittešunu māhāz māssu Aššur amna,In accordance with my heart’s desire I built a city at the foot of Mount Muṣri a mountain upstream from the city Nineveh and I named it Dūr]-Šarrukīn I had the gods Ea Sîn Šamaš Nabû Adad Ninurta and their great spouses created inside Ehursaggalkurkurra “House the Great Mountain of the Lands” and I installed them insi]de it on their eternal dais(es I built inside it palatial halls using lit “of” elephant ivory ebony boxwood musukkannu wood cedar cypress daprānu juniper juniper and terebinth to be my royal residence and I had enemy people whom I had captured dwell inside it as safely as in meadowland and I considered it a[s one of the cu]lt centers of Assyria,https://oracc.museum.upenn.edu/riao/Q006592?lang=en
15,ina tuklāt il rabâ lū alāk nišī marrat elīte adi marrat šaplî kī ištât abēl māssu lā māgir hursānī lā kanše iknuša šēp <data> <data> altakan pān <data> altakan dām hurri natbāk šad arde <data> qerbeša Hatti ašāb <data> šad marṣāti šahāt ēmid <data> <data> aṣabbata šēp <data> assuh ina qerbeša Hatti ašāb <data> <data> nišī Mannaya pulhāte ēmid <data> <data> qerbeša Amate ašāb <data> kabitta ana māssu Aššur attabbal <data> altakan nīr bēlūssu ēmid <data> <data> akšud <data> anappal anaqqar ina išāti ašrup addin šanat akla <data> <data> akšud dīktaša addūk <data> ana māssu Aššur alqâ <data> Ada Šurdaya ēmid nīr Aššur <data> Hubuškia āl šarrūssa <data> <data> <data> <data> <data> <data> <data> <data> <data> <data> <data> <data> <data> <data>,With the support of the great gods I advanced and ruled the people from the Upper Sea to the Lower Sea as if they were one people I made uncompliant lands and insubmissive mou]ntain regions bow down at my feet they set out I establ]ished and I made their blood flow down the gorges of the outflows of the mountains I settled i]n the land Ḫatti Syria of a rugged mountain he sought refuge 20 and he grasped hold of my feet I deported them and settled them in the land Ḫatti and I imposed fear upon the people of the land Mannea and I settled them in the land Hamath I brought their substantial tribute to Assyria 25 I established and imposed on them the yoke of my lordship I conquered I destroyed demolished and burned down with fire they withheld their annual tribute payment(s I conquered and inflic[ted a defeat on them 30 I took to Assyria upon Adâ of the land Šurda I imposed the yoke of the god Aššur Ianzû king of the land Na’iri Hub]uškia his royal city,https://oracc.museum.upenn.edu/riao/Q006592?lang=en
1',ullânūʾa Marduk-apla-iddina āl ašbā u il āšib libba ipahhurū ana Dur-Yakin erēb dunnina kerhē <data> nindan lapān dūr rabâ unessima <data> mē ina ammat rupšu harīṣi altakan <data> <data> nindan išpiluma akšud mê nagab butuqti ištu qerbeša Puratte abtuq arde tamerāti ugāri ašar amdahiṣ mê amkir šupšuq nēbārte šū adi rēṣēšu ṣāb tāhāz ina birīt nār kīma kumê zārāte šarrūssa altakan ipahhurū karāssu,In the face of my advance lit “before me” Marduk-apla-iddina II Merodach-Baladan gathered together the inhabitants of his cities lit “his inhabited cities” and the gods dwelling in them and brought them into the city Dūr-Yakīn He then strengthened its enclosure wall]s and moving back a distance of ten nindanu from the front of its main wall he made a moat two hundred cubits wide He made it one and a half nindanu deep and reached gro]und water He cut a channel from the Euphrates River thereby making its water flow in)to its meadowland He flooded its fields where battles are fought and made cros]sing difficult Together with his allies and his battle troops he pitched his royal tent in a bend of the river lit “between rivers” like a crane and assembled his military camp,https://oracc.museum.upenn.edu/riao/Q006592?lang=en
5',ina qibētī Aššur Nabium Marduk el nār arammē akbus šâšu adi mundahṣē kīma erê muttapriši abārma ina šēti pagar nuballešu u Ahlam-Akkadi ṣāb ṣēr ālik idāka kīma buqli aštaṭi itâka āl imlâ Dur-Yakin bīssu niṣirtašu Iqbi-Bel Kapru Bit-Zabidaya Šat-iddina Zarate Raqqatu Ekuššu Hursaggalli Dur-Bel-aliya Dur-Enlil Bit-Qiblate Nemed-Sin Limitum Mad-akalša <data> āl dannāku adi āl ša libīt tīlāniš ēmâ nišī ṣeher rab āšib nagê u il tiklēšu ištēniš ašallal lā ētezib multahṭē,At the command of the gods Aššur Nabû and Marduk I had a causeway constructed lit “trodden down” across his canals and I caught him together with his fighting men like a flying eagle i]n a net I spread out like malt spread for drying the corpses of his vanguard and of the Aḫlamû the people of the steppe who go at his side and I fi]lled the surroundings of his city with them The city Dūr-Yakīn — his treasure house — and the cities Iqbi-Bēl Kapru Bit-Zabidāya Šāt-iddina Zarāte Raqqatu Ekuššu Ḫursa]ggalla Dūr-Bēl-āliya Dūr-Enlil Bīt-Qiblāte Nēmed-Sîn Limītu and Mād-akālša a total of fifteen fortified cities together with the settlements in th[eir e]nvirons I turned into ruin mo]unds I carried off as booty at the same time both the people — young and old — who lived in the district and the gods who helped them I did not all]ow a single person to escape,https://oracc.museum.upenn.edu/riao/Q006592?lang=en
10',<data> ša bēlūssu <data> <data> el māssu arde <data> <data> <data> <data> <data> <data>,whose lordship I added to my land,https://oracc.museum.upenn.edu/riao/Q006592?lang=en
13',<data> Marduk ikrib ašmâ <data> ai aršâ rēma,and the god Marduk will then listen to his prayers may they not have p[ity on him,https://oracc.museum.upenn.edu/riao/Q006592?lang=en
