﻿line,akkadian,english,source
1,<data> ana Marduk bēl <data> <data> <data> <data> <data> <data> <data> Marduk bēl supê ašmâ Tesaya Tuʾmuna <data> <data> nišī adi maršīssunu,I prayed to the god Marduk lord Marduk my lord listened to my supplications the Tēša and the Tuʾ(mū)na tribes I deported their people together with their property and I re)settled them in the land Ḫatti Syria,https://oracc.museum.upenn.edu/riao/Q006562?lang=en
4b,assuh <data> ina Hatti ašāb ina šanê palâ Ilu-biʾdi Amataya lā bēl kussâšu lā šininti ēkal ša ina rēʾûssina nišī šīmāt lā šīmāt <data> arād ittešunu ṣāb hupši <data> nāš gabābī azmarānê mušširannâti <data> ina Qarqar ša ina kišād Arante <data> ṣāb māssu Amurre rapašti ipahhurū māmīt il rabâ <data> māssu Amurre rapašti ištu rāšūʾa adi šēpīt ittešunu,In my second regnal year Iaū-biʾdī Ilu-biʾdī of the land Hamath who had no right to the throne who was not worthy to live in a palace and who had not been fated to shepherd the people came down and with common soldiers shi]eld and spe[a]r bearers he abandoned and i]n the city Qarqar whi[ch is on the bank of the Orontes River he assembl]ed the troops of the wide land Amurru and transgressed against the oath sworn by the great gods He incited the wide land Amurru from its upper end to its lower end to rebel against me made them act in unison and prepared for battle,https://oracc.museum.upenn.edu/riao/Q006562?lang=en
11b,attabalkat pâ ēda altakan akṣur tāhāz <data> ana māssu Aššur nišī lemnāti lā ṭābte ubaʾʾima <data> alqâ šēṭūssu Arpadda x Ṣimirra x x-x-x-x-tu Dimašqa Samerina ipahhurū ana idāka atūra <data> mār māssu Aššur ša ina qerbeša Amate <data> bāšâ kī ištât addūk,He Iaū-biʾdī sought evil things that were not good f]or Assyria and its people and held them in contempt He assembled the cities Ar[pad Ṣimirra tu Damascus and Samaria and made them side with him He killed the citi]zens of Assyria who were present in the land Hamath altogether and left no one alive,https://oracc.museum.upenn.edu/riao/Q006562?lang=en
16b,napištašu ul ētezib <data> ana Sin šar il bēl māssu <data> nakirēšu muhalliq zāmânī bēl <data> qāssa aššânni alšu akšud Amate askip Ilu-biʾdi <data> māssu Amurre rapašti amdahhar <data> alšu nišī,I raised my hands in supplication to the god Sîn king of the gods and lord of the lands who vanquishes my enemies and destroys my foes my lord and I prayed to him in order to be able to conquer the land Hamath overthrow Iaū-biʾdī and the wide land Amurru Because of his people,https://oracc.museum.upenn.edu/riao/Q006562?lang=en
