﻿line,akkadian,english,source
i 1',šulput rapašti nagê Iaudi Hazaqiyu šar ēmid abšānī ,I ruined the wide district of the land Judah and imposed my yoke on Hezekia]h its kin[g,https://oracc.museum.upenn.edu/riao/Q003948?lang=en
i 2',amēl Tumurraya āšib šad marṣāti ina kak amqutma Ukki adi naphar dadmē kīma tīl abūb abātu,I put to the sword the people of the city Tumurrum who live on a rugged mountain Mount Nipur I destroyed the city Ukku together with every one of its settlements so that they looked like a ruin hill created by the Delu]ge,https://oracc.museum.upenn.edu/riao/Q003948?lang=en
i 4',nišī Hilakki āšib hursānī zaqri anār ,I struck down with the sword the people of the land Ḫilakku who live in the hig]h mountains,https://oracc.museum.upenn.edu/riao/Q003948?lang=en
i 5'b,ina kak Til-garimme ša patti Tabal akšud ašallal šallassin ,I conquered and pl]undered the city Tīl-garimmu which is on the border of the land Tabal,https://oracc.museum.upenn.edu/riao/Q003948?lang=en
i 6',Nagiate Nagiti-diʾbina Ahilimmu Pillate Hupapanu nagê ša šar Elamte ša ina ebertān tâmāti šitkunā šubāt ša nišī Bit-Yakin lapān kak dannāku il mārak māssu ina šubāt adakkekama tâmāti ebēr ašāb qerbeša ina eleppa Hatti ša ina Nina u Til-Barsip epēssu tâmāti lū ebēr āl ša qerbeša nagê šâtunu akšud ina gīri aqmi ana tīl u karmē atūra nišī Bit-Yakin u il adi bahūlāte šar Elamte ašallal ana māssu Aššur ītarrê,The cities Nagītu and Nagītu-diʾbina the lands Ḫilmu Pill]atu and Ḫupapanu districts of the king of the land Elam that are situ]ated on the other shore of the sea in which the people of the land Bīt-Yakīn — having because of my mighty weapons dislodged the gods of the full extent of their land from their abodes and crossed the sea — took up residen]ce inside i 10´ I crossed the sea in boats of the land Ḫatti which I had built in Nineveh and the city Tīl-Barsip I conquered and burned with fire the cities in those districts and I tu[rned them in]to a mound of ruins lit “a mound and ruins” I carried off the people of the land Bīt-Yakīn and their gods together with soldiers of the king of the land Elam and I br]ought them to Assyria,https://oracc.museum.upenn.edu/riao/Q003948?lang=en
i 14',<data> <data> <data> <data>,No translation possible,https://oracc.museum.upenn.edu/riao/Q003948?lang=en
ii 1',<data> <data> ša lapān <data> ina <data> <data> <data> <data> <data> <data>,who be cause during,https://oracc.museum.upenn.edu/riao/Q003948?lang=en
