﻿line,akkadian,english,source
1',<data> <data> <data> <data> <data> nār ṣahri lā mīna <data> <data> ipahhurū ana <data> <data> altakan <data> <data> nindan išpiluma <data> <data> tamerāti ugāri ašar amdahiṣ <data> <data> kīma kumê zārāte šarrūssa <data>,I mustered the numerous troops of the god Aššur and crossed the Tigris and Euphrates Rivers as well as in]numerable small stream]s Like the Deluge I overwhelmed the Chaldeans to their lit its full extent In the face of my advance lit “before me” Marduk-apla-iddina II Merodach-Baladan gathered together the inhabitants of his cities lit “his inhabited cities” and the gods dwelling in them and brought them in]t[o the city Dūr-Yakīn He strengthened its enclosure walls and moving back a distance of ten nindanu from in front of its main wall he made a moat two hundred cubits wide he made the moat one and a half nindanu deep and reached ground water He cut a channel from the Euphrates River thereby making its water flow in)to it]s meadowland He flooded its fields where battles are fought and made crossing difficult Together with his allies and his battle troops he pitched his royal tent in a bend of the river lit “between rivers” lik]e a crane and assembled his military camp,https://oracc.museum.upenn.edu/riao/Q006567?lang=en
7',<data> akbus šâšu adi mundahṣē <data> <data> idāka kīma buqli aštaṭi itâka <data> <data> libīt tīlāniš ēmâ nišī ṣeher rab <data>,At the command of the gods Aššur Nabû and Marduk I had a causeway constructed lit “trodden down” across his canals and I caught him together with his fight[ing men like a flying eagle in a net I spread out like malt spread for drying the corpses of his vanguard and of the Aḫlamû the people of the steppe who go at his side and I filled the surroundi[ngs of his city with them together with the settlements in their en]virons I turned into ruin mounds I carried off as booty at the same time both the people — young and o[ld — who lived in the district and the gods who helped them I did not allow a single person to escape,https://oracc.museum.upenn.edu/riao/Q006567?lang=en
10',<data> lā anna ina qerbeša kamû ṣibittašunu <data> <data> Sute ekēm ramānī <data> <data> mašûti ša ina dilih māssu baṭāli atūra <data> <data> Nemed-Laguda altakan andurār <data> <data> sattukkēšu baṭalu atūra <data>,As for the citizens of the cities Sippar Nippur Babylon and Borsippa who through n]o fault of their own had been held captive in them I put an end to their imprisonment and let them see the light of day With regard to their fields which long ago while the land was in disorder the Sutians had taken away and appropriated for their own — I struck down those Sutians the people of the steppe with the sword I restored to their former status their territories whose boundaries had been forgotten and fallen into disuse during the troubled period in the land I re)-established the freedom from obligations of the cities Ur Uruk Eridu Larsa Kullab Kissik and Nēmed-Laguda Moreover I returned their gods that had been carried off as booty to their cult centers and I rest[ored their regular offerings that had been discontinued,https://oracc.museum.upenn.edu/riao/Q006567?lang=en
15',<data> nišī Kummuha kišitte qāssa qerbeša armâ <data> <data> Babili u šūt rāšūʾa māssu <data>,I restored the land Bīt-Yakīn and reorganized its administration I settled there people from the land K]ummuḫu that I had conquered and I had them occupy its Bīt-Yakīn’s abandoned regions I divided up that land into equal parts and assigned them to the authority of a eunuch of mine the governor of B]abylon and a(nother eunuch of mine the governor of the Gambulu tribe,https://oracc.museum.upenn.edu/riao/Q006567?lang=en
17',<data> erēb qāssa bēl rabâ <data> <data> erâ <data>,"Happily with a joyful heart and a radiant face I entered Babylon the cult center of the Enlil of the gods Marduk I grasped hold of the hands of the gre[at lord the god Marduk and brought him safely along the road to the akītu house With regard to 154 talents 26 minas and 10 shekels of red gold 1,604 talents and 20 minas of pure silver copper and iron in immeasurable quantities",https://oracc.museum.upenn.edu/riao/Q006567?lang=en
