﻿line,akkadian,english,source
1,Aššur-uballiṭ iššakki Aššur mār Eriba-Adad Eriba-Adad iššakki Aššur mār Aššur-bel-nišešu Aššur-bel-nišešu iššakki Aššur mār Aššur-nerari Aššur-nerari iššakki Aššur mār Aššur-rabi Aššur-rabi iššakki Aššur mār Enlil-naṣir Enlil-naṣir iššakki Aššur mār Puzur-Aššur iššakki Aššur,Aššur-uballiṭ I vice-regent of the god Aššur son of Erība-Adad I Erība-Adad I vice-regent of the god Aššur was the son of Aššur-bēl-nišēšu Aššur-bēl-nišēšu vice-regent of the god Aššur was the son of Aššur-nārārī II Aššur-nārārī II vice-regent of the god Aššur was the son of Aššur-rabi I Aššur-rabi I vice-regent of the god Aššur was the son of Enlil-nāṣir I and Enlil-nāṣir I vice-regent of the god Aššur was the son of Puzur-Aššur III vice-regent of the god Aššur,https://oracc.museum.upenn.edu/riao/Q005719?lang=en
13,Aššur-uballiṭ šakan Enlil iššakki Aššur ana balāssu u išlimma āl dūr rab ša Alu-eššu ša in pān ikkīdi epša ūma in qabal āl altakan ša Puzur-Aššur ab rubā in pān epāš ānah išdu ussīšu adi gabadibbēša epāš u sikittī altakan,Aššur-uballiṭ I appointee of the god Enlil vice-regent of Aššur for his life and the well-being of his city As for the of the New City which previously had been built outside the city but now was now situated within the city which Puzur-Aššur III my ancestor a ruler who came before me had previously built it had become dilapidated and I built it from its foundations to its crenellations Moreover I deposited my clay cone therein,https://oracc.museum.upenn.edu/riao/Q005719?lang=en
24,rubā arkīti enūma bēssu šatti ānah epāš Aššur Adad u Bel-šarri ikrib ašmâ u sikittī ana ašar atūra,When a future ruler builds that house when it becomes dilapidated the gods Aššur and Adad will then listen to his prayers Moreover may he return my clay cone to its place,https://oracc.museum.upenn.edu/riao/Q005719?lang=en
30,Muhur-ilani līmi Enlil-mudammiq,Muḫur-ilāni eponymy of Enlil-mudammiq,https://oracc.museum.upenn.edu/riao/Q005719?lang=en
