﻿line,akkadian,english,source
iii 1',<data> <data> in <data> u dūr <data> <data> Nergal bēl <data> lū <data> <data> <data> <data> <data>,In the city Tarbiṣu Moreover as for its wall for the god Nergal my lord I,https://oracc.museum.upenn.edu/riao/Q005804?lang=en
iii 6',bēssu Ištar bēlat <data> <data> <data> <data> ēteneddišu siqqurrassu <data> <data> bēssu ella šubat nēhta <data> <data> ana Ištar bēlat Talmusa in qarbešunu Talmusa lū <data> <data> <data>,I renovated the temple of the goddess Ištar my lady which is in the city Talmusu Talmuššu As for her ziggurat the holy shrine the peaceful abode I built it inside the city Talmusu for the goddess Ištar the lady of the city Talmusu,https://oracc.museum.upenn.edu/riao/Q005804?lang=en
iii 11',Egašankalama bēssu Ištar bēlat Arba-il bēlat u siqqurrassu epāš,I built Egašankalama the temple of the goddess Ištar lady of Ar[bela my lady and her ziggurat,https://oracc.museum.upenn.edu/riao/Q005804?lang=en
iii 13',siqqurrassu rab ana Aššur bēl in qarbešunu āl Aššur,As for the great ziggurat I built it for the god Aššur my lord inside my city Aššur,https://oracc.museum.upenn.edu/riao/Q005804?lang=en
iii 15'b,epāš bēssu Adad ša Kahat u Adad ša Isana bēl,I built the temple of the god Adad of the city Kaḫat and the god Adad of the city Isāna my lords,https://oracc.museum.upenn.edu/riao/Q005804?lang=en
iii 17'b,lū epāš māhāz ēkur šâtunu el ša pān šūturi išdu ussīšu adi gabadibbēša abnâ tašīlassu epāš u narâ altakan,I made those cult centers and shrines better than before built them from their foundations to their crenellations and made them magnificent Moreover I deposited my commemorative inscription inside them,https://oracc.museum.upenn.edu/riao/Q005804?lang=en
