﻿line,akkadian,english,source
1,Sin-ahhe-eriba šar rabâ šar dannāku šar māssu Aššur šar lā išnunūšuma rēʾi mutnennû pālih il rabâ nāṣir kināti rāʾim mešāri ēpissa ūsāt ālik tappût akê sāhir dameqtašu eṭli gitmālī zikar qardi ašarēd kal malik rappu lāʾiṭ lā māgir mušabriq zāmânī,Sennacherib great king strong king king of Assyria unrivalled king pious shepherd who reveres the great god[s guardian of truth who loves justi]ce renders assistance goes to the aid of the weak and strives after good deeds perfect man virile warrior foremost of all rulers the bridle that controls the insubmissive and the one who strikes enemies with lightning,https://oracc.museum.upenn.edu/riao/Q003476?lang=en
4,Aššur šad rabâ šarrūssa lā išnunūšuma šutlimšu el gimir āšib parak arbâ kak ,The god Aššur the great mountain granted to me unrivalled sovereignty and made my weapons greater than those of all who sit on royal da]ises,https://oracc.museum.upenn.edu/riao/Q003476?lang=en
5,ina rāšūʾa šarrūssa ša Marduk-apla-iddina šar Karduniaš adi ummān Elamte rēṣēšu ina tamerāti Kiš altakan dabdâšu ina qabal tamhāra šatti ētezib karāssu ēdiš ipparaššidu ana Guzummani innabidūma qerbeša agammē u appārāte erēb napištašu eṭēr narkabat ṣumbāte sisê parê imērī gammalī u udrāte ša ina aqribma tāhāz mušširannâti akšud qāssa,At the beginning of my kingship I brought about the defeat of Marduk-apla-iddi]na II Merodach-baladan king of Karduniaš Babylonia together with the troops of the land Elam his al[lies i]n the plain of Kish In the midst of that battle he abandoned his camp He fled alone and escaped to the land Guzummānu where he entered the swamps and marshes and thereby saved his life I seized the chariots wagons horse]s mules donkeys camels and Bactrian camels that he had abandoned in the thick of bat[tle,https://oracc.museum.upenn.edu/riao/Q003476?lang=en
8,ana ēkal ša qerbeša Babili hadîš erēb aptâ bīssu niṣirtašu hurāṣ kasap anūt hurāṣ kasap aban aqarte mimma šum būšašu makkūr niṣirtašu kabitta alti sekrati ēkal tīrī manzāssin pān sihir ummânī mal bāšâ muttabbil ēkal aṣê šallatiš amna,I joyful]ly entered his palace which is in Babylon then I opened his treasury and brought out go[ld silver gold and silver uten]sils pr[ecious stones all kinds of possessions and property a substantial treasure together with his wife his palace women cour]tiers attendants all of the crafts[men as many as there were and his palace attendants and I counted them as booty,https://oracc.museum.upenn.edu/riao/Q003476?lang=en
10,aṣabbata arkešu ana Guzummani mundahṣē ana qerbeša agammē u appārāte ʾāri <data> ūm ipārūnimma ul amār ašar ,I pursued him to the land Guzummānu and ordered my warriors into the midst of swamps and marshes For five days they searched for him but his hiding place could not be found,https://oracc.museum.upenn.edu/riao/Q003476?lang=en
11,ina emūq Aššur bēl <data> āl dannāku bīssu dūr ša Kaldi u <data> mē <data> āl ṣahri ša libīt alme akšud ašallal šallassin urbī Arame u Kaldaya ša qerbeša Uruk Nippur Kiš Hursagkalamma Kute adi mār āl bēl hīṭātišu aṣê šallatiš amna,With the strength of the god Aššur my lord I surrounded conquered and plundered 89 fortified cities fortresses of Chal[dea and 820 small(er settlements in their environs I brought out the auxiliary forces of the Arameans and Chaldeans who were in Uruk Nip[pur Kish Ḫursagkalamma and Cutha together with the guilty citizens and I counted them as booty,https://oracc.museum.upenn.edu/riao/Q003476?lang=en
13,Bel-ibni mār banê perʾašu Šuanna ša kīma mīrāni ṣahri qerbeša ēkal arbâ ana šarrūssa māssu Šumeri u Akkad altakan el ,I appointed over them Bēl-ibni a son of a rab banî and a scion of Šuanna Babylon who had grown up like a young p]uppy in my palace as king of the land of Sumer and Akkad,https://oracc.museum.upenn.edu/riao/Q003476?lang=en
14,ina tayyarat Tuʾmuna Rihihu Yadaqqu Ubudi Gibre Malahu Gurume Ubulu Damuni Gambulaya Hindari Ruʾuʾa Puqudaya Hamaranaya Hagaranu Nabatu Liʾtaʾa Arame lā kanše mithāriš akšud <data> mē <data> līm nišī zikar u sinniš <data> līm <data> mē sisê parê <data> līm <data> imērī <data> līm <data> mē <data> gammalī <data> līm <data> mē alap <data> mē līm <data> mē ṣēnašu šallassin kabitta ašallal ana qerbeša māssu Aššur,"On my return march I defeated all together the Tuʾmūna Riḫiḫu Yadaqqu Ubudu Gibrê Maliḫu Malaḫu Gurumu Ubulu Damunu 15 Gambulu Ḫindaru Ruʾuʾa Puqudu Ḫamrānu Ḫagarānu Nabatu and Liʾtaʾu insubmis]sive Arameans I carried off into Assyria a sub]stanial booty consisting of 208,000 people male and female 7,200 horses and mules 11,073 donkeys 5,230 camels 80,100 oxen and 800,600 sheep and goats",https://oracc.museum.upenn.edu/riao/Q003476?lang=en
17,ina mēteq gerra ša Nabu-bel-šumati qēpāni Hararate hurāṣ kasap musukkannī rabâ imērī gammalī alap u ṣēnašu tāmartašu kabitta amdahhar ,In the course of my campaign I received a substantial aud]ience gift from Nabû-bēl-šumāti the official in charge of the city Ḫararatu Ḫarutu gold silver large musukkannu trees donkeys camels oxen and sheep and goats,https://oracc.museum.upenn.edu/riao/Q003476?lang=en
18,bahūlāte Hirimme nakirēšu akṣi ša ištu ulla ana nīr lā kitnuš ina kak amqutma napištašu ul ētezib nagê šatti ana eššūte aṣabbata ištât alap <data> immer <data> imēr karān <data> imēr suluppī rēšēt ana il māssu Aššur bēl ikūn dārišam,I put to the sword the population of the city Ḫirimmu a dangerous enemy who since time immemorial had not submitted to my yoke and I did not leave one alive I reorganized that district and imposed for eternity one ox ten sheep ten homers of wine and twenty homers of dates as his first-fruits offerings to the gods of Assyria my lords,https://oracc.museum.upenn.edu/riao/Q003476?lang=en
20,ina šanê gerra Aššur bēl atkal ana māssu Kašši u māssu Yasubigallaya nakirēšu akṣi ša ištu ulla ana šar ab lā kitnuš lū alāk qerbeša hursānī zaqri eqel namrāṣi ina sisê arkab narkabat šēp ina tikkāte aššânni ašar šupšuqāma ina šēp rīmāniš attaggiš,On my second campaign the god Aššur my lord encouraged me and I marched to the land of the Kassites and the land of the Yasubigallians a dangerous enemy who since time immemorial had not submitted to the kings my ancestor]s In the high mountains difficult terrain I rode on horseback and had my personal chariot carried on men’s necks In very rugged terrain I roamed about on foot like a wild bull,https://oracc.museum.upenn.edu/riao/Q003476?lang=en
22,Bit-Kilamzah āl dannīti alme akšud nišī ṣeher rab sisê parê imērī alap u ṣēnašu ištu qerbeša aṣê šallatiš amna āl ṣahri ša nība lā īšâ anappal anaqqar ēmâ karmeš bīssu ṣēr kultār tuklāt ina gīri aqmi ditalliš ēmâ,I surrounded and conquered the city Bīt-Kilamzaḫ their fortified city I brought out of it people young and old horses mules donkeys oxen and sheep and goats and I counted them as booty I destroyed devastated and turned into ruins their small(er settlements which were without number I burned with fire the pavilions and tents that they relied upon and reduced them to as]hes,https://oracc.museum.upenn.edu/riao/Q003476?lang=en
24,atūra Bit-Kilamzah šatti ana birtūti aṣabbata el ša ūm pān dunnina amuhhuš nišī māssu kišitte qāssa ina libba ašāb nišī māssu Kašši u māssu Yasubigallaya ša lapān kak ipparaššidu ištu qerbeša šad arād ina Hardišpi Bit-Kubat armâ ina qāssa šūt rāšūʾa bēl Arrapha amna narâ epēssu lētu kišitte qāssa ša el altakan ṣēr alṭur ina qerbeša āl azziz,I made that city Bīt-Kilamzaḫ a fortress again and strengthened its enceinte more than before I settled therein the people of the lands that I had conquered 25 I brought down from the mountains the people of the land of the Kassites and the land of the Yasubigallians who had fled from my weapons and I made them dwe[ll in the cities Ḫardišpu and Bīt-Kubatti I placed them under the authority of a eunuch of mine the governor of the city Arrapḫa I had a stele made had all the victorious conquests that I achieved over them written o]n it and I erected it in that city,https://oracc.museum.upenn.edu/riao/Q003476?lang=en
27,pān nīr atūra ana Ellipi aṣabbata harrān ellāmēšun Ispabara šar āl dannāku bīssu niṣirtašu mušširannâti ana rūqēte innabidūma gimir māssu rapašti kīma imbari ashup Marubišti Akkuddu āl bīssu šarrūssa adi <data> āl dannāku u āl ṣahri ša libīt ša nība lā īšâ anappal anaqqar ina gīri aqmi kirâtešunu akšiṭ el ugāri habṣūti šahurratu atbuk Ellipi ana patti gimir arbūta alāk,I turned around lit “I turned the front of my yoke” and took the road to the land Ellipi Before my arrival Ispabāra their king abandoned his fortified cities and his treasury and fled far away I overwhelmed all of his wide land like a fog I destroyed devastated and burned with fire the cities Marubištu and Akkuddu cities of his royal house together with thirty-four fortified cities and small(er settlements in their en]virons which were without number then I cut down their orchards and poured deathly quiet over their fertile fields In this manner I reduced to desolation the land Ellipi to its full extent,https://oracc.museum.upenn.edu/riao/Q003476?lang=en
30,nišī ṣeher rab zikar u sinniš sisê parê imērī alap u ṣēnašu lā mīna ašallal adi lā bašê alāk Ṣiṣṣirtu Kummahlu āl dannāku adi āl ṣahri ša libīt Barrua nagê ana gimirti ištu qerbeša māssu abtuq el miṣir māssu Aššur arde,I carried off people young and old male and female horses mules donkeys oxen and sheep and goats without number and brought them to nought I detached fr]om his land the cities Ṣi(ṣ)ṣirtu and Kummaḫlum fortified cities together with the small(er settlements in their environs and the district of the land Bīt-Barrû in its entirety and I added this area to the territory of Assyria,https://oracc.museum.upenn.edu/riao/Q003476?lang=en
32,Elenzaš ana āl šarrūssa u dannassu nagê šatti aṣabbata šum mahar ikkirā Kar-Sin-ahhe-eriba abbi nibīssun ,I took the city Elenzaš as a royal city and a fortress for that district then I changed its former name and called it Kār-Sennacherib,https://oracc.museum.upenn.edu/riao/Q003476?lang=en
33,ina tayyarat ša Madaya rūqāti ša ina šar ab mamma lā ašmâ siqiršin māssu maddatta kabitta amdahhar ana nīr bēlūssu iknuša ,On my return march I received a substantial payment from the distant Medes of whose land none of the kings my ancestors had heard mention Thus I made them bow down to the yoke of my lo]rd[ship,https://oracc.museum.upenn.edu/riao/Q003476?lang=en
34,ina ūm Nina māhāz ṣīrāte āl narām Ištar ša naphar kidudê il u ištar bāšâ qerbeša temmēn dārê duruš ṣât ša ištu ulla ittešunu šiṭir burūmê eṣratsu eṣir šūpû ṣindā ašar naklā šubāt pirište ša mimma šum šipir nikilte gimir pelludê niṣirtašu lalgar šutābula qerbeša,At that time Nineveh the exalted cult center the city loved by the goddess Ištar in which all of the rituals for gods and goddesses are prese]nt 35 the enduring foundation and eternal base whose plan had been designed by the st]ars lit “[writ]ing” of the firmament and whose arrangement was made man]ifest since time immemorial a sophisticated place and site of secret lore in which every kind of skilled craftsmanship all of the ritual]s and the secret(s of the lalgar cosmic subterranean water are apprehended,https://oracc.museum.upenn.edu/riao/Q003476?lang=en
37,ša ištu ulla šar ālik mahar ab ullânūʾa bēlūssu māssu Aššur epēssu ʾāri baʾūlāt Enlil u šattišam lā naparkâ erbī lā narbâte bilassun malik kibrāt arbaʾi amdahhar qerbeša,in which since time immemorial earlier kings my ancestors before me exercised dominion over Assyria and ruled the subjects of the god Enlil and wherein annually without interruption they received an income unsurpassed in amount the tribute of the rulers of the four quarters of the world,https://oracc.museum.upenn.edu/riao/Q003476?lang=en
39,ayyimma ina libba ana ēkal qerbeša kummē rimīt bēlūssu ša ṣuhhur šubāt lēssu ul addâ libba ul hasās ana ešēr sūq āl u lišamdil rebâte ahrâ nār azqup ṣippat unzāšu ul bašê ul attabbal karassin,but not one among them had paid heed to or sho]wn interest in the palace inside it the seat of lordly dwelling whose site had become too small 40 nor had anyone of them con]ceived of and put his mind towards the straightening of the city’s street(s and the widening of its squares the dredging of the river and the planting of orchards,https://oracc.museum.upenn.edu/riao/Q003476?lang=en
41,yâte Sin-ahhe-eriba šar māssu Aššur epēssu šipir šatti kī ṭēm il ina unzāšu bašê kabatsu attabbal tenēšet Kaldi Arame Mannaya Que u Hilakki ša ana nīr lā kitnuš assuh tupšikki aššânni albin libittašin abī kupê ša qerbeša Kaldi akšiṭ appārāte šamhāti ina bahūlāte nakirēšu kišitte qāssa ašdud ana epēssu šipir,But as for me Sennacherib king of Assyria the performing of this work came to my attention by the will of the gods and I put my mind to it I forcibly removed the people of Chaldea Aramean tribes the land of the Manneans and the lands Que and Ḫilakku who had not submitted to my yoke then I made them carry baskets of earth and they made bricks I cut down canebrakes in Chaldea and I had their splendid reeds hauled to Nineveh for its the palace’s construction by enemy soldiers whom I had defeated,https://oracc.museum.upenn.edu/riao/Q003476?lang=en
44,ēkal mahar ša <data> mē <data> ina ammat šiddi ina tarṣi zamê bīssu ziqqurrat <data> ina ammat rupšu ina tarṣi nāmari bīssu Ištar <data> mē <data> ina ammat rupšu ina tarṣi nāmari Bit-Kidmuri <data> ina ammat rupšu ša šar ālik mahar ab ana rimīt bēlūssu epēssu lā ikkilū šipir Tebilti agê šitmurti ša ina aššânni gegunnê qabalti āl abātu kimah nakmāte kullum šamaš u ištu ūm rūqāti ṭēh ēkal ibʾa ina mīlêša gapšāte ina uššē abbu bašê irūmma temmēn,The former palace which was 360 cubits long opposite the zamû wall of the ziggurrat 80 cubits wide opposite the tower of the temple of the goddess Ištar 134 cubits wide op[posite the tower of the Bīt-Kidmuri and 95 cubits wide on the other side 45 which earlier kings my ancestors had had constructed for their lordly dwelling but whose construction they had carried out in[expertly — the Tebilti River a tempestuous flood of water which when it rose had destroyed sacred buildings inside the city and exposed the mou[nds of their tombs lit “their moun[ded tombs” to the sun and which had flowed from distant days by the side of the palace and which thereby had caus]ed erosion in its foundation when its flood was in full spate and had shaken its base,https://oracc.museum.upenn.edu/riao/Q003476?lang=en
48,egalturrâ šâtu ana sihir anaqqar ša Tebilti mālak išni abbu iṭīb ešēr mūṣâšu ,I tore down that small palace in its entirety then I changed the course of the Tebilti River repaired the effects of the erosion and directed its outflow,https://oracc.museum.upenn.edu/riao/Q003476?lang=en
49,qerbeša katim asurrakkiša šaplāni qan elāniš aban šad dannāku ittešunu kupri aksâ eqel ištu māmē elê nābališ atūra <data> mē ina asli rabâ šiddi <data> mē <data> ina asli rabâ pūssa elīte iltāni <data> mē <data> ina asli rabâ pūssa qablīti <data> mē <data> ina asli rabâ pūssa šaplî šūti šiddi Diglat tamlâ imlâ amšuh mešihta labāriš ūm ina mīlêša kiššat temmēn lā enēše askuppāt pēli rabbâte asurrûšin ishur dunnina šupuk,In the hidden depths of its subterranean waters I bonded together with bitumen reeds below and strong mountain stone above then I raised that area out of the water and converted it to dry land 50 I filled in and measured a terrace of 700 large aslu cubits along its longer side 162 large aslu cubits along its upper northern shorter side 217 large aslu cubits along the inner shorter side and 386 large aslu cubits along the lower southern shorter side which is beside the Tigris River In order to prevent its foundation from being weakened over the passage of time by cresting flood(s I surrounded its damp course with large limestone slabs and thereby reinforced its base,https://oracc.museum.upenn.edu/riao/Q003476?lang=en
53,mušarâ šiṭir šum <data> mē <data> tibik tamlâ qerbeša alṭur šaplāni ina uššē ētezib ahrâtaš ,I inscribed objects bearing my name 160 courses of brick wi[thin the terrace and I deposited them deep down in its foundation for ever after,https://oracc.museum.upenn.edu/riao/Q003476?lang=en
54,arkānu ašquma tamlâ kabatsu attabbal <data> tibik ṣēr mahrê liṣṣib <data> mē <data> tibik ašquma elāniš tarpaš el ša ūm pān arbâ ṣēr mešihta ēkal mahar arde lišamdil šikittaš,Afterwards I decided to increase the height of the terrace then I added 20 courses of brick to the former terrace and thus I raised it to a total height of 180 courses of brick 55 I made the area larg]er than before added it to the former dimensions of the palace and thus enlarged its structure,https://oracc.museum.upenn.edu/riao/Q003476?lang=en
56,ēkal šinni pīri ušî taskarinni musukkannī erēnī šurmēni burāši u buṭni Egalzagdinutuku ana mūšab šarrūssa epēssu qerbeša ,I had a palace of elephant ivory ebony boxwood musuk kannu wood cedar cyp[ress juniper and terebinth a palace that I named Egalzagdinutukua “The Palace Without a Rival” constructed thereon as my royal residence,https://oracc.museum.upenn.edu/riao/Q003476?lang=en
57,gušūrī erēnī tarbīt Hamana ša ištu qerbeša hursānī rūqāti namrāṣiš ibabbalūni atruṣma tarāni dalāt šurmēni ṣīrāte ša ina aptâ u atūra erēssi ṭāba meser siparrī namrāti arkus arti bāb,I roofed them the rooms of the palace with beams of cedar grown on Mount Amanus which were brought with difficulty from that distant mountain terr[ain I fastened bands of shining bronze on magnificent doors of cypress whose scent is sweet on opening and clos[ing and I installed them in their gates,https://oracc.museum.upenn.edu/riao/Q003476?lang=en
59,bīssu appāte tamšīl ēkal Hatti ša ina lišān māssu Amurre bīssu hilāni alsâ ana multaʾʾûte bēlūssu epēssu qerbeša ,For my lordly pleasure I had a portico a replica of a Hittite palace which is called bīt-ḫilāni in the language of the land Amurru constructed inside them,https://oracc.museum.upenn.edu/riao/Q003476?lang=en
60,<data> urmahhē petâ birkāya šutātûte ša ina šār šār šār nēr bilassun erâ namrāti pitiq Ninagal šūpû malâ namrīr u <data> timmē šutāhāte ša šār nēr nēr nēr nēr bilassun pitiq siparrī šubbuʾu adi <data> timmē erēnī rabâ el piriggallē ikūn adappī kulūl bāb ēmid,"Eight striding lions standing opposite one another which were made from 11,400 talents of shining copper c]ast by the god Ninagal and were filled with radiance — upon those lion colossi I installed two identical columns that were cast from 6,000 talents of bronze together with two large cedar columns and I positioned cross-beams upon them as a cornice for their gate(s",https://oracc.museum.upenn.edu/riao/Q003476?lang=en
62,erbaʾi immer šad lamassāt ša kasap siparrī ittešunu immer šad lamassāt ša aban šad ešqi nakliš abnâ ana erbaʾi šāri aṣabbata sigar asmā ,I expertly fashioned four mountain sheep colossi of silver and bronze together with mountain sheep colossi of massive mountain stone and in four directions I made them hold their the gates’ suitable door bolt(s,https://oracc.museum.upenn.edu/riao/Q003476?lang=en
63,askuppāt pēli rabbâte dadmē nakirēšu kišitte qāssa qerbeša ēsiha asurrûšin ishur ana tabrât alāk ,I engraved on large limestone slabs images of the ene]my settlements that I had conquered I surrounded their the palace rooms’ lower courses with them and made them an object of wo[nder,https://oracc.museum.upenn.edu/riao/Q003476?lang=en
64,kirimahhi tamšīl Hamana ša gimir riqqī inba ṣippat iṣ tuklāt šad u Kaldi qerbeša hurrušu itâka azqup ,I planted alongsi[de it the palace a botanical garden a replica of Mount Amanus which has all kinds of aromatic plants and fruit trees trees that are the mainstay of the mountains and Chaldea collected inside it,https://oracc.museum.upenn.edu/riao/Q003476?lang=en
65,alšu azqup ṣippat eqel tamerāti elāni āl <data> ana mār Nina pilku upallikma adgul pān ,To plant gardens I subdivided the meadowland upstream of the city into plots of two pānu ea[ch for the citizens of Nineveh and I handed them over to them,https://oracc.museum.upenn.edu/riao/Q003476?lang=en
66,ana miṭrāte išmuhā ištu patti Kisiri adi tamerāti Nina šad u bērūtī ina akkulāte parzilla ušattirma ešēr harrāti <data> <data> bēr qaqqar ištu qerbeša Husur māmē dārê ašar arde qerbeša ṣippat šâtina lišahbiba pattiš,To make those planted areas luxuriant I cut with iron picks a canal straight through mountain and valley from the border of the city Kisiri to the plain of Nineveh I caused an inexhaustible supply of water to flow there for a distance of one and a half leagues from the Ḫusur River and made it gush through feeder canals into those gardens,https://oracc.museum.upenn.edu/riao/Q003476?lang=en
68,ištu šipir ēkal bēlūssu iqtâ lišamdil rebâte birēti sūq ippardi immerū kīma ūm Aššur bēl rabâ il u ištar āšib māssu Aššur ina qerbeša aqre nīq tašrihte aqqâ šutlimšu kadrâ,After I had finish]ed the work on my lordly palace broadened the squares and brought light into the alleys and streets making them as bright as day I invited inside it the palace the god Aššur the great lord and the gods and goddesses l]iving in Assyria then I made splendid offerings and presented my gift(s,https://oracc.museum.upenn.edu/riao/Q003476?lang=en
70,ana arkâssu ūm ina šar mār ša Aššur ana rēʾûssina māssu u nišī abbi siqiršin enūma ēkal šâtu ilabbbiru ātanah anhūssa ēteneddišu mušarâ šiṭir šum amār šaman apšuš nīq aqqâ ana ašar atūra Aššur ikrib ašmâ,In the future may one of the kings my descendants whom the god Aššur names for shepherding the land and people renovate its dilapidated section(s when that palace be[comes old and dilapidated May he find an inscribed object bearing my name anoint it with oil make an offering and return it to its place The god Aššur will then hear his prayers,https://oracc.museum.upenn.edu/riao/Q003476?lang=en
72,<data> šūš <data> šum mušarâ Sibuti līmi Nabû-leʾi māssu Arba-ili,The line count of the inscription is 71 lines Sibūti eponymy of Nabû-lēʾi governor of the city Arbela 702,https://oracc.museum.upenn.edu/riao/Q003476?lang=en
