﻿line,akkadian,english,source
1',<data> ša <data> tanittašun <data> u ūm <data>,No translation warranted,https://oracc.museum.upenn.edu/riao/Q004623?lang=en
5',ana māssu Akkad <data> Gannanate <data> Marduk-bel-usate <data> issišunu lū <data> <data> <data> Marduk-bel-usate <data> <data> ša issišunu addūak <data> u Barsipa <data> ana pān il <data> Baqani birāte ša Adini mār Dakkuri <data>,I marched to the land Akkad and surrounded the city Gann[anāte Marduk-bēl)-uṣāti with him I killed/defeated Marduk-bēl)-uṣāti together with the traitorous troops who were with him I marched to Babylon and Borsippa and made sacrifices before my gods I went down to Chaldea and approached the city Baqānu a fortress of A[dīnu of Bīt-)Dakkūri lit “son of Dakkūru” I imposed upon him,https://oracc.museum.upenn.edu/riao/Q004623?lang=en
15'b,dašnu ēmessunu <data> bēssu Aššur bēl igār <data> ana sihir in <data> u tammēnīya altakan,At that time as for the temple of the god Aššur my lord its walls had become dilapidated In their entirety I built them with Moreover I deposited my clay inscription therein,https://oracc.museum.upenn.edu/riao/Q004623?lang=en
19',Abu <data> līmi Ihtadi-libbušu šakan Naʾiri Andi Sinabu <data>,Abu V ex 1 Bēl[at-ekalli twentieth day eponymy of Ḫadi-libbušu the governor of the Naʾiri land(s the city Andi the city Si[nabu the city Suḫnu the city Mallānu and the land Alzi,https://oracc.museum.upenn.edu/riao/Q004623?lang=en
