﻿line,akkadian,english,source
1,ana Adad gugal šamê ereṣēti šaqê bēl gimer kaškaš il rašubba ša lā altanan dannīti nāš qinnānzi ella musanbiʾ tâmāte ṣābit kippat šāri mukīl māʾūša nuhše mušaznin zunnī mušabriq beriq mušabšû urqēti ša in ipêšuma hursānī enēše issabuʾā tâmāte il rēmēnî ša nashurša balāssu āšib Kurbail kiṣṣa ella bēl rab bēl,For the god Adad the canal inspector of heaven and netherworld the lofty one the lord of all the almighty among the gods the awesome god whose strength is unrivalled the who bears a holy whip that chums up the seas the who controls all of the winds the who provides abundant water the who brings down rain and makes lightning flash the one who creates vegetation at whose shout the mountains shake and the seas are churned up the compassionate god whose sympathetic concern is life the one who dwells in the city Kurbail — the holy shrine — the great lord his lord,https://oracc.museum.upenn.edu/riao/Q004617?lang=en
9,Salmanu-ašared šar daʾʾat šakkanak il rab mār Aššur-naṣir-apli šar māssu Aššur mār Tukulti-Ninurta šar māssu Aššur kāšid išdu tâmāte elê u tâmāte šaplê ša Naʾiri u tâmāte rab ša šulme Šamaš išdu šad Hamana adi šad Labnana Hatta ana paʾaṭ gimer abēl išdu rāšūʾa ēna ša Diglat adi rāšūʾa ēna ša Purate qāssa akšud išdu Enzata Suhme Melid Tumme Daiaeni Urarṭa adi Arṣašku āl šarrūssa ša Arrame Uarraṭaya qāssa akšud Gilzani Hubuške abūbāniš asappan išdu Kullar adi Mannaš Parsua Allabria Abdadana Nammur Bit-Hamban adi Tugliyaš kīma gīra aqmi,Shalmaneser III strong king governor appointed by the great gods son of Ashurnasirpal II king of Assyria son of Tukultī-Ninurta II who was also king of Assyria the conqueror from the Upper Sea to the Lower Sea of the Naʾiri land(s and the Great Sea of the Setting Sun From Mount Amanus to Mount Lebanon I gained dominion over the land Ḫatti to its full extent I conquered from the source of the Tigris River to the source of the Euphrates River I conquered from the land Enzi the lands Suḫnu Melid Tumme Daiaeni and Urarṭu as far as Arṣaškun the royal city of Arrāmu of the land Urarṭu I overwhelmed the lands Gilzānu and Ḫubuškia like a flood I raged like fire from Mount Kullar as far as the lands Mannea Munna Parsua Allabria Bīt-)Abdadāni Namri and Bīt-)Ḫamban as far as the land Tupliyaš Tugliyaš,https://oracc.museum.upenn.edu/riao/Q004617?lang=en
21,in samānēšret palâ <data> Purate ēber Haza-il Imeri ana gipiš ṣāb atkal ṣāb ana maʾdiš adakkekama Saniru ubān šad ša pūssa Labnana ana dannassa altakan issišunu amdahaṣ dabdâ altakan <data> līm mudahṣīšunu in kak amqutma <data> līm <data> mē <data> narkabat <data> mē <data> pēthal issišunu ušmannašu ekēm ana ētazbū napištašu elê arkešu arde in Dimašqa āl šarrūssa ēsir kirâtešunu akkis adi šad Haurani alāk āl ana lā māni abbul anaqqar in išātāti ašrup šallassin ana lā māni assalla adi šad Baʾali-raʾasi ša pūssa tâmāte alāk ṣalam šarrūssa in libba ašqup in ūm maddanāti ša Ṣurraya Ṣidunaya ša Iau,"In my eighteenth regnal year I crossed the Euphrates River for the sixteenth time Hazael of Damascus trusting in the might of his soldiers carried out an extensive muster of his troops He fortified Mount Saniru a mountain peak that is before Mount Lebanon I fought with him and defeated him I struck down 16,000 of his fighting men with the sword and took away from him 1,121 of his chariots and 470 of his cavalry with his military camp 25 In order to save his own life he ran away but I pursued him I imprisoned him in Damascus his royal city and cut down his gardens I marched to Mount Ḫaurānu and destroyed demolished burned with fire and plundered cities without number I marched to Mount Baʾali-raʾasi which is a cape jutting out into the sea and erected a statue of my royal majesty there At that time I received the payment of the people of Tyre and Sidon as well as of Jehu Iāūa of Bīt-)Ḫumrî Israel lit “son of Ḫumrî”",https://oracc.museum.upenn.edu/riao/Q004617?lang=en
30b,mār Humri amdahar in <data> palâ <data> Purate ēber ana šad Hamana elê ,In my nineteenth regnal year I crossed the Euphrates River for the twentieth time and ascended Mount Amanus I cut down beams of cedar,https://oracc.museum.upenn.edu/riao/Q004617?lang=en
31b,gašūrī erēna akkis in <data> palâ <data> Purate ēber Hamana abbalkit ana āl ša Katea Quaya arād āl ana lā māni abbul anaqqar in išātāti ašrup dīkāti maʾassi addūak šallassin ana lā māni assalla maddanāti amdahar ana balāṭ napištašu arāk ūm šumʾud šanāt attaṣar kussâm iššakkūssu zāʾeriki ana qamê alṭūte,In my twentieth regnal year I crossed the Euphrates for the twenty-first time crossed over Mount Amanus and went down to the cities of Katî of the land Que I destroyed demolished and burned with fire cities without number I massacred many of them and took countless plunder from them I received his payment and gave it to the god Adad my lord for my life so that my days might be long my years be many for the safekeeping of my vice-regal throne for the scorching of my enemies for the destruction of my dangerous foes and to make the rulers who oppose me bow down at my feet,https://oracc.museum.upenn.edu/riao/Q004617?lang=en
36b,ana halāq malik nakirē ana šēp iknuša ana Adad bēl aqīssu ṣalam ašnugalli ebba namirtu šūqura ša epissun ana adgul lullâ šūrurat bunannîya epāš in pān Adad bēl atazziz enūma Adad bēl ṣalam šatti in amār kēniš ippardi arāk ūm aqabbû šumʾud šanāt attasqara anassah siliʾti ša zumri ātammuma ūmešam,I had made a holy shining precious statue of alabaster the workmanship of which was beautiful to look at and the appearance of which was excellent I erected it before the god Adad my lord When the god Adad my lord looks upon this statue may he be truly pleased and command the lengthening of my days proclaim the multiplication of my years and daily decree the removal of illness from my body,https://oracc.museum.upenn.edu/riao/Q004617?lang=en
