﻿line,akkadian,english,source
1,kunuk šīmāt ša Aššur šar il Igigi Anunnaki šamê ereṣēti u amēlūti ina libba ikannaku,The Seal of Destinies by which the god Aššur king of the gods seals the destinies of the Igīgū and Anunnakū gods the heavens the netherworld and man[kind,https://oracc.museum.upenn.edu/riao/Q004017?lang=en
6,mimmû ikannaku lā enê ša enê Aššur šar il Mullissu adi mār ina kak dannāku anār,Whatever he seals cannot be changed Whoever tries to change what he seals may the god Aššur king of the gods and the goddess Mullissu together with their children kill him with their mighty weapons,https://oracc.museum.upenn.edu/riao/Q004017?lang=en
11,anāku Sin-ahhe-eriba šar māssu Aššur rubâtu pālih,I am Sennacherib king of As]syria the ruler who reveres you,https://oracc.museum.upenn.edu/riao/Q004017?lang=en
13,ša šum šaṭir ipaššiṭu kunuk šīmāt annâ ikkirā šum zēr ina māssu ipaššiṭu,Whoever erases my inscr]ibed name or alters this Seal of Destinies belonging to you erase his name and his seed from the land,https://oracc.museum.upenn.edu/riao/Q004017?lang=en
