﻿line,akkadian,english,source
1,Salmani-ašared šakan Enlil iššakki Aššur šar daʾʾat šar māssu Aššur mār Adad-narari šar māssu Aššur mār Arik-den-ili šar māssu Aššur kāšid Šubare Lullubi u Gute mušakniš Muṣri ša in tuklāt Ištar bēlat eṭliš kullat nakirē anār dabdâ zāʾeriki in qarbešunu tāhāssu altakan <data> saklūte,Shalmaneser I appointee of the god Enlil vice-regent of the god Aššur strong king king of Assyria son of Adad-nārārī I king of Assyria son of Arik-dīn-ili who was also king of Assyria conqueror of the land(s Šubarû Lullumê and Qutû subduer of the land Muṣri the one who slew valiantly all of his enemies with the support of the goddess Ištar his lady brought about the defeat of his foes in battle and made their barbarous sheikhs bow down at the feet of the goddess Ištar his lady,https://oracc.museum.upenn.edu/riao/Q005805?lang=en
6b,ana šēp Ištar bēlat iknuša enūma bēssu Ištar bēlat Nina bēlat ša in pān Šamši-Adad šar ālik pān epāš ānah arkešu Aššur-uballiṭ ab ēteneddišu bēssu šū in rībe ānah abātu ana sihir ikkir anša akser u maqta išdu ussīšu adi gabadibbēša epāš tammēnīya ša Aššur-uballiṭ ēteneddišu ana ašar atūra u tammēnīya altakan,At that time as for the temple of the goddess Ištar lady of Nineveh my lady which Šamšī-Adad I a king who came before me had previously built and which when it became dilapidated Aššur-uballiṭ I my ancestor later restored that temple had been damaged in an earthquake and was in ruin I cleared it away i]n its entirety and repaired its weakened portions Moreover I built the fallen portion of that temple from its foundations to its crenellations I restored and returned the foundation inscriptions of Aššur-uballiṭ I to their places Moreover I deposited my foundation inscriptions therein,https://oracc.museum.upenn.edu/riao/Q005805?lang=en
10,rubā arkīti enūma bēssu šū ānah ēteneddišu kīma anāku tammēnīya ša Aššur-uballiṭ ab ana ašar atūra tammēnīya ana ašar atūra Ištar ikrib ašmâ,May a future ruler when he renov]ates that temple when it becomes dilapidated retu]rn my fo[undation inscriptions to their places just as I had returned the foundation inscriptions of Aššur-uballiṭ I my ancestor to their places The goddess Ištar will then listen to his prayers,https://oracc.museum.upenn.edu/riao/Q005805?lang=en
12,munakkir šiṭir u šum Aššur bēl šarrūssa askip šum u zarašu in māssu halāq šâšu māssu addâ Adad in beriq lemnāti māssu ittanabriqu ana māssu hušahha addâ,As for the one who removes m]y inscrip[tions and my name may the god Aššur my lord overthrow his kingship made his name and his seed disappear from the land and abandon him and his land May the god Adad strike his land with terrible lightning and afflict his land with want,https://oracc.museum.upenn.edu/riao/Q005805?lang=en
