﻿line,akkadian,english,source
1,Kaldaya <data> lā hasīs amât mār damiqtim aradka dāgil pān bēl Lahira <data> ša ina libba ūm ša ab lapān ṭarê u baqāme ša <data> <data> iṣṣūriš innabidūma irappudu kamâte ina sīhi u bārti <data> qerbeša Babili erēb amna ittešunu el arbâ šarrūssa māssu Šumeri u Akkad adgul pān,A Chaldean Šūzubu a rash fellow a chariot fighter a servant who belonged to the governor of the city Laḫīru w]ho in the time of my father fled li]ke a bird on account of the beating of the official and the tearing out of his hair and wandered about in the open country who entered B]abylon when there was rebellion and revolt and was reckoned as one of them They the Babylonians exalted him over them and they entrusted him with the kingship of the land of Sumer and Akkad,https://oracc.museum.upenn.edu/riao/Q003952?lang=en
6,ana Babili ša hiṭâte magal aršâ <data> Šuzubi Kaldaya mār lā mammāna eṭli dunnamû ša lā īšâ emūq <data> <data> Babili altakan amēl Babili ša sīhi epēssu Kaldaya Arame <data> halqu munnabti ša ina libba igisê u ṭaʾāti ittešunu ēmid <data> altakan māmīt,To Babylon which was very guilty wherein Šūzubu a Chaldean son of a nobody a person of lowly status who has no strength was appointed as of Babylon The people of Babylon who had rebelled and the Chaldeans Arameans fugitives and runaways who had banded together with them in exchange for gifts and bribes and they took an oath,https://oracc.museum.upenn.edu/riao/Q003952?lang=en
10,bīssu makkūr ša Esaggil aptâ kasap hurāṣ nisiqte aban ša ana Bel u Zarpaniti aqīssu qīšāssu būšašu makkūr bīssu il ana Umman-menanu šar Elamte lā aršâ ṭēm u milik kadrâ attabbal ṭaʾāti <data> <data> pānāssu altakan māmīt ana dikût ummān ana <data> ʾāri ûrti ummān ipahhurū narkabat ṣumbāte ešēr <data> <data> <data> <data>,They the Babylonians opened the treasury of Esagil and sent my gift(s — the silver gold and precious stones that I had given as presents to the g]od Bēl Marduk and the goddess Zarpanītu the property and possession(s of the temple of their gods — as a bribe to Umman-men]anu Ḫumban-menanu the king of the land Elam who does not have sense or insight previously and they took an oath They ga ve him the order to muster his army and to He gathered his army inspected his chariots and wagons,https://oracc.museum.upenn.edu/riao/Q003952?lang=en
r 1',ayyimma rubâtu arkīti <data> ikkirā ina mimma šipir nikilte <data> ipaššiṭu Aššur Anim Sin Šamaš Adad <data> il māssu Aššur kal šum zēr perʾašu u nannābi <data> halāq   <data> <data>,As for any future ruler who ch]anges and by some crafty device era]ses may the deities Aššur Anu Sîn Šamaš Adad all of the gods of Assyria make their name their seed their offspring and their progeny di]sappear,https://oracc.museum.upenn.edu/riao/Q003952?lang=en
