﻿line,akkadian,english,source
1,Salmani-ašared šakan Enlil iššakki Aššur mār Adad-narari šakan Enlil iššakki Aššur mār Arik-den-ili šakan Enlil iššakki Aššur,Shalmaneser I appointee of the god Enlil vice-regent of the god Aššur son of Adad-nārārī I appointee of the god Enlil vice-regent of the god Aššur son of Arik-dīn-ili who was also appointee of the god Enlil and vice-regent of the god Aššur,https://oracc.museum.upenn.edu/riao/Q005794?lang=en
5,enūma bēssu Ištar Aššur bēlat ša in pān Ilu-šuma iššakki Aššur ab mār Šalim-ahi iššakki Aššur epāš šuklul bēssu šū ānah Šarru-ken iššakki Aššur mār Ikuni iššakki Aššur ēteneddišu atūra ānah Puzur-Aššur ab iššakki Aššur mār Aššur-nerari iššakki Aššur ēteneddišu bēssu šū ānah Adad-narari ab iššakki Aššur,At that time the temple of the Assyrian Ištar my lady which Ilu-šūma the vice-regent of the god Aššur my ancestor the son of Šalim-aḫum who was also the vice-regent of the god Aššur had previously built and completed that temple became dilapidated and Sargon I the vice-regent of the god Aššur the son of Ikūnum who was also the vice-regent of the god Aššur restored it but it again became dilapidated and Puzur-Aššur III my ancestor the vice-regent of the god Aššur the son of Aššur-nārārī I who was also vice-regent of the god Aššur restored it but that temple again became dilapidated and Adad-nārārī I my father the vice-regent of the god Aššur restored it,https://oracc.museum.upenn.edu/riao/Q005794?lang=en
16b,ēteneddišu in ūm Salmani-ašared šakan Enlil iššakki Aššur bēssu šâte anša akser tirātešu <data>,At that time I Shalmaneser I the appointee of the god Enlil the vice-regent of the god Aššur repaired the weakened portions of that temple and its tirtu s Moreover I deposited my commemorative inscription therein,https://oracc.museum.upenn.edu/riao/Q005794?lang=en
21b,u narâ altakan ana arkâssu ūm rubā arkīti enūma bēssu šū ānah ēteneddišu narâ u šum šaṭir ana ašar atūra Aššur ikrib ašmâ ,In the future may a future ruler when he renovates that temple when it becomes dilapidated return my commemorative inscription and in[scribed name to their text “its” pl[ace(s The god A]ššur will then listen to his prayers,https://oracc.museum.upenn.edu/riao/Q005794?lang=en
22,munakkir šiṭir u šum Aššur bēl šarrūssa askip šum u zarašu in māssu halāq Ištar bēlat abekte māssu altakan in pān nakirē ā atazziz Adad in beriq lemnāti māssu ittanabriqu ana māssu hušahha addâ,As for the one who removes my inscriptions and my name may the god Aššur my lord overthrow his kingship and make his name and his seed disappear from the land May the goddess Ištar my lady bring about the defeat of his land May he not stand firm before his enemy May the god Adad strike his land with terrible lightning and afflict his land with want,https://oracc.museum.upenn.edu/riao/Q005794?lang=en
