﻿line,akkadian,english,source
1,Enlil-narari iššakki Aššur mār Aššur-uballiṭ iššakki Aššur ,Enlil-nārārī I vice-regent of the god Aššur son of Aššur-uballiṭ I vice-regent of the god Aššur son of Erība-Adad I who was also vice-regent of the god Aššur,https://oracc.museum.upenn.edu/riao/Q005728?lang=en
2,mār Eriba-Adad iššakki Aššur ana balāssu u išlimma āl šalhê išdu <data> ana Abul-ṣenim ša rubā ālik pān epāš ānah išdu ussīšu adi gabadibbēša epāš <data> ēteneddišu,For my life and the well-being of my city As for the outer wall from the Craftsman’s Gate to the Sheep Gate which a ruler who came befor]e me had built it had become dilapidated and I bui[lt it f[rom it]s foundations to its crenellations I renovated its gate s Moreover I deposited my clay cone therein,https://oracc.museum.upenn.edu/riao/Q005728?lang=en
7,u sikittī altakan rubā arkīti enūma šalhê šūt ānah ēteneddišu Aššur Adad ikrib ašmâ šum šaṭir u sikittī ana ašar atūra,When a futu]re ru[ler renovates that outer wall when it becomes dilapidated the gods Aššur and A[dad will then listen to his pr]ayers May he return my inscribed name and my clay cone to i]ts place,https://oracc.museum.upenn.edu/riao/Q005728?lang=en
12,<data> x-Marduk mār Adad-umaʾi,Month eponymy of Marduk son of Adad umaʾi,https://oracc.museum.upenn.edu/riao/Q005728?lang=en
