﻿line,akkadian,english,source
1',<data> <data> <data> <data>,No translation possible,https://oracc.museum.upenn.edu/riao/Q006593?lang=en
3',<data> <data> <data> <data> nišī bīssu ab <data> <data> ,people of the house of his father,https://oracc.museum.upenn.edu/riao/Q006593?lang=en
4',<data> <data> <data> ina qerbeša māssu Aššur <data> <data> ,in Assyria,https://oracc.museum.upenn.edu/riao/Q006593?lang=en
5',<data> māssu <data> <data> <data> <data> <data> ittešunu Hilakki <data> <data> <data> <data> ,with the land Ḫilakku,https://oracc.museum.upenn.edu/riao/Q006593?lang=en
6',<data> <data> <data> <data> <data> Muski ša ekēm miṣir <data> ,that man Ambaris wrote to Mitâ king of the land Musku about taking away terr[itory of mine,https://oracc.museum.upenn.edu/riao/Q006593?lang=en
7',<data> ittešunu <data> mē narkabat ana māssu Aššur <data> ,I brought in bondage to Assyria Ambaris with one hundred of his chariot(s,https://oracc.museum.upenn.edu/riao/Q006593?lang=en
8',<data> bēl el altakan ittešunu nišī <data> ,I set a eunuch of mine as provincial govern]or over them and considered them as people of Assyria,https://oracc.museum.upenn.edu/riao/Q006593?lang=en
9',<data> Harrua Ušnanis birāte Que ša ištu <data> ,I then restored to their former status the cities Ḫa]rrua and Ušnanis fortresses of the land Que Cilicia that he had annexed by force i[n the distant past,https://oracc.museum.upenn.edu/riao/Q006593?lang=en
10',<data> <data> <data> <data> <data> <data> <data> <data> māssu rapašti <data> ,to whom I handed over lordship of their wide lands,https://oracc.museum.upenn.edu/riao/Q006593?lang=en
11',<data> šar Muski zērāte māssu Aššur <data> ,he repeatedly sent to Mitâ kin]g of the land Musku messages hostile to Assyria,https://oracc.museum.upenn.edu/riao/Q006593?lang=en
12',<data> <data> <data> <data> <data> <data>,No translation possible,https://oracc.museum.upenn.edu/riao/Q006593?lang=en
