﻿line,akkadian,english,source
1',<data> <data> <data> <data> <data> Aššur bēl atkal ana Iaudi lū alāk ina mēteq gerra maddatta ša šar <data> amdahhar <data> <data> ina danān ša Aššur bēl nagê ša <data> Iaudaya kīma <data> <data> <data> Azaqa bīssu tuklāt ša ina birīt <data> u Iaudi <data> <data> <data> ṣēr ubān šad šakin kīma ziqip patar lā nība ana šamê šaqâ <data> <data> <data> dunnunātma šitnunū šad zaqri ana niṭil ēna kī ša ištu šamê <data>,the god Aššur my lord encouraged me and I marched to the land Ju[dah In the course of my campaign I received a payment from the kin[gs of With the str]ength of the god Aššur my lord I the district of Y]aū Hezekiah of the land Judah like 5´ the city Azaqâ a place upon which he relied which is situated between my and the land Judah is situated upon a mountain peak Like the blade(s of daggers without number they rise up high into the heavens were well fortified and rival high mountains Looking upon them like from the heavens,https://oracc.museum.upenn.edu/riao/Q004071?lang=en
8',<data> ina akbus arammē aqribma ašibi dannāku u ina amdahiṣ zūk šēp qurādēšu <data> <data> <data> <data> sisê amār rigim ummān Aššur gapšāte ašmâ aplah libba <data> <data> <data> <data> alme akšud ašallal šallassin anappal anaqqar ina gīri aqmi,by having r]amps trodden down mighty battering rams brought up and the assault of foot soldiers my wa rriors When they saw the of my ho]rses and heard the clangor of the vast troops of the god Aššur th[ey became frightened I surround]ed conquered plundered destroyed devastated and burned with fire,https://oracc.museum.upenn.edu/riao/Q004071?lang=en
11',<data> āl šarrūssa ša Pilištaya ša <data> ekēm dunnina <data> <data> <data> <data> <data> <data> <data> <data> <data> <data> kīma gapni <data> <data> dimāte rabâ šutashurā šumruṣat <data> <data> <data> ēkal kīma šad pān edlāte šaqâ <data> <data> ekel lā napihma šamaš mê ina eṣûssun šitkunā mūṣâšu <data> <data> pâ ina qulmê nakis harīṣi itâka šapilma <data> <data>,a royal city of the land Philistia that Yaū Hezekiah had taken away and fortified and then like a bush it was surrounded by tall towers and was exceedingly difficult the palace was secured before them like a mountain and rose was dark the sun did not illuminate it Its waters were forever in darkness and its outflow its mo]uth had been hacked out with axes the moat adjacent to it was deep and,https://oracc.museum.upenn.edu/riao/Q004071?lang=en
17',<data> lēʾâku tāhāz erēb qerbeša kak arkus ana <data> <data> ummān māssu Amurre kal eper ezabbilū <data> <data> <data> ṣēr ina <data> <data> <data> dūr rabâ kīma karpat pahāri uparrir <data> alap u ṣēnašu ištu qerbeša aṣê šallatiš amna <data> <data> <data> <data> <data> <data> <data> <data> <data> <data> <data>,he had his battle-seasoned troops garrisoned inside it He girt his weapons in orde[r to I made all the troops of the land Amurru carry earth and against them On the seventh try its great walls I smashed like a like a potter’s vessel I b[rought out of it oxen and shee]p and goats and I counted them as boo[ty,https://oracc.museum.upenn.edu/riao/Q004071?lang=en
