﻿line,akkadian,english,source
1,Salmani-ašared šakan Enlil iššakki Aššur mār Adad-narari šakan Enlil iššakki Aššur mār Arik-den-ili šakan Enlil,Shalmaneser I appointee of the god Enlil vice-regent of the god Aššur son of Adad-nārārī I appointee of the god Enlil vice-regent of the god Aššur son of Arik-dīn-ili who was also appointee of the god Enlil and vice-regent of the god Aššur,https://oracc.museum.upenn.edu/riao/Q005791?lang=en
5b,iššakki Aššur enūma Ehursagkurkurra bēssu Aššur bēl ša išdu ulla šar ab epāš šēbūta u labērūta alāk bēssu šū in qimīt gīra lū šulput in ūm bēssu Aššur bēl ana sihir ikkir qaqqar assukma dannassa akšud ussīšu in aban daʾʾat kīma kiṣir šad lū lišaršid bēssu Aššur bēl el mahar,At that time as for Eḫursagkurkurra the temple of Aššur my lord which the kings my ancestors had built since distant days that temple was destroyed by fire I cleared away the temple of the god Aššur my lord in its entirety removed the earth beneath it and reached its foundation pit I laid its foundations with hard limestone just like bedrock I made the temple of the god Aššur my lord much larger than before,https://oracc.museum.upenn.edu/riao/Q005791?lang=en
21,šūturi u arbâ nāmarēšu ša bāb Kalkal u nāmarēšu ša išdu Mušlala ana kisal Nunnamnir in erāba <data> nāmarēšu annâ ša in mahar lā epša kīma atartema lū epāš kisal Nunnamnir el mahar maʾdiš,As for the towers of the Kalkal Gate and the towers that one uses when entering from the Step Gate to the forecourt of the god Nunnamnir I built these two towers both of which had not been built before as an addition I greatly enlarged the forecourt of the god Nunnamnir more than before,https://oracc.museum.upenn.edu/riao/Q005791?lang=en
31b,lū arbâ bēssu Aššur bēl ana sihir išdu ussīšu adi gabadibbēša epāš il āšib Ekur bēl in qarbešunu ikūn u narâ altakan,I built the temple of Aššur my lord in its entirety from its foundations to its crenellations I placed the gods who dwell in Ekur my lords inside it Moreover I deposited my commemorative inscription therein,https://oracc.museum.upenn.edu/riao/Q005791?lang=en
39,rubā arkīti šum šaṭir ana ašar atūra Aššur ikrib,May a future ruler return my inscribed name to its place The god Aššur will then listen to his prayers,https://oracc.museum.upenn.edu/riao/Q005791?lang=en
42,ašmâ munakkir šiṭir u šum Aššur bēl šarrūssa askip šum zarašu in māssu halāq,As for the one who removes my inscription and my name may the god Aššur my lord overthrow his kingship and make his name and his seed disappear from the land,https://oracc.museum.upenn.edu/riao/Q005791?lang=en
47,Ša-kinate līmi Aššur-nadin-šumati,Ša-kīnāte eponymy of Aššur]-nādin-šumāti,https://oracc.museum.upenn.edu/riao/Q005791?lang=en
