﻿line,akkadian,english,source
i' 1',<data> maddatta arde ikūn,I added pay]ment and imposed it upon them,https://oracc.museum.upenn.edu/riao/Q003493?lang=en
i' 3'b,ṣēr šū Hazaqiyu pulhī melammē bēlūssu ashup urbī u ṣāb damiqtim ša ana qerbeša Ursalimma āl šarrūssa erēb ittešunu <data> bilassun hurāṣ <data> mē bilassun kasap mimma šum niṣirtašu ēkal u mārassu sekrati ēkal nāri nārāti ana qerbeša Nina attabbal ana addin maddatta ašpur rakbâšu,As for him He]zekiah fear of my lordly brilliance i´ 5´ overwhelmed him and he had the auxiliary forces and his elite troops whom he had brought inside the city Jeru]salem his royal city along with 30 talents of gold 800 talents of silver i´ 10´ every kind of treasure of his palace as well as his daughters his palace women male singers and female singers brought in]to Nineveh and he sent a moun]ted messenger of his to me to deliver this pay]ment,https://oracc.museum.upenn.edu/riao/Q003493?lang=en
i' 15',ina rebê gerra ana Bit-Yakin lū alāk ina mēteq gerra,On my fourth campaign I marched to the land Bīt]-Yakīn In the course of my campaign,https://oracc.museum.upenn.edu/riao/Q003493?lang=en
ii' 1',<data> šar pān mahar ina šēp Anara u Uppa šad dannāku karāssu altakan anāku ina kussâšu nēmed ittešunu ṣāb tāhāz marṣiš elê ubān šad pašqat,no king of the past who came before me I had my camp pitched at the foot of Mount Anara and Mount Uppa mighty mountains and I myself in an armch[air with my fighting troops ascended with a struggle the steep mountain peaks,https://oracc.museum.upenn.edu/riao/Q003493?lang=en
ii' 7',šū Maniye alaktašu gerra ašmâ Ukki āl šarrūssa ētezib ana rūqēte innabidūma erēb ana qerbeša ēkal mimma šum būšašu makkūr lā nība ašallal tāmartašu kabitta,He Ma]niye heard about the advance of my expeditionary force then he abandoned the city Ukku his royal city and fled afar I entered his palace and ii´ 10´ as his substantial audience gift I carried off every kind of possession and property which were without number,https://oracc.museum.upenn.edu/riao/Q003493?lang=en
ii' 12',āl anappal anaqqar ina gīri aqmi ,I destroyed devastated and bur[ned with fire his cities and made them like ruin hill(s created by the Deluge,https://oracc.museum.upenn.edu/riao/Q003493?lang=en
ii' 13'b,kīma tīl abūb ēmâ ina šallassin māssu šâtina <data> līm <data> mē qašassu <data> līm <data> mē arâte ina libba akṣur el kiṣir šarrūssa arde,"From the booty of those lands I con[scripted 20,400 archers and 20,200 shi[eld bearers and a[dded them to my royal contingent",https://oracc.museum.upenn.edu/riao/Q003493?lang=en
