﻿line,akkadian,english,source
1,Sin-ahhe-eriba šar rabâ šar dannāku šar māssu Aššur šar lā išnunūšuma rēʾi mutnennû pālih il rabâ nāṣir kināti rāʾim mešāri ēpissa ūsāt ālik tappût akê sāhir dameqtašu eṭli gitmālī zikar qardi ašarēd kal malik rappu lāʾiṭ lā māgir mušabriq zāmânī,Sennacherib great king strong king king of Assyria unrivalled king pious shepherd who reveres the great gods guardian of truth who loves justice renders assistance goes to the aid of the weak and strives after good deeds perfect man virile warrior foremost of all rulers the bridle that controls the insubmissive and the one who strikes enemies with lightning,https://oracc.museum.upenn.edu/riao/Q003475?lang=en
4,Aššur šad rabâ šarrūssa lā išnunūšuma šutlimšu el gimir āšib parak arbâ kak ,The god Aššur the great mountain granted to me unrivalled sovereignty and made my weapons greater than those of all who sit on royal daises,https://oracc.museum.upenn.edu/riao/Q003475?lang=en
5,ina rāšūʾa šarrūssa ša ina kussâšu bēlūssu ašāb bahūlāte māssu Aššur ʾāri ina tašmê u salīm Marduk-apla-iddina šar Karduniaš ayyāb lemnēte bārānû karassin surrāte ēpissa lemnāti ša anzillašu kināti Ištar-Nanhundi Alamu ana ibrūtī ishur hurāṣ kasap nisiqte aban šutlimšu ērissunūti kitaršu,At the beginning of my kingship after I sat on the lordly throne and took command of the population of Assyria amid obedience and peace Marduk-apla-iddina II Merodach-baladan king of Kardun[iaš Babylonia an ev]il foe a rebel with a treacherous mind an evildoer whose villainous acts are true sought frie ndship with Šutur-Naḫundu Šutruk-Naḫḫunte II an E[lamite by presenting him with gold silver and precious stones then he continuously requested reinforcements,https://oracc.museum.upenn.edu/riao/Q003475?lang=en
8,Imba-appa tartannu ittešunu gipiš ummān Tannanu tašlīšāni <data> rab kiṣir adi Nergal-naṣir Sute lā ādir tāhāz <data> līm ṣāb qašassu azmarānê <data> mē <data> ṣumbāte sisê ittešunu šunūte ana māssu Šumeri u Akkad ašpur rēṣūssu,"To the land of Sumer and Akkad he Šutur-Naḫundu sent to his Marduk-apla-iddina’s assis[tance Imbappa his field marshal together with the massed body of his tr]oops Tannānu his third man ten unit commanders including Nergal-nāṣir a Sutian who is fearless in battle 80,000 archers and lancers and the 850 wagons and horses that were with them",https://oracc.museum.upenn.edu/riao/Q003475?lang=en
10,u šū Kaldaya lemnēte ēpissa lemnāti zēr nērti Uruk Larsa Uri Eridu Kullaba Kissik Nemed-Laguda Bit-Yakin Amukkani Bit-Ašillani Bit-Saʾal Bit-Dakkuri sihir Kaldaya mal bāšâ ša kišād Diglat Tuʾmuna Rihihu Yadaqqu Gibre Malahu ša kišād Surappi Gurume Ubulu Damuni Gambulaya Hindari Ruʾuʾa Puqudaya ša kišād Puratte Hamaranaya Hagaranu Nabatu Liʾtaʾa Arame lā kanše ša lā īdâma mītūssu Nippur Dilbat Marad Kiš Hursagkalamma Babili Barsipa Kute gimir Karduniaš ištēniš ipahhurū akṣur tāhāz,Moreover he the evil Chaldean evildoer and offspring of murder gathered together Uruk Lars]a Ur Eridu Kullaba Kissik and Nēmed-La[gu]da the lands of the Bīt-Ya[kīn Bīt-Amukkāni Bīt-Ašillāni Bīt-Šillāni Bīt-Saʾa]lli and Bīt-Dakkūri all of the Chaldeans as many as there were on the bank(s of the Tigris River the Tuʾmūna Riḫiḫu Yadaqqu Gibrê and Maliḫu Malaḫu on the bank(s of the Surappu River the Gurumu Ubulu Damu]nu Gambulu Hindaru Ruʾuʾa and Puqudu on the bank(s of the Euphrates River the Ḫamrānu Ḫagarānu Nabatu and Liʾtaʾu — insubmissive Arameans who did not know fear of death 15 Nippur Dilbat Marad Kish Ḫursagkalamma Baby]lon Borsippa and Cutha all of Karduniaš Babylonia an[d pr]epared them for battle,https://oracc.museum.upenn.edu/riao/Q003475?lang=en
16,yâte Sin-ahhe-eriba zikar ṣēr naʾdu epissun lemnēte ašnima labbiš annadirma qerbeša Babili ana mahar aqabbû alāk šū hiriṣ gallê lemnēte alāk gerra ašmâ sisê ṣāb qašassu Alamu Arame Kaldaya ittešunu Nergal-naṣir u <data> rab kiṣir šar Elamte ša lā īdâma mītūssu emūq lā nība ittešunu šunūte dunnina kiṣir qerbeša Kute ištēniš erēb ana mēteq gerra attaṣar kādi,When they reported his Marduk-apla-iddina’s evil deeds to me Sennacherib the attentive man of the steppe I raged up like a lion and ordered the march into Babylon to confront him He Marduk-apla-iddina the very image of an evil gallû demon heard about the advance of my expeditionary force then he reinforced their companies with horses and Elamite Aramean and Chaldean archers together with Nergal-nāṣir and ten unit commander[s of the king of the land Elam who did not know fear of death and the countless forces who were with them He brought their contingents together in Cutha and had them keep watch at outposts for the approach of my expeditionary force,https://oracc.museum.upenn.edu/riao/Q003475?lang=en
19,ṣindā ešēr <data> ša Šabaṭi ištu Baltil kīma rīmē gapšāte mahirat ummān aṣabbata pān gipiš ul adgul arkâya ul ūqi rab rāšūʾa bēl ana Kiš ʾāri mahar arah Marduk-apla-iddina aṣabbata ai egê dunnina maṣṣarāti,I put my yoked teams in order On the twentieth day of the month Šabāṭu XI like a powerful wild ox I took the lead of my troops from Baltil Aššur but I did not wait for the main force of my army nor did I wait for the rear guard 20 I sent my chief eunuch and my provincial governors to Kish ahead of me saying “Take the road to Marduk-apla-iddina II Merodach-baladan but do not be careless about putting a strong watch on him!”,https://oracc.museum.upenn.edu/riao/Q003475?lang=en
21,šū bēl amār adi gimir ellat abul Zababa aṣê ina tamerāti Kiš ittešunu rab epēssu tāhāz rab aqribma tāhāz nakirēšu el dunnina ul aleʾʾe mahar mār šipir ša hamât ina qerbeša tamerāti Kute ṣēr ašpur,He Marduk-apla-iddina saw my provincial governors then came out of the Zababa Gate with all of his forces and did battle with my magnates in the plain of Kish The enemy prevailed over my magnates in the thick of battle and they my magnates were unable to withstand him They sent their messenger to me in the plain of Cutha for help,https://oracc.museum.upenn.edu/riao/Q003475?lang=en
23,ina uggat libba el Kute tīb šamri altakan mundahṣē sāhir dūr asliš aṭbuhšuma aṣabbata āl sisê ṣāb qašassu Alamu Arame Kaldaya rab kiṣir Alamu u Nergal-naṣir adi mār āl bēl hīṭātišu aṣê šallatiš amna,In my rage I unleashed a fierce assault on Cutha then I slaughtered the warriors surrounding its wall like sheep and took possession of the city I brought out horses the Elamite Aramean and Chaldean archers the Elamite unit commanders and Nergal-nāṣir together with the guilty citizens and I counted them as booty,https://oracc.museum.upenn.edu/riao/Q003475?lang=en
25,labbiš annadirma allabib abūbāniš ittešunu qurādēšu lā gāmel ṣēriš Marduk-apla-iddina ana Kiš altakan pān u šū ēpissa lemnēte akām gerra ana rūqēte amār amqutma hatta gimir ellat ētezib ana Guzummani innabidūma,I raged up like a lion and became furious like the Deluge With my merciless warriors I set out for Kish against Marduk-apla-iddina II Merodach-baladan Moreover he that evildoer saw the cloud of dust of my expeditionary force from afar and fear fell upon him He abandoned all of his forces and fled to the land Guzummānu,https://oracc.museum.upenn.edu/riao/Q003475?lang=en
27,Tannanu adi ummān Alamu Kaldaya u Arame ša idāka azziz alāk rēṣūssu dabdâšu altakan uparrir ellat Adinu mār ahāt Marduk-apla-iddina adi Basqanu ahašu Iatiʾe šarrat Arabi ittešunu ummān balṭūssa ina qāssa aṣabbata narkabat ṣumbāte sisê parê imērī ibilī udrāte ša qerbeša tamhāra muššurā akšud qāssa,I defeated Tannānu together with the Elamite Chaldean and Aramean troops who had stood by him and had come to his aid and I scattered his forces I captured alive Adīnu a nephew of Marduk-apla-iddina II Merodach-baladan together with Basqānu a brother of Iatiʾe queen of the Arabs along with their troops I seized the chariots wagons horses mules donkeys camels and Bactrian camels that he had abandoned during the battle,https://oracc.museum.upenn.edu/riao/Q003475?lang=en
30,ina hūd libba u immerū pān ana Babili ahīšma ana ēkal Marduk-apla-iddina alšu apqid būšašu u makkūr qerbeša erēb aptâ bīssu niṣirtašu hurāṣ kasap anūt hurāṣ kasap aban aqarte eršēt kussâšu nēmed ša ašdud gaširūt šarrūssa ša ihzē hurāṣ kasap mimma šum būšašu makkūr lā nība niṣirtašu kabitta alti sekrati ēkal abrakkāti šūt rāšūʾa tīrī manzāssin pān nāri nārāti aradka ēkal munammir ṭēm rubûti sihir ummânī mal bāšâ muttabbil ēkal aṣê šallatiš amna,With a rejoicing heart and a radiant face I rushed to Babylon and entered the palace of Marduk-apla-iddina II Merodach-baladan to take charge of the possessions and property therein I opened his treasury and brought out gold silver gold and silver utensils precious stones beds armchairs a processional carriage royal paraphernalia of his with gold and silver mountings all kinds of possessions and property without number a substantial treasure together with his wife his palace women female stewards eunuchs courtiers attendants male singers female singers palace servants who cheered up his princely mind all of the craftsmen as many as there were and his palace attendants and I counted them as booty,https://oracc.museum.upenn.edu/riao/Q003475?lang=en
34,urriha arkešu ana Guzummani mundahṣē ana qerbeša agammē u appārāte ʾāri <data> ūm ubaʾʾima ul amār ašar sitāt sisê ummān ša yaʾašu mānahtu nāliš ipparaššidu lā alāk idāka ištu qerbeša ṣēr u bamātē ištēniš ipahhurū,I hastened after him to the land Guzummānu and ordered my warriors into the midst of swamps and marshes For five days they sought him out but his hiding place could not be found 35 I gathered together the rest of his horses and troops who were weary and who had fled like deer instead of going with him from the midst of the open country and plain,https://oracc.museum.upenn.edu/riao/Q003475?lang=en
36,ina mēteq gerra Amattu Hauae Supapu Nuqabu Bit-Sannabi Quṭayyin Qidrina Dur-Ladini Bitate Banitu Guzummani Dur-Yanṣuri Dur-Abi-Yataʾ Dur-Rudumme Bit-Rahe Hapiša Sadi-AN Hurudu Ṣahrina Iltuk Allallu Marad Yaqimuna Kupruna Bit-Kudurri Suqa-Marusi naphar <data> āl dannāku bīssu dūr ša māssu Bit-Dakkuri adi <data> mē <data> āl ṣahri ša libīt,In the course of my campaign I surrounded conquered and plundered the cities Amatu Ḫauae Supapu Nuqabu Bīt-Sannabi Quṭayyin Qidrīna Dūr-Ladini Bitāti and Bānītu the land Guzummānu the cities Dūr-Yanṣuri Dūr-Abī-Yataʾ Dūr-Rudumme Bīt-Raḫê Ḫapiša Sadi-AN Ḫurudu Ṣaḫrina Iltuk Allallu Marad Yaqimuna Kupruna Bīt-Kudurri Sūqa-Marusi altogether 33 fortified cities fortresses of the land of the Bīt-Dakkūri together with 250 small(er settlements in their environs,https://oracc.museum.upenn.edu/riao/Q003475?lang=en
40,Dur-Appe Dur-Tane Dur-Samaʾ Sarrabatu Ṣalahatu Dur-Abdaya Sappi-himari Ṣibtu-ša-Makka-me naphar <data> āl dannāku bīssu dūr ša māssu Bit-Saʾal adi <data> mē <data> āl ṣahri ša libīt,the cities Dūr-Appê Dūr-Tanê Dūr-Samaʾ Sarrabātu Ṣalaḫātu Dūr-Abdāya Sappi-ḫimari Ṣibtu-ša-Makka-mê altogether 8 fortified cities fortresses of the land of the Bīt-Saʾalli together with 120 small(er settlements in their environs,https://oracc.museum.upenn.edu/riao/Q003475?lang=en
42,Sape Sarrabani Larak Parak-marri Bit-Ilu-bani Ahudu Alu-ša-Iṣṣur-Adad Alu-ša-harratu Manahhu Alu-ša-amele Dur-Aqqiya Nagitu Nur-abinu Har-Ṣuarra Dur-Rukbi Danda-Hulla Dur-Bir-Dada Bit-reʾe Dur-Ugurri Gindaina Dur-Uayit Bit-Taura Saphuna Buharru Harbat-Iddina Harbat-Kalbi Šaparre Bit-Bani-iluʾa Suladu Bit-Iltama-samaʾ Bit-Dini-ili Daqala Hamiṣa Bela Tairu Kipranu Iltaratu Aqqar-ša-Kina Sagabatu-ša-Mardukia naphar <data> āl dannāku ša māssu Amukkani adi <data> mē <data> āl ṣahri ša libīt,the cities Sapīya Šapīya Sarrabānu Larak Parak-māri Bīt-Ilu-bāni Aḫudu Ālu-ša-Iṣṣur-Adad Ālu-ša-ḫarratu Manaḫḫu Ālu-ša-amēlê Dūr-Aqqīya Nagītu Nūr-abīnu Ḫar-Ṣuarra Dūr-Rukbi Danda-Ḫulla Dūr-Bir-Dada Bīt-rēʾê Dūr-Ugurri Ḫindaina Dūr-Uayit Bīt-Taurâ Sapḫuna Buḫarru 45 Ḫarbat-Iddina Ḫarbat-Kalbi Šaparrê Bīt-Bāni-ilūʾa Sulādu Bīt-Iltama-samaʾ Bīt-Dīni-ili Daqalu Ḫamīṣa Bēlā Tairu Kiprānu Iltaratu Aqqar-ša-Kīna Sagabatu-ša-Mardukia altogether 39 fortified cities of the land of the Bīt-Amukkāni together with 350 small(er settlements in their environs,https://oracc.museum.upenn.edu/riao/Q003475?lang=en
48,Bit-Zabidaya Larsa Kullaba Eridu Kissik Nemed-Laguda Dur-Yakin adi Kar-Nabu ša kišād marrat naphar <data> āl dannāku bīssu dūr ša māssu Bit-Yakin adi <data> mē āl ṣahri ša libīt,and the cities Bīt-Zabīdāya Larsa Kullaba Eridu Kissik Nēmed-Laguda and Dūr-Yakīn including the city Kār-Nabû which is on the shore of the Bitter Sea altogether 8 fortified cities fortresses of the land of the Bīt-Yakīn together with 100 small(er settlements in their environs,https://oracc.museum.upenn.edu/riao/Q003475?lang=en
50,naphar <data> āl dannāku bīssu dūr ša Kaldi adi <data> mē <data> āl ṣahri ša libīt alme akšud ašallal šallassin ,the grand total is 88 fortified cities fortresses of Chaldea together with 820 small(er settlement[s in their environs,https://oracc.museum.upenn.edu/riao/Q003475?lang=en
51,ê suluppī ša qerbeša kirâtešunu ebūr ša ṣēr ummān akul anappal anaqqar ina gīri aqmi ana tīl mašûti atūra ,I let my troops eat the grain and dates in their gardens and their crops in the countryside I destroyed them devastated them and burned them with fire and turned them into forgotten ruin hills,https://oracc.museum.upenn.edu/riao/Q003475?lang=en
52,urbī Arame Kaldaya ša qerbeša Uruk Nippur Kiš Hursagkalamma adi mār āl bēl hīṭātišu aṣê šallatiš amna ,I brought out the auxiliary forces of the Arameans and Chaldeans who were in Uruk Nippur Kish and Ḫursagkalamma together with the guil]ty citizens and I counted them as booty,https://oracc.museum.upenn.edu/riao/Q003475?lang=en
53,ê suluppī ša qerbeša kirâtešunu mēreš mānahišunu ebūr ṣēr balāṭ napištašu ummān akul ,I let my army eat the grain and dates in their gardens the fields they had labored in and the crops in the countryside which is t[heir li[fe’s necessity,https://oracc.museum.upenn.edu/riao/Q003475?lang=en
54,Bel-ibni mār banê perʾašu Šuanna ša kīma mīrāni ṣahri qerbeša ēkal arbâ ana šarrūssa māssu Šumeri u Akkad altakan el ,I appointed over them Bēl-ibni a son of a rab banî and a scion of Šuanna Babylon who had grown up like a young puppy in my palace as king of the land of Sumer and Akkad,https://oracc.museum.upenn.edu/riao/Q003475?lang=en
55,ina tayyarat Tuʾmuna Rihihu Yadaqqu Ubudi Gibre Malahu Gurume Ubulu Damuni Gambulaya Hindari Ruʾuʾa Puqudaya Hamaranaya Hagaranu Nabatu Liʾtaʾa Arame lā kanše mithāriš akšud ašallal šallassin,On my return march I defeated all toget]her the Tuʾmūna Riḫiḫu Yadaqqu Ubudu Gibr[ê Maliḫu Malaḫu Gurumu U]bulu Damunu Gambulu Ḫindaru Ruʾuʾa Puqudu Ḫamrānu Ḫagarānu Nabatu and Li[ʾ]taʾ[u insubmissive Arameans and I plundered them,https://oracc.museum.upenn.edu/riao/Q003475?lang=en
57,ina mēteq gerra ša Nabu-bel-šumati qēpāni Hararate hurāṣ kasap musukkannī rabâ imērī gammalī alap u ṣēnašu maddatta kabitta amdahhar ,In the course of my campaign I re[ceived a substantial payment from Nabû-bēl-šumāti the official in charge of the city Ḫararatu Ḫarutu gold silver large mu sukkannu trees donkey[s c]amels oxen and sheep and goats,https://oracc.museum.upenn.edu/riao/Q003475?lang=en
58,bahūlāte Hirimme nakirēšu akṣi ša ištu ulla ana šar ab lā iknuša ina kak amqutma napištašu ul ētezib nagê šatti ana eššūte aṣabbata ištât alap <data> immer <data> imēr karān <data> imēr suluppī rēšēt ana gennâ il māssu Aššur bēl ikūn dārišam,I put to the sword the population of the city Ḫirimmu a dangerous enemy who since time immemorial had not submitted to the kings my ancestors and I did not leave one alive I reorganized that district and imposed for eternity one ox ten sheep ten homers of wine and twenty homers of dates as his first-fruits offerings for the ginû offerings to the gods of Assyria my lords,https://oracc.museum.upenn.edu/riao/Q003475?lang=en
60,ittešunu <data> mē <data> līm šallassin nišī kabitta <data> līm <data> mē sisê parê <data> līm <data> imērī <data> līm <data> mē <data> gammalī <data> līm <data> alap <data> mē līm <data> mē ṣēnašu šalmeš atūra ana qerbeša māssu Aššur ezib nišī imērī gammalī alap u ṣēnašu ša gimir ummān ābuk ana ramānī iskilū sikiltu,"I returned safely to Assyria with 208,000 substantial captives 7,200 horses and mules 11,073 donkeys 5,230 camels 80,050 oxen and 800,100 sheep and goats This is apart from the people donkeys camels oxen and sheep and goats that all of my troops had carried away and appropriated for themselves",https://oracc.museum.upenn.edu/riao/Q003475?lang=en
62,u bahūlāte nakirēšu šepṣu mitru ša ana nīr lā iknuša ina kak amqutma ālul gašīšiš ,Moreover I put to the sword the soldiers of the enemy a recalcitrant force who had not submitted to my yoke and hung their corpses on poles,https://oracc.museum.upenn.edu/riao/Q003475?lang=en
63,ina ūm Nina māhāz ṣīrāte āl narām Ištar ša naphar kidudê il u ištar bāšâ qerbeša temmēn dārê duruš ṣât ša ištu ulla ittešunu šiṭir burūmê eṣratsu eṣir šūpû ṣindā ašar naklā šubāt pirište ša mimma šum šipir nikilte gimir pelludê niṣirtašu lalgar šutābula qerbeša,At that time Nineveh the exalted cult center the city loved by the goddess Ištar in which all of the rituals for gods and goddesses are present the enduring foundation and eternal base whose plan had been designed by the stars lit “writing” of the firmament and whose arrangement was made manifest since time immemorial 65 a sophisticated place and site of secret lore in which every kind of skilled craftsmanship all of the rituals and the secret(s of the lalgar cosmic subterranean water are apprehended,https://oracc.museum.upenn.edu/riao/Q003475?lang=en
66,ša ištu ulla šar ālik mahar ab ullânūʾa bēlūssu māssu Aššur epēssu ʾāri baʾūlāt Enlil u šattišam lā naparkâ erbī lā narbâte bilassun malik kibrāt arbaʾi amdahhar qerbeša,in which since time immemorial earlier kings my ancestors before me exercised dominion over Assyria and ruled the subjects of the god Enlil and wherein annually without interruption they received an income unsurpassed in amount the tribute of the rulers of the four quarters of the world,https://oracc.museum.upenn.edu/riao/Q003475?lang=en
68,ayyimma ina libba ana ēkal qerbeša kummē rimīt bēlūssu ša ṣuhhur šubāt lēssu ul addâ libba ul hasās ana ešēr sūq āl u lišamdil rebâte ahrâ nār azqup ṣippat unzāšu ul bašê ul attabbal karassin,but not one among them had paid heed to or shown interest in the palace inside it the seat of lordly dwelling whose site had become too small nor had anyone of them conceived of and put his mind towards the straightening of the city’s street(s and the widening of its squares the dredging of the river and the planting of orchards,https://oracc.museum.upenn.edu/riao/Q003475?lang=en
70,yâte Sin-ahhe-eriba šar māssu Aššur epēssu šipir šatti kī ṭēm il ina unzāšu bašê kabatsu attabbal tenēšet Kaldi Arame Mannaya Que u Hilakki ša ana nīr lā kitnuš assuh tupšikki aššânni albin libittašin abī kupê ša qerbeša Kaldi akšiṭ appārāte šamhāti ina bahūlāte nakirēšu kišitte qāssa ašdud ana epēssu šipir,But as for me Sennacherib king of Assyria the performing of this work came to my attention by the will of the gods and I put my mind to it I forcibly removed the people of Chaldea Aramean tribes the land of the Manneans and the lands Que and Ḫilakku who had not submitted to my yoke then I made them carry baskets of earth and they made bricks I cut down canebrakes in Chaldea and I had their splendid reeds hauled to Nineveh for its the palace’s construction by enemy soldiers whom I had defeated,https://oracc.museum.upenn.edu/riao/Q003475?lang=en
73,ēkal mahar ša <data> nindan šiddi u <data> nindan pūssa ša šar ālik pān ab epēssu lā ikkilū šipir ša ištu ūm rūqāti Tebilti itâka ibʾa ina uššē abbu bašê irūmma temmēn,The fo[rm]er palace whose longer side was thirty nindanu and whose shorter side was ten nindanu which earlier kings my ancestors had had constructed but whose construction they had carried out inexpertly and alongside of which the Tebilti River had flowed from dis]tant days caused erosion in its foundations and shaken its base,https://oracc.museum.upenn.edu/riao/Q003475?lang=en
75,egalturrâ šâtu ana sihir anaqqar ša Tebilti mālak iṭīb ešēr mūṣâšu ,I tore down that small pala[ce in its entirety and improved the course of the Tebilti River and directed its outflow,https://oracc.museum.upenn.edu/riao/Q003475?lang=en
76,ina arah šemê ina ūm mitgāri qerbeša katim asurrakkiša <data> šūš šiddi <data> pūssa aban šad dannāku aksâ eqel ištu māmē elê nābališ ēmâ labāriš ūm ina mīlêša kiššat temmēn lā enēše askuppāt pēli rabbâte asurrûšin ishur dunnina šupuk <data> šūš <data> tibik ṣēr ana elāni tamlâ imlâ el mešihta ēkal mahar arde lišamdil tisarša,In a pro[pitious month on a favorable day in the hidden depths of its subterranean waters I bonded together strong mountain stone sixty nindanu along its longer side and thirty-four nindanu along its shorter side then I raised that area out of the water and converted it to dry land In order to prevent its foundation from being weakened over the passage of time by cresting flood(s I surrounded its damp course with large limestone slabs and thereby reinforced its base Upon them I filled in a terrace to a height of 160 courses of brick then added it to the dimensions of the former palace and thus enlarged its structure,https://oracc.museum.upenn.edu/riao/Q003475?lang=en
79,ēkal šinni pīri ušî taskarinni musukkannī erēnī šurmēni burāši u buṭni Egalzagdinutuku ana mūšab šarrūssa epēssu qerbeša ,I had a palace of elephant ivory ebony boxwood musukkannu wood cedar cypress juniper and terebinth a palace that I named Egalzagdunutukua “The Palace Without a Rival” constructed thereon as my royal residence,https://oracc.museum.upenn.edu/riao/Q003475?lang=en
80,gušūrī erēnī tarbīt Hamana ša ištu hursānī rūqāti namrāṣiš ibabbalūni atruṣma tarāni dalāt šurmēni ṣīrāte ša ina aptâ u atūra erēssi ṭāba meser siparrī namrāti arkus arti bāb,I roofed them the rooms of the palace with beams of cedar grown on Mount Amanus which were brought with difficulty from that distant mountain terrain I fastened bands of shining bronze on magnificent doors of cypress whose scent is sweet on opening and closing and I installed them in their gates,https://oracc.museum.upenn.edu/riao/Q003475?lang=en
82,bīssu appāte tamšīl ēkal Hatti ša ina lišān māssu Amurre bīssu hilāni alsâ ana multaʾʾûte bēlūssu epēssu qerbeša ,For my lordly pleasure I had a portico a replica of a Hittite palace which is called bīt-ḫilāni in the language of the land Amurru constructed inside them,https://oracc.museum.upenn.edu/riao/Q003475?lang=en
83,<data> urmahhē petâ birkāya šutātûte ša ina šār šār šār nēr bilassun erâ namrāti pitiq Ninagal šūpû malâ namrīr u <data> timmē šutāhāte ša šār nēr nēr nēr nēr bilassun pitiq siparrī šubbuʾu adi <data> timmē erēnī rabâ el piriggallē ikūn adappī kulūl bāb ēmid,"Eight striding lions standing opposite one another which were made from 11,400 talents of shining copper cast by the god Ninagal and were filled with radiance — upon those lion colossi I installed two identical columns that were cast from 6,000 talents of bronze together with two large cedar columns and I positioned cross-beams upon them as a cornice for their gate(s",https://oracc.museum.upenn.edu/riao/Q003475?lang=en
85,erbaʾi immer šad lamassāt ša kasap siparrī ittešunu immer šad lamassāt ša aban šad ešqi nakliš abnâ ana erbaʾi šāri aṣabbata sigar asmā ,I expertly fashioned four mountain sheep colossi of silver and bronze together with mountain sheep colossi of massive mountain stone and in four directions I had them hold their the gates’ suitable door bolt(s,https://oracc.museum.upenn.edu/riao/Q003475?lang=en
86,askuppāt pēli rabbâte dadmē nakirēšu kišitte qāssa qerbeša ēsiha asurrûšin ishur ana tabrât alāk ,I engraved on large limestone slabs images of the enemy settlements that I had conquered I surrounded their the palace rooms’ lower courses with them and made them an object of wonder,https://oracc.museum.upenn.edu/riao/Q003475?lang=en
87,kirimahhi tamšīl Hamana ša gimir riqqī inba ṣippat iṣ tuklāt šad u Kaldi qerbeša hurrušu itâka azqup ,I planted alongside it the palace a botanical garden a replica of Mount Amanus which has all kinds of aromatic plants and fruit trees trees that are the mainstay of the mountains and Chaldea collected inside it,https://oracc.museum.upenn.edu/riao/Q003475?lang=en
88,alšu azqup ṣippat eqel tamerāti elāni āl <data> ana mār Nina pilku upallikma adgul pān ,To plant gardens I subdivided the meadowland upstream of the city into plots of two pānu each for the citizens of Nineveh and I handed them over to them,https://oracc.museum.upenn.edu/riao/Q003475?lang=en
89,ana miṭrāte išmuhā ištu patti Kisiri adi tamerāti Nina šad u bērūtī ina akkulāte parzilla ušattirma ešēr harrāti <data> <data> bēr qaqqar ištu qerbeša Husur māmē dārê ašar arde qerbeša ṣippat šâtina lišahbiba pattiš,To make those planted areas luxuriant I cut with iron picks a canal straight through mountain and valley from the border of the city Kisiri to the plain of Nineveh 90 I caused an inexhaustible supply of water to flow there for a distance of one and a half leagues from the Ḫusur River and made it gush through feeder canals into those gardens,https://oracc.museum.upenn.edu/riao/Q003475?lang=en
91,ištu šipir ēkal bēlūssu iqtâ lišamdil rebâte birēti sūq ippardi immerū kīma ūm Aššur bēl rabâ il u ištar āšib māssu Aššur ina qerbeša aqre nīq tašrihte aqqâ šutlimšu kadrâ,After I had finished the work on my lordly palace broadened the squares and brought light into the alleys and streets making them as bright as day I invited inside it the palace the god Aššur the great lord and the gods and goddesses living in Assyria then I made splendid offerings and presented my gift(s,https://oracc.museum.upenn.edu/riao/Q003475?lang=en
93,ana arkâssu ūm ina šar mār ša Aššur ana rēʾûssina māssu u nišī abbi siqiršin enūma ēkal šâtu ilabbbiru ātanah anhūssa ēteneddišu mušarâ šiṭir šum amār šaman apšuš nīq aqqâ ana ašar atūra Aššur ikrib ašmâ,In the future may one of the kings my descendants whom the god Aššur names for shepherding the land and people renovate its dilapidated section(s when that palace becomes old and dilapidated May he find an inscribed object bearing my name an[oint it with oil make an offering and return it to its place The god Aššur will then hear his prayers,https://oracc.museum.upenn.edu/riao/Q003475?lang=en
95,<data> šūš <data> šum manût mušarâ,The line count of the inscription is 94 lines,https://oracc.museum.upenn.edu/riao/Q003475?lang=en
