﻿line,akkadian,english,source
1,Sin-ahhe-eriba šar rabâ šar dannāku šar kiššat šar māssu Aššur šar kibrāt erbaʾi muttarrû nišī rapašti ēpissa ṣalam Aššur Anim Sin Šamaš Adad Nergal Ištar ša Bit-Kidmuri <data> <data> <data> <data> <data> ša el šar āšib parak nuʾʾudat bēlūssu tuklāt māssu nāʾid qabal u tāhāz ṣulūl ummān anāku,S]ennacherib great king strong king king of the world king of Assyria king of the fou]r quarters of the world leader of a widespread population the one who fashioned image(s of the deities Aššur Anu Sîn Šamaš Adad Nergal Iš[tar of Bīt-Kidmuri 5 whose dominion is mo]re praised than that of all kings who sit on royal daises the support of his land the one who is trustworthy in battle and combat and the protection of his troops I,https://oracc.museum.upenn.edu/riao/Q003484?lang=en
10,<data> šandabakki ša minût nikkassu <data> Haya il <data> <data> il rabâ <data> ina qibētī il ana temmēn <data> ina mahar <data> <data> bīssu <data> <data> <data> <data> <data> <data> <data> ēpissa Haya <data> <data> <data> <data> <data> ēpissa mēsī,the admi]nistrator who knows how to reckon the accounts the god Ḫaya their god their the great gods by the comm]and of the gods to lay the foundation his before me 15 the one who fashioned the image of the god Ḫaya the one who performed the rites,https://oracc.museum.upenn.edu/riao/Q003484?lang=en
18,ištu uššē adi gabadibbēša arṣip šuklul Haya il ša ṭupšar armâ qerbeša,I bu[ilt and completed it from its foundations to its crenellations and I settled the god Ḫaya the god of scribes inside it,https://oracc.museum.upenn.edu/riao/Q003484?lang=en
20,temmēn attā ša Sin-ahhe-eriba šar māssu Aššur rāʾim kināti ēpissa ṣalam Aššur u il rabâ bān bīssu dameqtašu ana Aššur aqabbû mār mār mār ittešunu ṣalmāt qaqqad ikūn ana dūr dāri,O foundation inscription speak favorable things to the god Aš šur about Sennacherib king of Assyria the one who lo ves correct behavior the one who fashioned image(s of the god Aššur and the great gods and the one who built this temple so that his sons and his grandsons may endure forev[er with the black-headed people,https://oracc.museum.upenn.edu/riao/Q003484?lang=en
23,ayyimma rubâtu arkīti ša Aššur ana rēʾûssina māssu u nišī abbi šum ša ina palâ bīssu šatti ātanah anhūssa ēteneddišu mušarâ amār šaman apšuš nīq aqqâ ina ašar altakan Aššur u Ištar ikrib ašmâ,May any future ruler whom the god Aššur names for shepherding the land and people and during whose reign that temple becomes dilapidated 25 renovate its dilapidated section(s May he find this inscribed object anoint it with oil make an offering and put it back in its place The god Aššur and the goddess Ištar will then hea[r his prayers,https://oracc.museum.upenn.edu/riao/Q003484?lang=en
27,munakkir mušarâ dayyiṣi amât Aššur šar il u il rabâ ša šamê u ereṣēti arrat lā napšuri marṣāti ētarar šarrūssa askip balāṭ ekēm šum zēr perʾašu nannābi ina pâ nišī halāq,As for the one who alters my inscribed object and disrespects my words may the god Aššur king of the gods and the great gods of heaven and netherworld curse him with a harsh irreversible curse and may they overthrow his kingship deprive him of his life and eradicate his name his seed his offspring and his progeny from the mouth of the people,https://oracc.museum.upenn.edu/riao/Q003484?lang=en
