﻿line,akkadian,english,source
1,Salmani-ašared šakan Enlil iššakki Aššur šar daʾʾat šar kiššat nišē utul abrāti pāqid Ekur baʾʾīt il šad Nunnamnir kāšid multarhī mušakniš nagab hursānī ša ana šiddi naskūti ummān Gute unaʾʾilu kī šūbe kāšid Lullubi u Šubare dāʾiš māssu ayyāb,Shalmaneser I appointee of the god Enlil vice-regent of the god Aššur strong king king of all of the people shepherd of mankind overseer of Ekur — the desired object of the gods and the mountain of the god Nunnamnir — conqueror of the rebellious subduer of all the mountains who flattened like grain the army of the land Qutû over an area stretching to remote regions conqueror of the lands Lullumê and Šubarû trampler of enemy lands above and below son of Adad-nā]rārī I appointee of the god Enlil vice-regent of the god Aššur and son of Arik-dīn-ili who was also appointee of the god Enlil and vice-regent of the god Aššur,https://oracc.museum.upenn.edu/riao/Q005806?lang=en
7b,eliš u šapliš mār Adad-narari šakan Enlil iššakki Aššur mār Arik-den-ili šakan Enlil iššakki Aššur enūma bēssu Ištar bēlat Nina bēlat dūr u siqqurrassu in rībe ānah abātu siqqurrassu šâti išdu ussīšu adi gabadibbēša epāš <data> Ištar bēlat anšūssunu ikkir maqta išdu ussīšu adi gabadibbēša epāš bāb <data> <data> <data> epāš narâ u tammēnīya altakan,At that time as for the temple of the goddess Ištar the lady of Nineveh my lady its wall and ziggurat had been damaged in an earthquake and were in ruins I built that ziggurat from its foundations to its crenellations As for the wall and gate of the temple of the goddess Išta]r my lady I cleared away their dilapidated section(s I built the fallen portion of that temple from its foundations to its crenellations I built the gate of the temple of the goddess Ištar Moreover I deposited my commemorative inscription and foundation inscriptions therein,https://oracc.museum.upenn.edu/riao/Q005806?lang=en
11,<data> Ištar ikrib ašmâ munakkir šiṭir u šum ,May a future ruler when that wall ziggurat and gate become dilapidated renovate their dilapidated section(s The goddess Išta]r will then listen to his prayers,https://oracc.museum.upenn.edu/riao/Q005806?lang=en
12,<data> Adad in beriq lemnāti māssu ittanabriqu ana māssu hušahha addâ,As for the one who removes my inscriptions and my name may the god Aššur my lord overthrow his kingship and make his name and his seed disappear from the land May the god Adad strike his land with terrible lightning and afflict his land with want,https://oracc.museum.upenn.edu/riao/Q005806?lang=en
