﻿line,akkadian,english,source
1,ana Aššur ab il bēl rabâ bēl ,For the god Aššur the father of the gods the great lord his lord,https://oracc.museum.upenn.edu/riao/Q006548?lang=en
2,srgn šar kiššat šar māssu Aššur šakkanak Babili šar māssu Šumeri u Akkad Ehursaggalkurkurra bīssu Aššur bēl igār nāmari sihir bīssu gabbu ina sīri uššeš nāmari nēbehī samētu u sikkāt šūt aban aptiq alme sihir,Sargon II king of the world king of Assyria governor of Babylon king of the land of Sumer and A[kkad renovated Eḫursaggalkurkurra “House the Great Mountain of the Lands” the temple of the god Aššur his lord by plastering the walls of the towers all around the temple He fashioned towers friezes parapets and glazed sikkatu cones and placed them all around it the temple,https://oracc.museum.upenn.edu/riao/Q006548?lang=en
7,ana balāṭ napištašu arāk ūm ikūn palâ askip nakirēšu ina bīssu Aššur bēl epēssu,He built these in the temple of the god Aššur his lord for the sake of ensuring his good health prolonging his days firmly establishing his reign and overthrowing his enemies,https://oracc.museum.upenn.edu/riao/Q006548?lang=en
9,Abu līmi Nashur-Bel māssu Sinabu,Month Abu V eponymy of Nasḫur-Bēl the governor of the city Sinabu,https://oracc.museum.upenn.edu/riao/Q006548?lang=en
