﻿line,akkadian,english,source
35,enūma dūr Alu-eššu ša pān nār ša tarṣi Tisari ša Puzur-Aššur ab šar ālik pān in pān epāš <data> <data> libittašin ikbirū <data> tibik mūlâ ānah ihdabit u mēliša atbal ašar ikkir dannassa akšud <data> libittašin in nalbanāt rab ikbirū išdāša in kiṣir šad daʾʾat lū armâ išdu ussīšu,At that time as for the wall of the New City which faces the Tigris River which is opposite the tisaru district which Puzur-Aššur III my ancestor a king who came before me had previously built it was two and one half bricks thick and thirty layers of brick high had become dilapidated was in ruin and eroded by flood(s I cleared its site and reached its foundation pit I made it the thickness of ten bricks using my large brick mold I laid its foundations on solid bedrock I built it from its foundations to its crenellations,https://oracc.museum.upenn.edu/riao/Q005747?lang=en
44b,adi gabadibbēša epāš nanṣabu ābilāt māʾūša in pēli agurrē u kupri aksir in ikkīdi in kisirta pēli agurrē u kupri pān nār aṣabbata u narâ altakan,As for the sewers that drain off the water I faced them using limestone baked brick and bitumen Outwardly on the side facing the Tigris river I applied a facing of limestone baked brick and bitumen Moreover I deposited my monumental inscription therein,https://oracc.museum.upenn.edu/riao/Q005747?lang=en
50,ana arkâssu ūm rubā arkīti enūma dūr šū ilabbbiru ānah u lū mēliša atbal anhūssa ēteneddišu narâ u šum šaṭir ana ašar atūra Aššur ikrib ašmâ,In the future may a future ruler when that wall becomes old and dilapidated or eroded by flood renovate its dilapidated section(s and return my monumental inscription and my inscribed name to their text “its” places The god Aššur will then listen to his prayers,https://oracc.museum.upenn.edu/riao/Q005747?lang=en
87,Muhur-ilani <data> līmi Ana-Aššur-qalla rab ēkal,Muḫur-ilāni first day eponymy of Ana-Aššur-qalla the officer of the palace,https://oracc.museum.upenn.edu/riao/Q005747?lang=en
