﻿line,akkadian,english,source
i 1',migir il rabâ nāṣir kināti rāʾim mešāri ēpissa ūsāt ālik tappût akê sāhir dameqtašu eṭli gitmālī zikar qardi ašarēd kal malik rappu lāʾiṭ lā māgir mušabriq zāmânī,fav[orite of the great gods guardian of truth who lo[ves justice renders assistance goes to the aid of the weak and strives af[ter good deeds i 5´ per[fect man virile warrior foremost of all rulers the bridle that cont[rols the insubmissive and the one who strikes enemies with lightn[ing,https://oracc.museum.upenn.edu/riao/Q003492?lang=en
i 1'',<data> <data> ša Nabu-bel-šumati qēpāni Hararate hurāṣ kasap musukkannī rabâ imērī gammalī alap u ṣēnašu tāmartašu,I received a sub]stantial audience gift from Nabû-bēl-šumāti the official in charge of the city Ḫararatu Ḫarutu gold silver large musukkannu trees donkeys camels oxen and sheep and goats,https://oracc.museum.upenn.edu/riao/Q003492?lang=en
i 5''b,kabitta amdahhar bahūlāte Hirimme nakirēšu akṣi ina kak amqutma ēdu ul ētezib pagar ina gašīšī ālul sihir āl alme nagê šatti ana eššūte aṣabbata ištât alap <data> immer <data> imēr karān <data> imēr suluppī rēšēt ana il māssu Aššur bēl ikūn dārišam,I put to the sword the population of the city Ḫirimmu a dangerous enemy and I did not spare a single one I hung their corpses on poles and placed them around the city i 10´´ I reorganized that district and imposed for eternity one ox ten sheep ten homers of wine and twenty homers of dates as his first-fruits offerings to the gods of Assyria my lords,https://oracc.museum.upenn.edu/riao/Q003492?lang=en
i 14'',ina šanê gerra Aššur bēl atkal ana māssu Kašši u māssu Yasubigallaya ša ištu ulla ana šar ab lā kitnuš lū alāk qerbeša hursānī zaqri eqel namrāṣi ina sisê arkab narkabat šēp ina tikkāte aššânni ašar šupšuqāma ina šēp,On my second campaign the god Aššur my lord i 15´´ encouraged me and I marched to the land of the Kassites and the land of the Yasubigallians who since time immemorial had not submitted to the kings my ancestors In the high mountains difficult terrain i 20´´ I rode on horseback and had my personal chariot carried on men’s necks In very rugged terrain I roamed about on foot like a wild bull,https://oracc.museum.upenn.edu/riao/Q003492?lang=en
i 23''b,rīmāniš attaggiš Bit-Kilamzah Hardišpi Bit-Kubat āl bīssu dūr dannāku alme akšud nišī sisê parê imērī alap u ṣēnašu ištu qerbeša aṣê šallatiš amna u āl ṣahri ša nība lā īšâ anappal anaqqar ēmâ karmeš bīssu ṣēr kultār mūšab ina gīri aqmi,I surrounded and conquered the cities Bīt-Kilamzaḫ Ḫardišpu and Bīt-Kubatti i 25´´ their fortified walled cities I brought out of them people horses mules donkey]s oxen and sheep and goats and I counted them as booty Moreover i 30´´ I destroyed devastated and tu]rned into ruins their small(er settlements which were without num]ber I bu[rned with fire pavilions and te[nts their ab]odes and reduced them to ashes,https://oracc.museum.upenn.edu/riao/Q003492?lang=en
i 33''b,ditalliš ēmâ atūra Bit-Kilamzah šatti ana birtūti aṣabbata el ša ūm pān dūr dunnina nišī māssu kišitte qāssa ina libba ašāb nišī māssu Kašši,I made that city Bīt-Kilamzaḫ a fortress a[gain and I strengthened its walls more than before then I settled there[in the people of the lands that I had conquered I brought down from the mountains the people of the land of the Kas[sites,https://oracc.museum.upenn.edu/riao/Q003492?lang=en
ii 1',bīssu niṣirtašu mušširannâti ana rūqēte innabidūma gimir māssu rapašti kīma imbari ashup Marubišti Akkuddu āl bīssu šarrūssa adi <data> āl ṣahri ša libīt alme akšud anappal anaqqar ina gīri aqmi,He Ispabāra abandoned his fortified cities and his treasury and fled far awa]y I overwhelmed all of his wide land l]ike a fog I surrounded conquered destroyed devastated and burned with fire the cities Maru]bištu and Akkuddu ii 5´ cities of his roy]al house together with thirty-four small(er settlements in their environs,https://oracc.museum.upenn.edu/riao/Q003492?lang=en
ii 8',nišī ṣeher rab zikar u sinniš sisê parê imērī gammalī alap u ṣēnašu ana lā mīna ašallal adi lā bašê alāk iṣhir māssu Ṣiṣṣirtu Kummahlu āl dannāku adi āl ṣahri ša libīt Barrua nagê ana gimirti ištu qerbeša māssu abtuq el miṣir māssu Aššur arde,I carried off people young and old male and female horses mules donkeys camels oxen and sheep and goats without number then I brought him Ispabāra to nought and made his land smaller I detached from his land the cities Ṣi(ṣ)ṣir]tu and Kummaḫlum fortifi]ed cities together with the small(er settlements ii 15´ in their environs and the district of the land Bīt-Barrû in its entirety and I added this area to the territory of Assyria,https://oracc.museum.upenn.edu/riao/Q003492?lang=en
ii 19',Elenzaš ana āl šarrūssa u dannassu nagê šatti aṣabbata šum mahar ikkirā Kar-Sin-ahhe-eriba abbi nibīssun nišī māssu kišitte qāssa ina libba ašāb ina qāssa šūt rāšūʾa bēl Harhar amna lirappiš māssu,I took the city Elenzaš as a royal city ii 20´ and a fortress for that dist]rict then I changed its former name and called it Kār-Senn]acherib I sett]led therein the people of the lands that I had conquered ii 25´ I placed it under the authority of a eunuch of mine the gov]ernor of the city Ḫarḫar and thus enlarg]ed my lan[d,https://oracc.museum.upenn.edu/riao/Q003492?lang=en
ii 27',ina tayyarat <data> <data> <data> <data>,On my return ma[rch,https://oracc.museum.upenn.edu/riao/Q003492?lang=en
ii 1'',šar Isqalluna ša lā iknuša ana nīr il bīssu ab šâšu alti mār mārassu ahašu zēr bīssu ab assuh ana māssu Aššur,Moreover as for Ṣidqâ the king of the city Ashke[lon who had not bowed down to my yoke I forcibly removed the gods of his father’s house himself his wife his sons his daughter[s his brothers and other offspring of his father’s house and took him to Assyria,https://oracc.museum.upenn.edu/riao/Q003492?lang=en
ii 5''b,ītarrê Šarru-lu-dari mār Rukibti šar mahar el nišī Isqalluna altakan addin bilassun kadrâ bēlūssu ēmid išâṭ abšānī,I set Šarru-lū-dāri son of Rūkibtu their forme[r king over the people of the city Ashkelo[n and imposed upon him the payment of tribute and gift[s in recognition of my overlordship so that he now pul[ls my yoke,https://oracc.museum.upenn.edu/riao/Q003492?lang=en
ii 10'',ina mēteq gerra Bit-Daganna Yappu Banayabarqa Azuru āl ša Ṣidqa ša ana šēp arhiš lā iknuša alme akšud ašallal šallassin,In the course of my cam[paign I surrounded conquered and plundered the cities Bīt-Daganna Joppa Banayabarqa and Azuru the cities of Ṣidqâ that had not submitted to me quickly,https://oracc.museum.upenn.edu/riao/Q003492?lang=en
ii 15'',šakkanak rubâtu u nišī Amqarruna <data> <data>,As for the governor[s the nobles and the people of the city Ekron,https://oracc.museum.upenn.edu/riao/Q003492?lang=en
ii 1''',bēl narkabat u mār šar Muṣuraya adi bēl narkabat ša šar Emeluhha balṭūssa ina qabal tamhāra akšud qāssa,I]n the thick of battle I captured alive the Egypt[ian charioteers and pri]nces lit “the sons of the king” together with the charioteer]s of the king of the land Meluḫ[ḫa,https://oracc.museum.upenn.edu/riao/Q003492?lang=en
iii 1,Altaqu Tamna alme akšud ašallal šallassin ana Amqarruna aqribma šakkanak rubâtu ša hīṭātišu bašê addūk ina dimāte sihir āl ālul pagar mār āl ēpissa anna u gillassun ana šallassin amna sittī lā bābil hiṭâte u gullultašun ša anna lā bašê,I surrounded conquered and plunder]ed the cities Eltekeh and Tamnâ I approached the city Ekron and I killed the governors and nobles who had committed crime(s and iii 5 hung their corpses on towers around the city I cou]nted the citizens who had committed the crim]inal acts as booty and I commanded that the rest of them those who were not guilty of crimes or wrongdoing to whom no penalty was due be allowed to go free,https://oracc.museum.upenn.edu/riao/Q003492?lang=en
iii 10b,mušširannâti aqabbû Pade šar ištu qerbeša Ursalimma aṣê ina kussâšu bēlūssu el ašāb maddatta bēlūssu ikūn ṣēr,I brought out Pad]î their king from the city Jerusal]em and placed him on the lordly throne over them then I imposed upon him pay]ment in recognition of my lo[rdship,https://oracc.museum.upenn.edu/riao/Q003492?lang=en
iii 15,u Hazaqiyu Iaudaya ša lā iknuša ana nīr <data> āl dannāku bīssu dūr u āl ṣahri ša libīt ša nība lā īšâ ina akbus arammē u aqribma ašibi amdahiṣ zūk šēp pilši nikis u kalbānāte alme akšud <data> mē līm <data> mē <data> nišī ṣeher rab zikar u sinniš sisê parê imērī gammalī alap u ṣēnašu ša lā nība ištu qerbeša aṣê,"Moreover as for He[zekiah of the land Judah who had not sub[mitted to my yoke I surrounded and conquered forty-six of his fortified cities fortresses and small(er settlements in their environs which were without number by having iii 20 ramps trodden down and battering rams brought up the assault of foot soldiers sapping breaching and siege engines I brought out of them 200,[150 people young and old male and female horse[s mules donkeys camels iii 25 oxen and sheep and goats which were without number and I counted them as boo[ty",https://oracc.museum.upenn.edu/riao/Q003492?lang=en
iii 27b,šallatiš amna šâšu kīma iṣṣūr quppē qerbeša Ursalimma āl šarrūssa ēsirma birāte el arkus aṣê abul āl atūra ikkib āl ša ašallal ištu qerbeša māssu,As for him Hezekiah I confined him inside the city Jerusalem his royal city like a bird in a cage I set up blockades against him and iii 30 made him dread exiti[ng his city gate I detached from his land the cit[ies of his that I had plundered,https://oracc.museum.upenn.edu/riao/Q003492?lang=en
iii 1',ina rebê gerra Aššur bēl atkal ummān gapšāte adakkekama ana Bit-Yakin alāk aqabbû ina mēteq gerra ša Šuzubi Kaldaya āšib qerbeša agammē ina Bittuti altakan dabdâšu šū hurbāša tāhāz el amqutma itarrakma libba kīma azari ēdiš ipparaššidu,On my fourth campaign the god Aššur my lord encouraged me so that I mustered my numerous troops and ordered the march to the land Bīt-Yakīn In the course of my campaign iii 5´ I defeated Šūzubu Mušēzib-Marduk a Chaldean who lives in the marshes at the city Bi]ttūtu As for him terror of doing battle with me fell upon him and his heart pounded He fled alone like a lynx and his hiding place could not be found,https://oracc.museum.upenn.edu/riao/Q003492?lang=en
iii 10'b,ul amār ašar pān nīr atūra ana Bit-Yakin aṣabbata harrān šū Marduk-apla-iddina ša ina alāk gerra mahar dabdâšu altakan uparrir ellat rigim kak dannāku u tīb tāhāz ezzeti adāru il mārak māssu ina šubāt adakkekama qerbeša eleppa arkab ana Nagiate-raqqi ša qabal tâmāti iṣṣūriš ippariš ahašu zēr bīssu ab ša mušširannâti ah tâmāti adi sitāt nišī māssu ištu Bit-Yakin qerbeša agammē u appārāte aṣê šallatiš amna,I turned around lit “[I turned the front of my yoke” and took the road to the land Bīt-Yakīn He — Marduk-apla-iddina II Merodach-baladan whom I had de]feated and whose forces I had scattered during my first campaign — iii 15´ be]came frightened by the cl]angor of my mighty weapons and my fierce battle array then dis]lodged the gods of the full extent of his land from their abodes and loaded them onto boats He flew away like a bird to the city Nagīte-raqqi which is in the midst of the sea iii 20´ I brought his brothers the seed of his father’s house whom he had aban]doned at the shore of the sea together with the rest of the people of his land out of the land Bīt-Yakīn which is in the swamps and marshes and I counted them as booty,https://oracc.museum.upenn.edu/riao/Q003492?lang=en
iii 25',atūra āl anappal anaqqar ēmâ karmeš el bēl salīm šar Elamte namurrat atbuk,Once again I destroyed and devastated his cit]ies and turned them into ruins I poured out awe-inspiring brilliance upon his ally the king of the land Elam,https://oracc.museum.upenn.edu/riao/Q003492?lang=en
iii 28',ina tayyarat Aššur-nadin-šumi mār rēštê tarbīt birkāya ina kussâšu bēlūssu ašāb,On my return march I placed Aššur-nādin-šumi my first-born son whom I raised on my own knee on his lordly throne and,https://oracc.museum.upenn.edu/riao/Q003492?lang=en
iii 1'',Šarim Ezama Kipša Halbuda Qua Qana ša kīma qinna erê ašarēd iṣṣūr ṣēr zuqti Nipur šad marṣāti šubāt šitkunā lā kitnuš ana nīr ina šēp Nipur karāssu altakan,On my fifth campaign The population of the cities Tumurrum Šarum Ezāma Kipšu Ḫalbuda Qūa and Qana whose dwellings are situated like the nests of eagles the foremost of birds on the peak of Mount Nipur a rugged mountain and who had not bowed down to the yoke — iii 5´´ I had my camp pitched at the foot of Mount Nipur,https://oracc.museum.upenn.edu/riao/Q003492?lang=en
iii 6'',ittešunu qurbūte šēp nasqi u ṣāb tāhāz lā gāmel anāku kīma rīmē ekdi pān aṣabbata <data> <data> <data>  <data> <data>,Like a fierce wild bull with my select bodyguard and my merci[less combat troops I took the lead of them the soldiers in my camp,https://oracc.museum.upenn.edu/riao/Q003492?lang=en
iv 1,ina ubān hursānī arde altakan dahtê āl akšud ašallal šallassin anappal anaqqar,I pursued them on the peaks of the mountains and defeated them I conquered plundered destroyed devastated and burned with fire their cities,https://oracc.museum.upenn.edu/riao/Q003492?lang=en
iv 4b,ina gīri aqmi pān nīr atūra ṣēr Maniye šar Ukki šaddaʾu lā kanše aṣabbata harrān arah lā petâ ṭūdāt pašqat ša lapān šad marṣāti ullânūʾa qerbeša mamma lā alāk šar pān mahar,I turned around lit “I turned the front of my yoke]” and took the road against Maniye the king of the city Ukku and an insubmissive mountain-d[weller Before my time none of the former kings of the past had mar[ched through the untrodden paths and difficult trails on account of the rugged mountains,https://oracc.museum.upenn.edu/riao/Q003492?lang=en
iv 1',<data> <data> <data> šummannu u birâti parzilla addâ ana māssu Aššur ītarrê šar Elamte ša idāka ishur alāk rēṣūssu dabdâšu altakan ellat aspuh uparrir puhrišunu,I bound him Nergal-ušēzib with tethering ropes and iron fetters and brought him to Assyria I defea[ted the king of the land Elam who had aligned himself with him and come to iv 5´ his aid I dispersed his forces and scatte[red his assembled host,https://oracc.museum.upenn.edu/riao/Q003492?lang=en
iv 7',ina sebê gerra Aššur bēl atkal ana Elamte lū alāk Bit-Haʾiri Raṣa āl ša miṣir māssu Aššur ša ina tarṣi ab Alamu ekēm danāniš ina mēteq gerra akšud ašallal šallassin ṣāb šūlūti erēb qerbeša ana miṣir māssu Aššur atūra qāssa rab birāte,On my seventh campaign the god Aššur my lord encouraged me and I marched to the land Elam In the course of my campaign I conquered and plundered the cities Bīt-Ḫaʾiri and Raṣā iv 10´ cities on the border of Assyria that the E[lamites had taken away by force in the time of my ancestors I had my garrisons stationed iv 15´ inside them I brought those cities back inside the border of Assyria and placed them under the authority of the garrison commander of Dēr,https://oracc.museum.upenn.edu/riao/Q003492?lang=en
iv 17'b,Deri amna Bube Dunni-Šamaš Bit-Risiya Bit-Ahlame Duru Dannat-Sulaya Šilibtu Bit-Aṣusi Kar-Zera-iqiša Bit-Giṣṣi Bit-Katpalani Bit-Imbi Hamani Bit-Arrabi Burutu Dimtu-ša-Sulaya Dimtu-ša-Mar-biti-eṭir Harri-ašlake Rabbaya Rasu Akbarina Til-Uhuri Hamranu,The cities Bubê Dunni-Šamaš Bīt-Risiya Bīt-Aḫlamê Dūru iv 20´ Dannat-Sulāya Šilibtu Bīt-Aṣusi Kār-Zēra-iqīša Bīt-Giṣṣi Bīt-Katpalāni Bīt-Imbiya Ḫamānu Bīt-Arrabi Burutu iv 25´ Dimtu-ša-Sulāya Dimtu-ša-Mār-bīti-ēṭir Ḫarri-ašlakê Rabbāya Rāsu Akkabarina Tīl-Uḫuri Ḫamrānu Naṭītu,https://oracc.museum.upenn.edu/riao/Q003492?lang=en
iv 30'b,Naṭitu adi āl ša nēreb ša Bit-Bunakki Til-Humba Dimtu-ša-Dumeli Bit-Ubiya Balti-lišir Taqab-lišir Al-naqidate Massuttu Sarhu-Deri Alum-ša-Belet-biti Bit-Ahhe-iddina,together with the cities of the passes namely Bīt-Bunakku Tīl-Ḫumba Dimtu-ša-Dumeli Bīt-Ubiya Baltī-līšir Ta]qab-līšir Alu-ša-nāqidāte iv 35´ Massūtu]-šaplītu Sarḫu-Dēri Ālum-ša-Bēlet-bīti Bīt-Aḫḫē-iddina,https://oracc.museum.upenn.edu/riao/Q003492?lang=en
iv 1'',<data> <data> <data> ašmâ kišitte āl Kudur-Nahundi Alamu amqutma hatta sitāt āl ana dannassu erēb šū Madakte āl šarrūssa ētezib ana Haydala ša qerbeša šad rūqāti,Kudur-Naḫundu Kudur-Naḫḫunte the Ela[mite heard about the conquest of his cities and fear fell upon him He brought the people of the rest of his cities into fortresses iv 5´´ He abandoned the city Ma[daktu his royal city and took the road to the city Ḫayda[la Ḫidālu which is in the distant mountains,https://oracc.museum.upenn.edu/riao/Q003492?lang=en
iv 7''b,aṣabbata harrān ana Madakte āl šarrūssa alāk aqabbû Tamhiri kuṣṣi dannāku erēb šamūtum maʾassi izannun zunni zunni u šalgī <data> <data> <data> <data> <data> <data>,I ordered the march to the city Madaktu his royal city In the month Tam[ḫīru bitter cold set in and a severe rainst[orm sent down iv 10´´ its rain I was afraid of the rain and snow,https://oracc.museum.upenn.edu/riao/Q003492?lang=en
v 1',ša dunni eriyāti pān šamê rapašti katim ellāmēšun ina Halule ša kišād Diglat šitkunā sidirta pān masqê ṣabit ušaʾʾala kak,The dust of their feet covered the wide heavens like a heavy cloud in the deep of winter While drawing up a bat[tleline before me at the city Ḫa[lulê which is on the bank of the Tigris River and keeping me from the water source they sharpened their weapons,https://oracc.museum.upenn.edu/riao/Q003492?lang=en
v 6',anāku ana Aššur Sin Šamaš Bel Nabium Nergal Ištar ša Nina Ištar ša Arba-ili il tiklēšu ana akšud nakirēšu dannāku amdahhar supê urruhiš ašmâ,I myse[lf prayed to the deities Aššur Sîn Šamaš Bēl Nabû Ne[rgal Ištar of Nineveh and Ištar of Arbela the gods who support me for victory over my strong enemy and v 10´ they immediately heeded my prayers and came to my aid,https://oracc.museum.upenn.edu/riao/Q003492?lang=en
v 11'b,alāk rēṣūssu labbiš annadirma attalbiš siriyam huliam simat ṣālta annapruma rāšūʾa ina narkabat tāhāz ṣīrāte sāpin zāʾeriki ina uggat libba arkab hanṭiš qašassu dannāku ša Aššur šutlimšu ina qāssa aṣabbata šiltāhi pāriʾ napištašu atmuh rittāšin,I raged up like a lion then put on armor and placed a helmet suitable for combat on my head v 15´ In my anger I rode quickly in my exalted battle chariot which lays enem[ies low I took in my hand the mighty bow that the god Aššur had granted to me and I grasped in my hand an arr[ow that cuts off life,https://oracc.museum.upenn.edu/riao/Q003492?lang=en
v 20',ṣēr gimir ummān nakirēšu lemnēte ūmiš ṣarpiš alsâ kīma Adad ašgum ina qibētī Aššur bēl rabâ bēl ana šiddi u pūssa kīma tīb mehê šamri ana nakirēšu azīq ina kak Aššur bēl u tīb tāhāz ezzeti irassun anēʾma suhhurtašu altakan ummān nakirēšu ina uṣṣi mulmullī ušaqqir gimir pagar apluš,I roa[red loud]ly like a storm and thundered like the god Adad against all of the troop[s of the wicked enemies By the command of the god Aššur the great lord my lord I blew like the onset of a severe stor]m against the enemy o]n their flanks and front lines v 25´ With the weapons of the god Aššur my lord and my fierce battle array I turned them back and made them retreat I shot the troops of the en]emy with uṣṣu arrows and mulmul lu arrows and pierc[ed all of their corpses like,https://oracc.museum.upenn.edu/riao/Q003492?lang=en
v 31'b,<data> Humban-undaša <data> ,I quickly slaughtered and defeated Ḫumban-un[dāša,https://oracc.museum.upenn.edu/riao/Q003492?lang=en
vi 1,<data> umunnîšunu arde ṣēr ereṣēti šadal <data> <data> <data> <data> <data>,I made their blood flow over the br]oad earth,https://oracc.museum.upenn.edu/riao/Q003492?lang=en
vi 1',<data> <data> <data> <data> <data> akkis baltašun abātu kīma bīn qiššê simāni akkis qāssa,I cut off their li]ps and thus destroyed their pride I cut off their hands like the st ems of cucumbers in season,https://oracc.museum.upenn.edu/riao/Q003492?lang=en
vi 4',šemer aspī hurāṣ kasap ebba ša rittāšin amdahhar ina namṣar zaqti huṣannīšunu apruʾ patar šibbī hurāṣ kasap ša qabal ekēm,I received gold and shining silver sling straps as their wrist-trappings and slashed off their belts w]ith sharp swords I took away gold and silver decorated belt-daggers as their waist-trappings,https://oracc.museum.upenn.edu/riao/Q003492?lang=en
vi 8',sitāt rab adi Nabu-šuma-iškun mār Marduk-apla-iddina ša lapān tāhāz aplah adakkekama idāka balṭūssa ina qabal tamhāra atmuh qāssa,As for the rest of his magnates in]cluding Nabû-šuma-iškun a son of Marduk-apla-iddina II Merodach-baladan vi 10´ who had raised the]ir arms be]cause they were terrified o]f doing battle with me I capt]ured them alive in the thick of battle,https://oracc.museum.upenn.edu/riao/Q003492?lang=en
vi 12',narkabat adi sisê ša ina aqribma tāhāz dannāku rākibūšin dēkū u šina muššurā ramānī alāk mithāriš atūra,I brought ba]ck all together the chariots along with their horses whose drivers had been killed i]n the thick of that mighty battle and which had themselves been released so that they galloped about on their ow]n,https://oracc.museum.upenn.edu/riao/Q003492?lang=en
vi 1'',<data> <data> <data> <data> <data> ša ištu ūm rūqāti <data> ṣuhhur šubāt <data> ša <data> mē <data> ina ammat šiddi <data> <data> <data> ina ammat pūssa mārak šitkunā lā nukkulat epissun,the city Nine[veh which from distant days whose site was too sm]all its extent was 330 cubits vi 5´´ on its longer side and cubits on its shorter side and whose construction was in]expert,https://oracc.museum.upenn.edu/riao/Q003492?lang=en
vi 7'',<data> qabalti āl aṣê uššē <data> ana arkâya <data> ina mīlêša gapšāte <data> <data> <data> nišī āšib <data> šattišam āl il <data> ašar šar ab bilassun malik kibrāt amdahhar qerbeša <data> <data> gimir adnāte danān ša il <data> igdanalludū šattišam <data> ana qerbeša Nina āl bēlūssu ibabbalūni maddatta,that went out throu]gh the city its foundation to its rear vi 10´´ when its flood the Tebilti’s was in full spate the people living in annually the city the gods where[in the kings my ancestors received the tribute of the rulers of the four quarters of the world vi 15´´ of the entire world the strength of gods very frightening annually they brought their substantial payment i]nto Nineveh my capital city,https://oracc.museum.upenn.edu/riao/Q003492?lang=en
vi 20''b,<data> āl ṣahri <data> <data> <data> <data> <data> <data> āl malâ <data> <data> šitkunā <data> ana alāk lā ṭāba <data> itâka āl <data> <data> u šammē <data> ša ina lā māmē šūlukā namûta <data> šatâ qê ettūti <data> ina ebīhi raksatu <data> ušuzzāku itâka,small settlement of the city was filled were set was not suitable for p]assage vi 25´´ borders of the city and vegetation which had been turned into wastelands without water we]re woven over with spider webs were bound w]ith ropes vi 30´´ standing at its sides,https://oracc.museum.upenn.edu/riao/Q003492?lang=en
vi 31'',<data> lā bašê <data> šabburti rāšūʾa āl <data> šarbu u ṣūmē <data> zēr paqutti <data> <data> eṭli <data> elê el <data> ana maltīssu <data> nizamassu,are not newly tilled soil before the city cold and thirst seeds thorns vi 35´´ the young man rose up above it f]or his drink allowance his desire,https://oracc.museum.upenn.edu/riao/Q003492?lang=en
vi 39'',<data> ša ina <data> <data> <data> <data> <data> <data> <data> <data> <data> šad <data> <data> <data> aspun <data>,No translation possible,https://oracc.museum.upenn.edu/riao/Q003492?lang=en
vi 1''',<data> <data> <data> <data> <data> <data> <data> šar ālik mahar ab ša ištu ūm ullê ullânūʾa bēlūssu māssu Aššur epēssu ʾāri baʾūlāt Enlil ayyimma ina libba ana epēssu ēkal ṣīrāte <data> u lišamdil šubāt āl <data> u <data> <data> <data>,their ea]rlier kings my ancestors who from vi 5´´´ distant days befo[re me had exercised dominion over Assyria and r[uled the subjects of the god Enlil but not one among them had conceived of and put his mind towards building a magnificent palace or increasing the site of the city and,https://oracc.museum.upenn.edu/riao/Q003492?lang=en
vii 1,qaqqar atartu <data> ina muhha <data> mē <data> <data> ina ammat šiddi <data> mē <data> ina ammat pūssa <data> lū arde ana <data> mē <data> <data> ina ammat rabâ šiddi u <data> mē <data> ina ammat rabâ pūssa šikittaš ēkal šūturi šubāt arbâ <data> mē <data> tibik ana elāni tamlâ,I took as an additional plot of land I added it to the three hundred and cubits long and hundred and eighty cubits wide I enlarged the structure of the pa[lace to nine hundred and large cubits along its longer side vii 5 and hundred and sixty large cubits along its shorter side and thus I made its site bigger Upon it I filled in a terrace 1]90 courses of brick h[igh,https://oracc.museum.upenn.edu/riao/Q003492?lang=en
vii 8b,imlâ ṣēr <data> ša ina kibrāt arbaʾi <data> ana mūšab bēlūssu ina qabal āl,For my lordly residence in the citadel of Nineveh I built anew a palace that in the fou[r quarters of the world,https://oracc.museum.upenn.edu/riao/Q003492?lang=en
vii 11b,ša Nina eššiš abnâ <data> el ša ūm pān arbâ <data> epēssu usaqqiršu hursāniš šehinitušu ša agurrī <data> ina šipir šitimgalla enqu,I made larg[er than before had built and rais[ed it as high as a mountain As for its which baked bricks vii 15 I had it expertly made through the craft of well-trained master builder[s,https://oracc.museum.upenn.edu/riao/Q003492?lang=en
vii 16b,epēssu nakliš alšu ina zunni u šalgī uššē lā enēše kisû ina pēli rabâ epēssu,In order to prevent its foundations fr[om being weakened by rain and snow I had its base built with large limest[one blocks and thereby reinforced its base,https://oracc.museum.upenn.edu/riao/Q003492?lang=en
vii 19b,dunnina šupuk <data> mē ina ammat rabâ harīṣi lirappiš <data> <data> <data> <data> <data>,I widened its moat 100 large cubits,https://oracc.museum.upenn.edu/riao/Q003492?lang=en
vii 1',<data> <data> <data> <data> <data> ša dūr rabâ Badnigalbilukurašušu <data> dūr ša namrīr nakirēšu sahip ṣēr pēli temmēn addâ <data> libittašin ina nalbanāt rabâ ikbirū ana eliš adi šaplāniš naburrēšu ana <data> libittašin šūturi ina <data> šūš <data> tibik libittašin ša šizû mūbûša elāniš adi pasqīšin rāšūʾa elê usaqqiršu hursāniš,"I laid the foundation of its great wall Badnigalbi]lukurašušu which means “Wall Whose Bril[liance Overwhelms Enemies,” upon lime[stone and vii 5´ made it 40 bricks thick measured by my large brick mold Upwards to the north and downw[ards to the south I enlarged its battlements to a width of 39 bricks then I raised its superstructure up high to its copings to a height of 200 courses of brick each of whose thickness was one-third of a cubit and thus raised it as high as a mountain",https://oracc.museum.upenn.edu/riao/Q003492?lang=en
vii 10',ana erbaʾi šāri <data> abul pān u arka ina ṣēlī kilallān ana erēb u aṣê aptâ,I had eighteen gates opened up in it in four directions in front and behind and along both sides for entering and leaving,https://oracc.museum.upenn.edu/riao/Q003492?lang=en
vii 13'b,qerbeša Šarur mušamqit ayyāb šar abul handūri ilabbbiru iššakku Aššur abul Aššur ša Libbi-ali sāpin gimir nakirēšu abul Sin-ahhe-eriba ša Halzi Enlil mukīn palâ abul Šamaš ša Gagal ša Sin-ahhe-eriba ittešunu manzaltašunu ereqqī ikūn palâ abul Mullissu ša Kar-Mullissi mušēṣât šīr asakki abul mušlālu dumqēšu ašnan u lahar qerbeša kayyān abul Šibaniba bābil hiṣba hursānī abul Halahhi naphar <data> abul ṣīssun mahirat šūti u šad attasqara,“The God Šarur Is the One Who Cuts Down the King’s Enemy” this is the Ḫandūru Gate “May the Vice-Regent of the God Aššur Endure” vii 15´ this is the Aššur Gate which leads to the Inner City Aššur “The One Who Flattens All Enemies” this is the Sennacherib Gate which leads to the land Ḫalzi “The God Enlil Is the One Who Makes My Reign Firm” this is the Šamaš Gate which leads to the land Gagal “May Sennacherib’s Dynasty Be as Firm as the Position of the Wagon Constellation!” this is the Mullissu Gate which leads to the city Kār-Mullissi vii 20´ “The One Who Exorcises the ‘Flesh’ of the Asakku demon” this is the Step Gate “The Choicest of Grain and Flocks Are Constantly Inside It” this is the gate that leads to the city Šibaniba “The Bearer of the Produce of the Mountains” this is the gate that leads to the land Ḫalaḫḫu In total eight gates facing the rising sun towards the south and east and I gave them these names,https://oracc.museum.upenn.edu/riao/Q003492?lang=en
vii 25'b,nibīssun Adad šārik hegal ana māssu abul Adad ša ambassi Erra mušamqit ayyāb abul Nergal ša Tarbiṣi Nannari mukīn agâšu bēlūssu abul Sin Ea mušēšir kuppāni abul masqê libūr ēpissa mušlālu ša ēkal Amurriqanu mušammeh ṣippat mušlālu ša kirâtešunu mušērib miširti dadmē abul kār lū dāri bān mušlālu ēkal māšarte Anim nāṣir napištašu abul pilku Barhalzi kadrâ Temaya u Sumuʾil qerbeša erēb abul madbar naphar <data> abul ša mahirat iltāni u amurri abbi siqiršin,“The God Adad Is the Provider of Prosperity to the Land” this is the Adad Gate which leads to the game preserve “The God Erra Is the One Who Cuts Down My Enemies” this is the Nergal Gate which leads to the city Tar]biṣu “The Divine Nannāru Is the One Who Makes Firm My Lo[rd]ly Crown” this is the Sîn Gate “The God Ea Is the One Who Properly Directs Water Flow into My Cist[erns]” vii 30´ this is the Mašqû Gate “May Its Buil der Endure” this is the Step Gate of the Palace “The God Igisigsig Is the One Who Makes Orchards Flourish” this is the Step Gate of the Gardens “The One Who Brings in Income from the Settlements” this is the Quay Gate “May Its Builder Live Forever” vii 35´ this is the Step Gate of the Armory “The God Anu Is the Protector of My Life” this is the gate of the section assigned to the land Barḫalzu “The Presents of the People of Tēma and Sumuʾil Enter Through It” this is the Desert Gate In total ten gates facing towards the north vii 40´ and west and I gave them these names,https://oracc.museum.upenn.edu/riao/Q003492?lang=en
vii 41',ša šalhî Badnigerimhuluha mugallit zāmânī uššē aptâ <data> <data> <data> <data> <data> <data> <data> <data> <data> maddatta <data> <data> <data> adi muhha mê akšud nindan qerbeša māmē išpiluma šaplāni aban šad dannāku aksâ elāniš adi pasqīšin ina pēli rabâ ikkilū šipir,"I opened up a foundation pit for the outer wall Badnigerimḫuluḫa which means “Terrorizer of Enemies,” then vii 45´ Until I had it reach the water table I dug down into the water forty-five nindanu then I bound together strong mountain stone below and above I expertly carried out its construction with large limestone blocks up to its copings",https://oracc.museum.upenn.edu/riao/Q003492?lang=en
vii 49',ša Nina āl bēlūssu šubāt arbâ <data> ina ammat rabâ sūq mēteq gerra šar lišamdil immerū kīma ūm <data>,I enlarged the site of Nineveh my capital city For the course of a royal ro[ad I made its streets fifty-two large cubits wide and thus I made the city as bright as day,https://oracc.museum.upenn.edu/riao/Q003492?lang=en
viii 1',Kisiri adi tamerāti Nina šad u bērūtī ina akkulāte parzilla ušattirma ešēr harrāti mê Husur dāreš ṣēr tamerāti Nina ikūn qerbeša kirâtešunu ṣēr šabburti lišahbiba atappiš,I cut with iron picks a can]al straight through mountain and valley from the border of the city Kisiri to the plain of Nineveh Thus I provided for eternity a regular supply of water from the Ḫusur River to the plain of Nineveh and I made it gush through small canals into the gardens planted on newly tilled soil,https://oracc.museum.upenn.edu/riao/Q003492?lang=en
viii 6',Girmua <data> Alum-labir <data> ša ištu ulla <data> <data> ašti <data> ašti <data> māšarte <data>,the city Girmua the city Ālum-labir which since time immemorial took water viii 10´ took water review like a gallû-demon,https://oracc.museum.upenn.edu/riao/Q003492?lang=en
viii 1'',<data> <data> <data> nišī āšib <data> nesât <data> <data> kayyān <data> <data>,the people liv ing in distant constantly,https://oracc.museum.upenn.edu/riao/Q003492?lang=en
viii 5'',<data> mē zēr ašnan u Nisaba el āl u šapal āl amkir šattišam,I annually provided irrigation for 600 fields seeded with grain and cereals located upstream and downstream of the city,https://oracc.museum.upenn.edu/riao/Q003492?lang=en
viii 7'',ana ipšah alaktašu mê šunūte agammē bašê ṣuṣê qerbeša ušastil igirê šah qan alap qīši ina libba mušširannâti ina ṭēm il qerbeša kirâtešunu ṣēr šabburti karān gimir inba serdi riqqī magal išmuhā šurmēni musukkannī naphar iṣ išēhu liṣarriša papalli appārāte magal ešēr iṣṣūr šamê igirê ša ašar rūqāti qinna iqnunma šah qan alap qīši,I created a marsh to moderate the flow of those waters and planted a can[ebrake in it viii 10´´ I let loose in it herons wild boars lit “pigs of the reeds” and roe deer By divine will vines all kinds of fruit trees olive trees and aromatic trees flourished greatly in those gardens planted on newly tilled soil Cypress trees musukkannu trees and all kinds of trees grew tall and sent out shoots The ma[rshes thrived greatly viii 15´´ Birds of the heavens her[ons whose home(s are far away made nest(s and wild boars and roe deer ga[ve birth in abundance,https://oracc.museum.upenn.edu/riao/Q003492?lang=en
viii 17''b,lirappiš tālitti musukkannī šurmēni tarbīt ṣippat qan appārāte ša qerbeša agammē akšiṭ ana šipir hišehti ēkal,I cut down musukkannu trees and cypress trees grown in the orchards and marsh reeds from the swamps and I used them in the work required to build my lordly palatial halls,https://oracc.museum.upenn.edu/riao/Q003492?lang=en
viii 20''b,bēlūssu lū epēssu <data> kilallān <data> išmuhā qerbeša <data> ēmid ašnan <data>,I both flourished within set gra in,https://oracc.museum.upenn.edu/riao/Q003492?lang=en
viii 24'',ištu šipir ēkal iqtâ Aššur bēl rabâ il u ištar āšib māssu Aššur ina qerbeša aqre nīq tašrihte aqqâ šutlimšu kadrâ šaman serdi u hibišti uraqqâ ana rūšte ina tašrīt ēkal ša bahūlāte māssu ašqi muhha karān duššupat ṣurra amkir <data>,After I had finished the work on my palace viii 25´´ I invited inside it the god Aššur the grea[t lord and the gods and goddesses living in Assyria then I made splendid offerings and presented my gift(s I made fine oil from olives and aroma[tics viii 30´´ At the inauguration of the palace I had the heads of the subjects of my land dren[ched and I watered their insides with sweet wine,https://oracc.museum.upenn.edu/riao/Q003492?lang=en
viii 1''',<data> <data> <data> pān <data> <data> <data> <data>,No translation possible,https://oracc.museum.upenn.edu/riao/Q003492?lang=en
viii 5''',ēkal <data> īšâ <data> nišī āl <data> <data> albin appā <data> <data> ana Nina <data> ina birīt <data> ša ina qerbeša <data> harrān aštamdih <data> ṭābiš uṣṣanū,palace have the people of cities expressions of humility lit “stroking the nose” to Nineveh viii 10´´´ between which is inside they march along the ro ad they made smell pleasant their,https://oracc.museum.upenn.edu/riao/Q003492?lang=en
viii 14'''b,<data> <data> ana arkâssu ūm ina šar mār ša Aššur ana rēʾûssina māssu u nišī abbi siqiršin enūma dūr šâtu ilabbbiru ātanah anhūssa ēteneddišu mušarâ šiṭir šum amār šaman apšuš nīq aqqâ ana ašar atūra Aššur u Ištar ikrib ašmâ,In the futu[re may one of the kings my descendants whom the god Aššur nam[es for shepherding the land and people renovate its dilap]idated section(s wh]en that wall becomes old and dilapidated May he find an inscribed object bearing my name viii 20´´´ anoint it with oil make an of]fering and ret]urn it to its place The god Aššur and the goddess Ištar will then he]ar his praye]rs,https://oracc.museum.upenn.edu/riao/Q003492?lang=en
viii 23''',<data> <data> līmi Bel-emuranni bēl Galgameš,The month day eponymy of Bēl-ēmurann]i governor of the city Carchem]ish 691,https://oracc.museum.upenn.edu/riao/Q003492?lang=en
