﻿line,akkadian,english,source
1,ana Marduk bēl rabâ il rēmēnî āšib Esaggil bēl Babili bēl,For the god Marduk great lord compassionate god who dwells in Esagila lord of Babylon his lord,https://oracc.museum.upenn.edu/riao/Q006603?lang=en
4,srgn šar dannāku šar māssu Aššur šar kiššat šakkanak Babili šar māssu Šumeri u Akkad zānin Esaggil u Ezida ana epēssu dūr Imgur-Enlil,Sargon II strong king king of Assyria king of the world governor of Babylon king of the land of Sumer and Akkad the one who provides for Esagila and Ezida thought of re)building the city wall Imgur-Enlil,https://oracc.museum.upenn.edu/riao/Q006603?lang=en
11b,unzāšu bašê albin agurrī kīri ella ina kupri u kupri ina kišād Puratte ina qerbeša anzanunzê kār abnâ dūr Imgur-Enlil u dūr Nemet-Enlil kīma šipik šad lišaršid ṣēr,He then had bricks made and constructed a quay-wall of baked bricks from a ritually pure kiln laid in both refined and crude bitumen along the bank of the Euphrates River 15 in deep water He then made the city wall Imgur-Enlil and the city wall Nēmet-Enlil as secure upon it as the base of a mountain,https://oracc.museum.upenn.edu/riao/Q006603?lang=en
21,šipir šâšu Marduk bēl rabâ appalisma ana srgn rubâtu zānin ašarrakšunūti balāṭ kīma temmēn Babili ikūn palâ,May the god Marduk great lord look upon this work of mine with pleasure and may he grant a long life to Sargon the prince who provides for him May his reign be as firm as the foundation of Babylon,https://oracc.museum.upenn.edu/riao/Q006603?lang=en
