﻿line,akkadian,english,source
i 1,Aššur bēl rab šar gimer il rab Ana šar Igigi u Anunnaki bēl māssu Enlil ṣīri ab il bān kalāma Ea šar apsê bēl nēmeq hasīs Sin šar agâ šaqê namrīr Šamaš dayyān šamê ereṣēti šaqê bēl gimer Ninurta dandan gaširti ašarēd il šitarhi Ištar bēlat qabal u tāhāssu ša mēlultaša tuqmāte il rab mušīm šīmat mušarbû šarrūssa ša bēlūssina kiššūta u šāpirūssunu arbâ šum kabitta u siqaršu ṣīra el naphar bēl maʾdiš altakan,The god Aššur the great lord the king of all of the great gods the god Anu the king of the Igīgū and Anunnakū gods the lord of the lands the god Enlil the exalted one the father of the gods the creator of all the god Ea the king of the apsû the lord of wisdom and understanding the god Sîn the king of the lunar disk the lofty luminary i 5 god Šamaš the exalted judge of heaven and netherworld the lord of all the god Ninurta the strong and mighty one the splendidly preeminent one of the gods and the goddess Ištar the mistress of war and battle whose game is fighting the great gods who decree destinies who aggrandize my kingship who have made great my dominion power and leadership who have richly established for me my honorable name and my lofty command over all of the lords,https://oracc.museum.upenn.edu/riao/Q004611?lang=en
i 11,Salmanu-ašared šar kiššat nišē rubā iššakki Aššur šar daʾʾat šar kullat kibrāt arbaʾi šamaš kiššat nišē murteddû kal māssu šar baʾʾīt il nišīt ēna Enlil šakkanak Aššur pitqudu rubā naʾda āmeru durgī u šapšāqī mukabbis rāšūʾa ša šad kal hursānī māhir bilassun u igisê ša kal kibrāt mupattî ṭūdāt ša eliš u šapliš ša ana tēbu tāhāssu daʾʾat kibrāt šupšuq hâli āl zikar daʾʾat ša in tuklāt Aššur u Šamaš il raʾiṣīšu alāk in malik ša kibrāt arbaʾi šānin lā īšâ šar māssu šarhā ša arah pašqat alāk aštamdih šad u tâmāte,Shalmaneser III king of all of the people the ruler vice-regent of the god Aššur strong king king of all four quarters of the world sun(god of all of the people ruler of all of the lands the king who is desired object of the gods chosen of the god Enlil trustworthy appointee of the god Aššur the attentive ruler i 15 who has seen remote and rugged regions the one who has trodden upon the mountain peaks in all of the highlands the receiver of booty and tax from all four quarters of the world the who opens paths above and below at whose strong attack for combat the four quarters of the world are distressed and i 20 cities convulsed the strong male who acts with the support of the gods Aššur and Šamaš the gods who support him and has no rival among the rulers of the four quarters of the world the magnificent king of lands who has kept progressing by difficult ways through mountains and seas,https://oracc.museum.upenn.edu/riao/Q004611?lang=en
i 24,mār Aššur-naṣir-apli rubā ṣīra ša šangûssu el il iṭābu māssu naphar ana šēp iknuša nabīssu ella ša Tukulti-Ninurta ša kullat zaʾīrešu anār asappan abūbāniš,son of Ashurnasirpal II exalted ruler whose priesthood was pleasing to the gods and who made all of the lands bow down at his feet pure offspring of Tukultī-Ninurta II who slew all of his enemies and annihilated them like a flood,https://oracc.museum.upenn.edu/riao/Q004611?lang=en
i 28,in ūm in šurrât šarrūssa ša in kussâm šarrūssa rabêš ašāb narkabat ummān adakkekama in nērab ša Simesi erāba in Aridi āl dannīti ša Ninni aqribma āl albišu akšud dīkāti maʾassi addūak šallassin assalla išdu Aridi ammušma ana Hubuške aqribma Hubuške adi <data> mē āl ša libīt in išātāti ašrup Kaki šar Hubuške išdu pān namrurat kak daʾʾat aplah šad ana dannīti altakan arkešu ana šad lū elê tāhāssu daʾʾat in qarbešunu šad lū altakan sitāt makkūr išdu qarbešunu šad arād išdu Hubuške ammušma ana tâmāte ša Naʾiri lū alāk kak in tâmāte ullil nīq ana il aqqâ in tayyarat ša tâmāte maddanāti ša Asau Gilzanaya amdahar ana āl Aššur ābilāt,At that time in my accession year after I sat on the throne of my royal majesty in a grandiose manner I mustered my chariots and troops I entered the pass of the land Simesi and i 30 approached the city Aridu the fortified city of Ninni I besieged th(at city captured it massacred many of their people and carried off booty from them Moving on from the city Aridu I approached the city Ḫubuškia I burned with fire the city Ḫubuškia together with 100 cities in its environs Kākī(a the king of the city Ḫubuškia i 35 became frightened in the face of the flash of my mighty weapons and fortified himself on a mountain I climbed up th(at mountain after him I waged mighty war on th(at mountain and brought down from the mountain the remains of his property Moving on from the city Ḫubuškia I marched to the Sea of the Naʾiri land(s I washed my weapons in the sea and made sacrifices to my gods On my return march from the sea I received the payment of Asû of the land Gilzānu and brought it to my city Aššur,https://oracc.museum.upenn.edu/riao/Q004611?lang=en
i 42,in <data> palâ Purate in mēliša ēber ana tâmāte ša šulme Šamaš alāk kak in tâmāte ullil nīq ana il aṣabbata ana šad Hamana elê gašūrī erēna burāšī akkis ana šad Lallar elê ṣalam šarrūssa in libba ašqup āl ša Pattinaya ša Ahuni mār Adini ša Gargamišaya ša mār Agusi ša šēp ammâte ša Purate abbul anaqqar in išātāti ašrup,In my first regnal year I crossed the Euphrates River in flood and marched to the Sea of the Setting Sun I washed my weapons in the sea and made sacrifices to my gods I climbed up Mount Amanus and cut down beams of cedar and juniper i 45 I climbed up Mount Lallar and erected therein a statue of my royal majesty I destroyed demolished and burned with fire the cities of the people of the land Pattinu of Aḫūnu of Bīt-)Adini lit “son of Adīnu” of the people of the city Carchemish and of the people of Bīt-A)gūsi lit “son of Gūsu” which are on the other side of the Euphrates River,https://oracc.museum.upenn.edu/riao/Q004611?lang=en
i 49,in <data> palâ išdu Nina ammušma ana Til-Barsip aqribma āl ša Ahuni mār Adini abbul anaqqar in išātāti ašrup in āl ēsir Purate in mēliša ēber ana Dabigi birāte ša Hatta adi āl ša libīt u sitāt āl ša māssu kal in gerra <data> akšud abbul anaqqar in išātāti ašrup maddanāti ša šar kal ša šēp ammâte ša Purate amdahar lētu u danān el māssu kal altakan,In my second regnal year I moved out from Nineveh and approached the city Tīl-Barsip Barsaip I destroyed demolished and burned with fire the cities of Aḫūnu of Bīt-)Adini lit “son of Adīnu” and confined him to his city I crossed the Euphrates River in flood On this second campaign of mine I captured destroyed demolished and burned with fire the city Dabigu a fortress of the land Ḫatti together with cities in its environs and the remaining cities of all of their lands I received i 55 tribute from all of the kings on the other side of the Euphrates River and accomplished everywhere my mighty victories over all of the lands,https://oracc.museum.upenn.edu/riao/Q004611?lang=en
i 57,in <data> palâ Ahuni mār Adini išdu pān kak daʾʾat aplah Til-Barsip āl šarrūssa mušširannâti Purate ēber išdu Nina ammušma Til-Barsip Pitiru ša šēp ammâte ša Purate ša Tukulti-apil-Ešarra ab aṣabbata ana ramānī aṣabbata in tayyarat in nērab ša Alzi erāba išdu Alzi adi Suhme išdu Suhme adi Daiaeni išdu Daiaeni adi Arṣašku āl šarrūssa ša Arrame Uarraṭaya Arrame ana gipiš ṣāb atkal pēthal maʾassi ana epāš qabal u tāhāssu ana irassun adakkekama dabdâ altakan pēthal anūt tāhāssu ekēm ana ētazbū napištašu ana šad marṣa elê išdu pān kak daʾʾat aplah āl mušširannâti šad marṣa aṣabbata Arṣašku āl šarrūssa adi āl ša libīt akšud makkūr būšašu ana lā māni aṣê āl abbul anaqqar in išātāti ašrup  išdu Gilzani adi Hubuške kīma tīl abūb asappan in nērab ša Habriuri in pūssa Arba-il aṣê,In my third regnal year Aḫūnu of Bīt-)Adini lit “son of Adīnu” became frightened in the face of my mighty weapons abandoned the city Tīl-Barsip Bursaip his royal city and crossed the Euphrates River Moving out from Nineveh I took as my own the cities Tīl-Barsip Bursaip and Pitru i 60 cities that are on the other side of the Euphrates River and that Tiglath-pileser I my ancestor had established On my return march I entered the pass of the land Alzi I marched from the land Alzi to the land Suḫnu from the land Suḫnu to the land Daiaeni from the land Daiaeni to the city Arṣaškun the royal city i 65 of Arrāmu of the land Urarṭu Arrāmu trusted in the strength of his army and mustered his numerous cavalry to wage war and battle against me I defeated him and deprived him of his cavalry and military equipment In order to save his own life he climbed up a rugged mountain i 70 They his people became frightened in the face of my mighty weapons abandoned their cities and took to a rugged mountain I captured the city Arṣaškun his royal city together with cities in its environs I brought out his incalculable possessions and property I destroyed demolished and burned with fire th(ose cities ii 1 I annihilated like a flood from the land Gilzānu to the city Ḫubuškia From the pass of the land Ḫabruri I emerged before Arbela,https://oracc.museum.upenn.edu/riao/Q004611?lang=en
ii 3,in <data> palâ in Ayyaru <data> išdu Nina ammušma Purate in mēliša ēber arkešu Ahuni mār Adini arde Šitamrat ubān šad ša ah Purate ša kīma erpeti išdu šamê šuqallula ana dannīti altakan ubān šad albišu akšud Ahuni adi il narkabat sisê <data> līm <data> līm ṣāb anassah ana āl Aššur ābilāt,"In my fourth regnal year on the thirteenth day of Ayyāru II I moved out from Nineveh and crossed the Euphrates River in flood in pursuit of Aḫūnu of Bīt-)Adini lit “son of Adīnu” He had made as his stronghold ii 5 Mount Šītamrat a mountain peak on the bank of the Euphrates River which is suspended from heaven like a cloud I besieged and captured th(at mountain peak Aḫūnu together with his gods his chariots his horses and 22,000 of his troops I uprooted and brought to my city Aššur",https://oracc.museum.upenn.edu/riao/Q004611?lang=en
ii 10,in šanāt šiāti išdu Libbi-ali ammušma Kullar abbalkit ana Mazamua ša bētāni arād āl ša Nikdera Idaya akšud sitāt ummān in eleppa niāri arkab in tâmāte arād in eleppa kibarri arkab arkešu arde dīkāti in qabal tâmāte addūak šallassin assalla,In this same year I moved out from the Inner City Aššur crossed Mount Kullar went down to the interior of the land Zamua and captured the cities of Nikdēra of the land Idu The remnant of their army boarded boats of papyrus and escaped by sea I boarded boats of inflated skins and pursued them I defeated them in the midst of the sea and plundered them,https://oracc.museum.upenn.edu/riao/Q004611?lang=en
ii 16,in <data> palâ išdu Nina ammušma ana Kašari elê <data> āl daʾʾat akšud Anhitte Šubriaya in āl ēsir maddanāti amdahar,In my fifth regnal year I moved out from Nineveh and ascended Mount Kāšiāru I captured eleven fortified cities and confined Anḫitti of the land Šubria to his city and received his payment,https://oracc.museum.upenn.edu/riao/Q004611?lang=en
ii 19,in <data> palâ išdu Nina ammušma ana āl ša šiddi Baliha aqribma išdu pān kak daʾʾat aplah Ge-ammu <data> addūak ana Til-ša-turahi erāba āl ana ramānī aṣabbata išdu šiddi Baliha ammušma Purate in mēliša ēber maddanāti ša šar ša Hatta amdahar išdu Hatta ammušma ana Halman aqribma nīq ana pān Adad ša Halman epāš išdu Halman ammušma ana Qarqar aqribma Adda-idri Imeri Irhulena Amataya adi <data> šar ša šiddi tâmāte ana emūq ahāmeš atkal ana epāš qabal u tāhāssu ana irassun atbīma issišunu amdahaṣ <data> līm <data> līm ṣāb tidūki in kak amqutma narkabat pēthal anūt tāhāssu ekēm ana ētazbū napištašu elê in eleppa arkab adi qabal tâmāte alāk,"In my sixth regnal year I moved out from Nineveh and approached the cities on the banks of the Balīḫ Palīḫ River They became frightened in the face of my mighty weapons and they killed Gē-ammu their city ruler I entered the city Tīl(-ša)-turāḫi and claimed the city as my own Moving on from the banks of the Balīḫ Palīḫ River I crossed the Euphrates River in flood I received the payment of the kings of the land Ḫatti ii 25 Moving on from the land Ḫatti I approached the city Aleppo Ḫalman and made sacrifices before the god Adad of Aleppo Ḫalman Moving on from the city Aleppo Ḫalman I approached the city Qarqar Hadad-ezer Adda-idrī of Damascus and Irḫulena of the land Hamath together with twelve kings on the shore of the sea trusting in their united forces ii 30 attacked me to wage war and battle I fought with them I struck down 25,000 of their fighting men with the sword and captured from them their chariotry cavalry and military equipment In order to save their own lives they ran away I boarded boats and went out upon the sea",https://oracc.museum.upenn.edu/riao/Q004611?lang=en
ii 34,in <data> palâ ana āl ša Habini Til-abnaya alāk Til-abne āl dannīti adi āl ša libīt akšud in išātāti ašrup išdu Til-abne ammušma in rāšūʾa ēna ša Diglat ašar mūṣāʾu ša māʾūša šakin alāk nīq epāš āl lā māgir Aššur in kak amqutma maddanāti ša Naʾiri amdahar,In my seventh regnal year I marched to the cities of Ḫabīnu of the city Tīl-abnē I captured and burned with fire the city Tīl-abnē his fortified city together with the cities in its environs Moving on from the city Tīl-abnē I marched to the source of the Tigris River the place where the water comes out and made sacrifices I struck down the inhabitants of cities insubmissive to the god Aššur to the sword and received the payment of the Naʾiri land(s,https://oracc.museum.upenn.edu/riao/Q004611?lang=en
ii 41,in <data> palâ in tarṣi Marduk-zakir-šumi šar Karduniaš Marduk-bel-usate ah issišunu lū abbalkit ana atūra gimelli lū alāk Me-Turnat Lahira akšud,In my eighth regnal year at the time of Marduk-zākir-šumi I king of Karduniaš Babylonia Marduk-bēl-usāti his brother rebelled against him I marched out for vengeance and captured the cities Mê-Turnat and Laḫīru,https://oracc.museum.upenn.edu/riao/Q004611?lang=en
ii 45,in <data> palâ šanê gerra Gannanate akšud Marduk-bel-usate ana ētazbū napištašu ana Arman elê arkešu arde Marduk-bel-usate adi ṣāb bēl hīṭātišu ša issišunu in kak amqutma ana Babili alāk nīq in Babili Barsipa Kute epāš ana Kaldi arād āl akšud adi tâmāte ša Marrate aqabbû alāk maddanāti ša Adini mār Dakkuri ša Mušallim-Marduk mār Aukkani kasap hurāṣ ušê šinni pīrāti in Babili amdahar,In my ninth regnal year in my second campaign to Babylonia I captured the city Gannanāte In order to save his life Marduk-bēl-usāti went up to the city Ḫalman I pursued him and struck down Marduk-bēl-usāti with the sword together with the treacherous soldiers who were with him I marched to Babylon and ii 50 made sacrifices in Babylon Borsippa and Cutha I went down to Chaldea and captured their cities I marched to the sea called the Bitter Sea and in Babylon received the payment of Adīnu of Bīt-)Dakkūri lit “son of Dakkūru” and Mušallim-Marduk of Bīt-Am)ukkāni lit “son of Ukānu” silver gold ebony and elephant ivory,https://oracc.museum.upenn.edu/riao/Q004611?lang=en
ii 55,in <data> palâ <data> Purate ēber āl ša Sagara Gargamišaya abbul anaqqar in išātāti ašrup išdu āl ša Gargamišaya ammušma ana āl ša A-rame aqribma Arne āl šarrūssa akšud adi <data> mē āl ša libīt abbul anaqqar in išātāti ašrup dīkāti addūak šallassin assalla in ūm Adda-idri Imeri Irhulena Amataya adi <data> šar ša šiddi tâmāte ana emūq ahāmeš atkal ana epāš qabal u tāhāssu ana irassun atbīma issišunu amdahaṣ dabdâ altakan narkabat pēthal anūt tāhāssu ekēm ana ētazbū napištašu elê,In my tenth regnal year I crossed the Euphrates River for the eighth time I destroyed demolished and burned with fire the cities of Sangara of the city Carchemish Moving on from the cities of the Carchemishite I approached the cities of A(b)-rāmu Abi-rāmu and captured the city Arnê his royal city I destroyed demolished and burned it with fire together with 100 cities in its environs ii 60 I massacred them and plundered them At that time Hadad-ezer Adda-idrī of Damascus and Irḫulena of the land Hamath together with twelve kings on the shore of the sea trusting in their united forces attacked me to wage war and battle I fought with them and ii 65 defeated them I took from them their chariotry cavalry and military equipment In order to save their own lives they ran away,https://oracc.museum.upenn.edu/riao/Q004611?lang=en
ii 68,in <data> palâ išdu Nina ammušma <data> Purate in mēliša ēber <data> āl ša Sagara akšud <data> mē āl ša A-rame akšud abbul anaqqar in išātāti ašrup šiddi Hamana aṣabbata Yaraqi abbalkit  ana āl ša Amataya arād Abšimaku adi <data> āl akšud dīkāti addūak šallassin assalla in ūm Adda-idri Imeri Irhulena Amataya adi <data> šar ša šiddi tâmāte ana emūq ahāmeš atkal ana epāš qabal u tāhāssu ana irassun atbīma issišunu amdahaṣ dabdâ altakan <data> līm ṣāb tidūki in kak amqutma narkabat pēthal anūt tāhāssu ekēm in tayyarat Apparazu āl dannīti ša A-rame akšud in ūm maddanāti ša Qalparuda kasap hurāṣ annakī sisê imēr alap immer uqnê lubultē kitê amdahar ana šad Hamana elê gašūrī erēna akkis,"In my eleventh regnal year I moved out from Nineveh and crossed the Euphrates River in flood for the ninth time I captured ninety-seven cities of Sangara ii 70 I captured destroyed demolished and burned with fire 100 cities of A(b)-rāmu Abi-rāmu I took to the slopes of Mount Amanus crossed Mount Yaraqu and iii 1 descended to the cities of the people of the land Hamath I captured the city Aštammaku together with eighty-nine other cities I massacred their inhabitants and plundered them At that time Hadad-ezer Adda-idrī of Damascus and Irḫulena of the land Hamath together with twelve kings iii 5 on the shore of the sea trusting in their united forces attacked me to wage war and battle I fought with them and defeated them I struck down 10,000 of their fighting men with the sword iii 10 I took from them their chariotry cavalry and military equipment On my return march I captured the city Apparāzu the fortified city of A(b)-rāmu Abi-rāmu At that time I received the payment of Qalparunda silver gold tin horses donkeys oxen sheep blue dyed wool and linen garments I went back up Mount Amanus and cut beams of cedar",https://oracc.museum.upenn.edu/riao/Q004611?lang=en
iii 16,in <data> palâ išdu Nina ammušma <data> Purate ēber ana Paqarahubuni alāk nišē adāru šad marṣa aṣabbata ubān šad albišu akšud dīkāti addūak šallassin būšašu išdu qarbešunu šad arād,In my twelfth regnal year I moved out from Nineveh and crossed the Euphrates River for the tenth time I marched to the land Paqarḫubuni where the people became frightened and took to a rugged mountain I besieged and captured th(at mountain peak I massacred them and iii 20 brought plunder and possessions of theirs down from th(at mountain,https://oracc.museum.upenn.edu/riao/Q004611?lang=en
iii 21,in <data> palâ in nērab ša Ištarate erāba ana Mateiate alāk Mateiate ana sihir akšud dīkāti addūak šallassin ana lā amnâ assalla,In my thirteenth regnal year I entered the pass of the city Ištarāte marched to the city Matiātu and captured the city Matiātu in its entirety I slaughtered their inhabitants and took countless plunder from them,https://oracc.museum.upenn.edu/riao/Q004611?lang=en
iii 24,in <data> palâ māssu rapalti ana lā amnâ adakkekama issišunu <data> mē līm <data> līm ummān Purate in mēliša ēber in ūm Adda-idri Imeri Irhulena Amataya adi <data> šar ša šiddi tâmāte elê u šaplê ṣāb maʾassi ana lā amnâ adakkekama ana irassun atbīma issišunu amdahaṣ dabdâ altakan narkabat pēthal aṣēʾ anūt tāhāssu ekēm ana ētazbū napištašu elê,"In my fourteenth regnal year I mustered the troops of my extensive land in countless numbers and crossed the Euphrates River in flood with 120,000 troops At that time Hadad-ezer Adda-idrī of Damascus and Irḫulena of the land Hamath together with twelve kings on the shore of the sea above and below iii 30 mustered their troops which were too numerous to be counted They attacked me I fought with them and defeated them I destroyed their chariotry and cavalry and took away their military equipment In order to save their own lives they ran away",https://oracc.museum.upenn.edu/riao/Q004611?lang=en
iii 34,in <data> palâ ana Naʾiri alāk in rāšūʾa ēna ša Diglat ṣalam šarrūssa in kāpi ša šad in ṣī nagab abnâ tanadāte kiššūta alkakāt qurdi in qarbešunu alṭur in nērab ša Ṭubuni erāba āl ša Arrame Uarraṭaya adi rāšūʾa ēna ša Purate abbul anaqqar in išātāti ašrup in rāšūʾa ēna ša Purate alāk nīq ana il aṣabbata kak Aššur in libba ullil Asia šar Daiaeni šēp aṣabbata bilassun maddanāti sisê amdahar ṣalam šarrūssa abnâ in qabal āl atazziz,In my fifteenth regnal year I marched to the Naʾiri land(s I created at the source of the Tigris River on a mountain cliff where its water comes out a statue of my royal majesty I wrote thereon praises of my power and my heroic deeds I entered the pass of Mount Ṭunibuni and iii 40 destroyed demolished and burned with fire the cities of Arrāmu of the land Urarṭu as far as the source of the Euphrates River I marched to the source of the Euphrates River made sacrifices to my gods and washed the weapons of the god Aššur therein Asia the king of the land Daiaeni grasped my feet and I received from him tax and payment of horses I fashioned a statue of my lordly majesty and erected it inside his city,https://oracc.museum.upenn.edu/riao/Q004611?lang=en
iii 46,in tayyarat ša rāšūʾa ēna ša Purate ana Suhme alāk <data> āl daʾʾat adi āl ša libīt akšud dīkāti addūak šallassin assalla išdu Suhme ammušma ana Enzata aqribma <data> āl daʾʾat adi āl ša libīt akšud dīkāti addūak šallassin assalla išdu Enzata ammušma ana el Purate in pūssa Melid aqribma maddanāti ša Lalla Maliddaya kasap hurāṣ annakī siparram amdahar ṣalam šarrūssa abnâ in el Purate atazziz,On my return march from the source of the Euphrates River I marched to the land Suḫnu I captured five fortified cities together with the cities in their environs massacred their inhabitants and plundered them iii 50 Moving on from the land Suḫnu I approached the land Enzi I captured two fortified cities together with the cities in their environs massacred their inhabitants and plundered them Moving on from the land Enzi iii 55 I approached the Euphrates River before the land Melid I received the payment of Lalla of the land Melid silver gold tin and bronze I fashioned a statue of my royal majesty and erected it by the Euphrates River,https://oracc.museum.upenn.edu/riao/Q004611?lang=en
iii 58,in <data> palâ išdu Arba-il ammušma Kullar abbalkit in Mazamua ša bētāni birāte aṣabbata išdu Mazamua ša bētāni adi Mannaš akšud išdu Mannaš adi Allabria Paddir āl dannīti ša Ianzi-Buriaš  Allabria akšud dalāt hurāṣ sekrati ēkal makkūr ēkal maʾassi assalla išdu Allabria adi Parsua išdu Parsua adi Abdadana išdu Abdadana adi Bit-Hamban kīma gīra aqmi melam bēlūssina,In my sixteenth regnal year I moved out from Arbela crossed Mount Kullar and iii 60 established a fortress in the interior of the land Zamua I conquered from the interior of the land Zamua to the land Mannea Munna and from the land Munna Mannea to the land Allabria and the city Paddira the fortified city of Ianzi-Buriaš iv 1 of the land Allabria I took booty from him a door of gold his palace women and the extensive property of his palace Like the god Gīra I burned the areas from the city Allabria to the city Parsua from the city Parsua to the city Bīt-)Abdadāni and iv 5 from the city Bīt-)Abdadāni to the city Bīt-)Ḫamban I overwhelmed them with the brilliance of my lordly majesty,https://oracc.museum.upenn.edu/riao/Q004611?lang=en
iv 7,el asbuk Marduk-mudammiq šar Nammur ana gipiš ummān atkal pēthal maʾassi ana epāš qabal u tāhāssu ana irassun adakkekama in el Namrite in pūssa sidirta altakan dabdâ altakan pēthal ekēm Marduk-mudammiq šar Nammur išdu pān kak daʾʾat aplah Sumurzu Bit-Nergal Niqqi ša Tugliyaš āl dūr daʾʾat mušširannâti ana ētazbū napištašu elê mišeʾta in ēkal altakan il makkūr būšašu sekrati ēkal sisê ṣimdassu nīr ana lā māni assalla maddanāti ša Baru Ellibaya in nērab ša Tugliyaš amdahar šurbat kak melam bēlūssina el Nammur asbuk,Marduk-mudammiq the king of the land Namri trusting in the might of his troops iv 10 mustered his numerous cavalry to wage war and battle against me He drew up a battle line opposite me at the Namrīte River I defeated him and took from him his cavalry Marduk-mudammiq the king of the land Namri took fright in the face of my mighty weapons and abandoned the cities Sumurzu Bīt-Nergal and iv 15 Niqqu of the land Tupliyaš Tugliyaš his fortified cities and garrisons In order to save his own life he fled and I plundered his palaces I took as plunder his gods his possessions and property his palace women and iv 20 his harness-trained horses without number I received the payment of Bārû of the land Ellipi in the pass of the land Tupliyaš Tugliyaš iv 25 I overwhelmed the land Namri with awe of my weapons and the brilliance of my lordly majesty,https://oracc.museum.upenn.edu/riao/Q004611?lang=en
iv 26,kāšid išdu tâmāte elê u šaplê ša Naʾiri u tâmāte rab ša šulme Šamaš adi Hamana Hatta ana paʾaṭ gimer abēl išdu rāšūʾa ēna ša Diglat adi rāšūʾa ēna ša Purate qāssa akšud išdu Enzata adi Suhme išdu Suhme adi Melid išdu Melid adi Daiaeni išdu Daiaeni adi Arṣašku išdu Arṣašku adi Gilzani išdu Gilzani adi Hubuške kīma tīl abūb asappan,The conqueror from the Upper and Lower Seas to the Naʾiri land(s and the Great Sea of the Setting Sun as far as Mount Amanus I gained dominion over the land Ḫatti to its full extent iv 30 I lit “he” conquered from the source of the Tigris River to the source of the Euphrates River I annihilated like a flood from the land Enzi to the land Suḫnu Suʾunu from the land Suḫnu to the land Melid from the land Melid to the land Daiaeni from the land Daiaeni to the city Arṣaškun from the city Arṣaškun iv 35 to the land Gilzānu and from the land Gilzānu to the city Ḫubuškia,https://oracc.museum.upenn.edu/riao/Q004611?lang=en
iv 37,in māssu u hursānī ša abēl šakan altakan bilassun maddanāti zabbil kadurrašunu el altakan,In the lands and mountains over which I had gained dominion I appointed governors everywhere and imposed upon them tax tribute and corvée,https://oracc.museum.upenn.edu/riao/Q004611?lang=en
iv 40,Ninurta u Nergal ša šangûssu arammu būl ṣēr lušatlimū epāš baʾʾari aqabbû <data> mē <data> rīm <data> mē <data> nēšē in narkabat patûte in qitrub meṭlūtišu addūak <data> pīrāti in šubat adi,The gods Ninurta and Nergal who love my priesthood gave to me the wild beasts and commanded me to hunt I killed from my chariot 373 wild bulls and 399 lions with my valorous assault I drove twenty-nine elephants into ambush,https://oracc.museum.upenn.edu/riao/Q004611?lang=en
iv 45,epinnī in šiddi māssu arkus ê u tibni el ša pān šūturi asbuk,I hitched up plows in the various districts of my land and thereby piled up more grain and straw than ever before,https://oracc.museum.upenn.edu/riao/Q004611?lang=en
iv 47,sisê ṣimdassu nīr <data> līm <data> narkabat <data> līm <data> mē <data> pēthal ana emūq māssu arkus,"I hitched up teams of horses to 2,002 chariots and equipped 5,542 cavalry for the forces of my land",https://oracc.museum.upenn.edu/riao/Q004611?lang=en
iv 49,Tašriti <data> līmi Taklak-ana-šarri šakan Nemed-Ištar,Tašrītu VII the twenty-second day eponymy of Taklāk-ana-šarri governor of the city Nēmed-Ištar,https://oracc.museum.upenn.edu/riao/Q004611?lang=en
