﻿line,akkadian,english,source
1,Sin-ahhe-eriba šar rabâ šar dannāku šar kiššat šar māssu Aššur šar lā išnunūšuma rēʾi mutnennû pālih il rabâ nāṣir kināti rāʾim mešāri ēpissa ūsāt ālik tappût akê sāhir dameqtašu eṭli gitmālī zikar qardi ašarēd kal malik rappu lāʾiṭ lā māgir mušabriq zāmânī,Sennacherib great king strong king king of the world king of Assyria unrivalled king pious shepherd who reveres the great gods guardian of truth who loves justice renders assistance goes to the aid of the weak and strives after good deeds perfect man virile warrior foremost of all rulers the bridle that controls the insubmissive and the one who strikes enemies with lightning,https://oracc.museum.upenn.edu/riao/Q003478?lang=en
4,Aššur šad rabâ šarrūssa lā išnunūšuma šutlimšu el gimir āšib parak arbâ kak ,The god Aššur the great mountain granted to me unrivalled sovereignty and made my weapons greater than those of all who sit on royal daises,https://oracc.museum.upenn.edu/riao/Q003478?lang=en
5,ina mahar gerra ša Marduk-apla-iddina šar Karduniaš adi ummān Elamte rēṣēšu ina tamerāti Kiš altakan dabdâšu ina qabal tamhāra šatti ētezib karāssu ēdiš ipparaššidu napištašu eṭēr narkabat sisê ṣumbāte parê ša ina aqribma tāhāz mušširannâti akšud qāssa,On my first campaign I brought about the defeat of Marduk-apla-iddina II Merodach-baladan king of Karduniaš Babylonia together with the troops of the land Elam his allies in the plain of Kish In the midst of that battle he abandoned his camp fled alone and thereby saved his life I seized the chariots horses wagons and mules that he had abandoned in the thick of battle,https://oracc.museum.upenn.edu/riao/Q003478?lang=en
7,ana ēkal ša qerbeša Babili hadîš erēb aptâ bīssu niṣirtašu hurāṣ kasap anūt hurāṣ kasap aban aqarte mimma šum būšašu makkūr niṣirtašu kabitta alti sekrati ēkal tīrī manzāssin pān sihir ummânī mal bāšâ muttabbil ēkal aṣê šallatiš amna,I joyfully entered his palace which is in Babylon then I opened his treasury and brought out gold silver gold and silver utensils precious stones all kinds of possessions and property a substantial treasure together with his wife his palace women courtiers attendants all of the craftsmen as many as there were and his palace attendants and I counted them as booty,https://oracc.museum.upenn.edu/riao/Q003478?lang=en
9,ina emūq Aššur bēl <data> āl dannāku bīssu dūr ša Kaldi u <data> mē <data> āl ṣahri ša libīt alme akšud ašallal šallassin urbī Arame Kaldaya ša qerbeša Uruk Nippur Kiš Hursagkalamma Kute Sippar adi mār āl bēl hīṭātišu aṣê šallatiš amna,With the strength of the god Aššur my lord I surrounded conquered and plundered 89 of his fortified cities fortresses of Chaldea and 620 small(er settlements in their environs I brought out the auxiliary forces of the Arameans and Chaldeans who were in Uruk Nippur Kish Ḫursagkalamma Cutha and Sippar together with the guilty citizens and I counted them as booty,https://oracc.museum.upenn.edu/riao/Q003478?lang=en
11,Bel-ibni mār banê ina kussâšu šarrūssa ašāb nišī māssu Akkad adgul pān el gimir nagê Kaldi šūt rāšūʾa ana pīhātūte altakan nīr bēlūssu ēmid ,I placed Bēl-ibni a son of a rab banî on his royal throne and entrusted him with the people of Akkad I appointed my eunuchs to be governors over all of the districts of Chaldea and I imposed the yoke of my lordship upon them,https://oracc.museum.upenn.edu/riao/Q003478?lang=en
12,ina tayyarat Tuʾmuna Rihihu Yadaqqu Ubudi Gibre Malahu Gurume Ubulu Damuni Gambulaya Hindari Ruʾuʾa Puqudaya Hamaranaya Hagaranu Nabatu Liʾtaʾa Arame lā kanše mithāriš akšud <data> mē <data> līm nišī ṣeher rab zikar u sinniš <data> līm <data> mē sisê parê <data> līm <data> imērī <data> līm <data> mē <data> gammalī <data> līm <data> mē alap <data> mē līm <data> mē ṣēnašu šallassin kabitta ašallal ana qerbeša māssu Aššur,"On my return march I defeated all together the Tuʾmūna Riḫiḫu Yadaqqu Ubudu Gibrê Maliḫu Malaḫu Gurumu Ubulu Damunu Gambulu Ḫindaru Ruʾuʾa Puqudu Ḫamrānu Ḫagarānu Nabatu and Liʾtaʾu insubmissive Arameans I carried off into Assyria a substantial booty consisting of 208,000 people young and old male and female 7,200 horses and mules 11,073 donkeys 5,230 camels 80,100 oxen and 600,600 sheep and goats",https://oracc.museum.upenn.edu/riao/Q003478?lang=en
15,ina mēteq gerra ša Nabu-bel-šumati qēpāni Hararate hurāṣ kasap musukkannī rabâ imērī gammalī alap u ṣēnašu tāmartašu kabitta amdahhar ,In the course of my campaign I received a substantial audience gift from Nabû-bēl-šumāti the official in charge of the city Ḫararatu Ḫarutu gold silver large musukkannu trees donkeys camels oxen and sheep and goats,https://oracc.museum.upenn.edu/riao/Q003478?lang=en
16,bahūlāte Hirimme nakirēšu akṣi ina kak amqutma ēdu ul ētezib pagar ina gašīšī ālul sihir āl alme nagê šatti ana eššūte aṣabbata ištât alap <data> immer <data> imēr karān <data> imēr suluppī rēšēt ana il māssu Aššur bēl ikūn dārišam,I put to the sword the population of the city Ḫirimmu a dangerous enemy and I did not spare a single one I hung their corpses on poles and placed them around the city I reorganized that district and imposed for eternity one ox ten sheep ten homers of wine and twenty homers of dates as his first-fruits offerings to the gods of Assyria my lords,https://oracc.museum.upenn.edu/riao/Q003478?lang=en
18,ina šanê gerra Aššur bēl atkal ana māssu Kašši u māssu Yasubigallaya ša ištu ulla ana šar ab lā kitnuš lū alāk qerbeša hursānī zaqri eqel namrāṣi ina sisê arkab narkabat šēp ina tikkāte aššânni ašar šupšuqāma ina šēp rīmāniš attaggiš Bit-Kilamzah Hardišpi Bit-Kubat āl bīssu dūr dannāku alme akšud nišī sisê parê imērī alap u ṣēnašu ištu qerbeša aṣê šallatiš amna u āl ṣahri ša nība lā īšâ anappal anaqqar ēmâ karmeš bīssu ṣēr kultār mūšab ina gīri aqmi ditalliš ēmâ,On my second campaign the god Aššur my lord encouraged me and I marched to the land of the Kassites and the land of the Yasubigallians who since time immemorial had not submitted to the kings my ancestors In the high mountains difficult terrain I rode on horseback and had my personal chariot carried on men’s necks In very rugged terrain I roamed about on foot like a wild bull 20 I surrounded and conquered the cities Bīt-Kilamzaḫ Ḫardišpu and Bīt-Kubatti their fortified walled cities I brought out from them people horses mules donkeys oxen and sheep and goats and I counted them as booty Moreover I destroyed devastated and turned into ruins their small(er settlements which were without number I burned with fire pavilions and tents their abodes and reduced them to ashes,https://oracc.museum.upenn.edu/riao/Q003478?lang=en
22,atūra Bit-Kilamzah šatti ana birtūti aṣabbata el ša ūm pān dūr dunnina nišī māssu kišitte qāssa ina libba ašāb nišī māssu Kašši u māssu Yasubigallaya ša lapān kak ipparaššidu ištu qerbeša šad arād ina Hardišpi Bit-Kubat armâ ina qāssa šūt rāšūʾa bēl Arrapha amna narâ epēssu lētu kišitte qāssa ša el altakan ṣēr alṭur ina qerbeša āl azziz,I made that city Bīt-Kilamzaḫ a fortress again and I strengthened its walls more than before then I settled therein the people of the lands that I had conquered I brought down from the mountains the people of the land of the Kassites and the land of the Yasubigallians who had fled from my weapons and I made them dwell in the cities Ḫardišpu and Bīt-Kubatti I placed them under the authority of a eunuch of mine the governor of the city Arrapḫa I had a stele made had all the victorious conquests that I achieved over them written on it and I erected it in that city,https://oracc.museum.upenn.edu/riao/Q003478?lang=en
25,pān nīr atūra ana Ellipi aṣabbata harrān ellāmēšun Ispabara šar āl dannāku bīssu niṣirtašu mušširannâti ana rūqēte innabidūma gimir māssu rapašti kīma imbari ashup Marubišti Akkuddu āl bīssu šarrūssa adi <data> āl ṣahri ša libīt alme akšud anappal anaqqar ina gīri aqmi,I turned around lit “I turned the front of my yoke” and took the road to the land Ellipi Before my arrival Ispabāra their king abandoned his fortified cities and his treasury and fled far away I overwhelmed all of his wide land like a fog I surrounded conquered destroyed devastated and burned with fire the cities Marubištu and Akkuddu cities of his royal house together with thirty-four small(er settlements in their environs,https://oracc.museum.upenn.edu/riao/Q003478?lang=en
27,nišī ṣeher rab zikar u sinniš sisê parê imērī gammalī alap u ṣēnašu lā mīna ašallal adi lā bašê alāk iṣhir māssu Ṣiṣṣirtu Kummahlu āl dannāku adi āl ṣahri ša libīt Barrua nagê ana gimirti ištu qerbeša māssu abtuq el miṣir māssu Aššur arde,I carried off people young and old male and female horses mules donkeys camels oxen and sheep and goats without number then I brought him Ispabāra to nought and made his land smaller I detached from his land the cities Ṣi(ṣ)ṣirtu and Kummaḫlum fortified cities together with the small(er settlements in their environs and the district of the land Bīt-Barrû in its entirety and I added this area to the territory of Assyria,https://oracc.museum.upenn.edu/riao/Q003478?lang=en
29,Elenzaš ana āl šarrūssa u dannassu nagê šatti aṣabbata šum mahar ikkirā Kar-Sin-ahhe-eriba abbi nibīssun nišī māssu kišitte qāssa ina libba ašāb ina qāssa šūt rāšūʾa bēl Harhar amna lirappiš māssu,I took the city Elenzaš as a royal city and a fortress for that district then I changed its former name and called it Kār-Sennacherib 30 I settled therein the people of the lands that I had conquered I placed it under the authority of a eunuch of mine the governor of the city Ḫarḫar and thus enlarged my land,https://oracc.museum.upenn.edu/riao/Q003478?lang=en
31,ina tayyarat ša Madaya rūqāti ša ina šar ab mamma lā ašmâ siqiršin māssu maddatta kabitta amdahhar ana nīr bēlūssu iknuša ,On my return march I received a substantial payment from the distant Medes of whose land none of the kings my ancestors had heard mention Thus I made them bow down to the yoke of my lordship,https://oracc.museum.upenn.edu/riao/Q003478?lang=en
32,ina šalši gerra ana Hatti lū alāk Luli šar Ṣidunni pulhī melammē bēlūssu ashup ana rūqēte qabal tâmāti innabidūma Ṣidunni rabâ Ṣidunni ṣahri Bit-Zitte Ṣariptu Mahallab Ušu Akziba Akku āl dannāku bīssu dūr ašar riʾītu u malqīte bīssu tuklāt rašubbat kak Aššur bēl ashup iknuša šēp,On my third campaign I marched to the land Ḫatti Fear of my lordly brilliance overwhelmed Lulî the king of the city Sidon and he fled afar into the midst of the sea The awesome terror of the weapon of the god Aššur my lord overwhelmed the cities Great Sidon Lesser Sidon Bīt-Zitti Ṣarepta Maḫalliba Ušû Akzibu and Acco his fortified cities and fortresses an area of pasture(s and water-place(s resources upon which he relied and they bowed down at my feet,https://oracc.museum.upenn.edu/riao/Q003478?lang=en
35,Tu-Baʾil ina kussâšu šarrūssa el ašāb bilassun maddatta bēlūssu šattišam lā baṭalu ikūn ṣēr ,I placed Tu-Baʾlu on his royal throne over them and imposed upon him tribute and payment in recognition of my overlordship to be delivered yearly and without interruption,https://oracc.museum.upenn.edu/riao/Q003478?lang=en
36,ša Minhimmu Samsimurunaya Tu-Baʾil Ṣidunaya Abdi-Liʾti Armadaya Uru-Milki Gublaya Mitinti Asdudaya Budu-il Bit-Ammanaya Kammusu-nadbi Maʾabaya Aya-rammu Udummaya šar māssu Amurre kal igisê šadal tāmartašu kabitta adi erbêšu ana mahar aššânni inaššiquni šēp,As for Minuḫimmu of the city Samsimuruna Tu-Baʾlu of the city Sidon Abdi-Liʾti of the city Arwad Ūru-Milki of the city Byblos Mitinti of the city Ashdod Būdi-il of the city Bīt-Ammon Kammūsu-nadbi of the land Moab Aya-rāmu of the land Edom all of the kings of the land Amurru they brought extensive gifts four times the normal amount as their substantial audience gift before me and kissed my feet,https://oracc.museum.upenn.edu/riao/Q003478?lang=en
39,u Ṣidqa šar Isqalluna ša lā iknuša ana nīr il bīssu ab šâšu alti mār mārassu ahašu zēr bīssu ab assuh ana māssu Aššur ītarrê ,Moreover as for Ṣidqâ the king of the city Ashkelon who had not bowed down to my yoke I forcibly removed the gods of his father’s house himself his wife his sons his daughters his brothers and other offspring of his father’s house and took him to Assyria,https://oracc.museum.upenn.edu/riao/Q003478?lang=en
40,Šarru-lu-dari mār Rukibti šar mahar el nišī Isqalluna altakan addin bilassun kadrâ bēlūssu ēmid išâṭ abšānī ,I set Šarru-lū-dāri son of Rūkibtu their former king over the people of the city Ashkelon and imposed upon him the payment of tribute and gifts in recognition of my overlordship so that he now pulls my yoke,https://oracc.museum.upenn.edu/riao/Q003478?lang=en
41,ina mēteq gerra Bit-Daganna Yappu Banayabarqa Azuru āl ša Ṣidqa ša ana šēp arhiš lā iknuša alme akšud ašallal šallassin ,In the course of my campaign I surrounded conquered and plundered the cities Bīt-Daganna Joppa Banayabarqa and Azuru the cities of Ṣidqâ that had not submitted to me quickly,https://oracc.museum.upenn.edu/riao/Q003478?lang=en
42,šakkanak rubâtu u nišī Amqarruna ša Pade šar bēl adê u māmīt ša māssu Aššur birâti parzilla addâ ana Hazaqiyu Iaudaya addin nakriš ana anzillašu epēssu aplah libba šar Muṣri ṣāb qašassu narkabat sisê ša šar Emeluhha emūq lā nība iktera alāk rēṣūssu,As for the governors the nobles and the people of the city Ekron who had thrown Padî their king who was bound by treaty and oaths to Assyria into iron fetters and who had handed him over to Hezekiah of the land Judah in a hostile manner they became frightened on account of the villainous acts they had committed They formed a confederation with the kings of Egypt and the archers chariots and horses of the king of the land Meluḫḫa forces without number and they came to their aid,https://oracc.museum.upenn.edu/riao/Q003478?lang=en
44,ina tamerāti Altaqu ellāmēšun sidir šitkunā ušaʾʾala kak ina tuklāt Aššur bēl ittešunu amdahiṣ altakan dabdâšu bēl narkabat u mār šar Muṣuraya adi bēl narkabat ša šar Emeluhha balṭūssa ina qabal tamhāra akšud qāssa,In the plain of the city Eltekeh they sharpened their weapons while drawing up in battleline before me With the support of the god Aššur my lord I fought with them and defeated them 45 In the thick of battle I captured alive the Egyptian charioteers and princes lit “the sons of the kings” together with the charioteers of the king of the land Meluḫḫa,https://oracc.museum.upenn.edu/riao/Q003478?lang=en
46,Altaqu Tamna alme akšud ašallal šallassin ana Amqarruna aqribma šakkanak rubâtu ša hīṭātišu bašê addūk ina dimāte sihir āl ālul pagar mār āl ēpissa anna u gillassun ana šallassin amna sittī lā bābil hiṭâte u gullultašun ša anna lā bašê mušširannâti aqabbû,I surrounded conquered and plundered the cities Eltekeh and Tamnâ I approached the city Ekron and I killed the governors and nobles who had committed crime(s and hung their corpses on towers around the city I counted the citizens who had committed the criminal acts as booty and I commanded that the rest of them those who were not guilty of crimes or wrongdoing to whom no penalty was due be allowed to go free,https://oracc.museum.upenn.edu/riao/Q003478?lang=en
48,Pade šar ištu qerbeša Ursalimma aṣê ina kussâšu bēlūssu el ašāb maddatta bēlūssu ikūn ṣēr ,I brought out Padî their king from the city Jerusalem and placed him on the lordly throne over them then I imposed upon him payment in recognition of my overlordship,https://oracc.museum.upenn.edu/riao/Q003478?lang=en
49,ša Hazaqiyu Iaudaya <data> āl bīssu dūr dannāku u āl ṣahri ša libīt ša nība lā īšâ ina akbus arammē u aqribma ašibi amdahiṣ zūk šēp pilši nikis u kalbānāte alme akšud <data> mē līm <data> mē <data> nišī ṣeher rab zikar u sinniš sisê parê imērī gammalī alap u ṣēnašu ša lā nība ištu qerbeša aṣê šallatiš amna,"As for Hezekiah of the land Judah I surrounded and conquered forty-six of his fortified walled cities and small(er settlements in their environs which were without number 50 by having ramps trodden down and battering rams brought up the assault of foot soldiers sapping breaching and siege engines I brought out of them 200,150 people young and old male and female horses mules donkeys camels oxen and sheep and goats which were without number and I counted them as booty",https://oracc.museum.upenn.edu/riao/Q003478?lang=en
52,šâšu kīma iṣṣūr quppē qerbeša Ursalimma āl šarrūssa ēsirma birāte el arkus aṣê abul āl atūra ikkib āl ša ašallal ištu qerbeša māssu abtuq ana Mitinti šar Asdudi u Pade šar Amqarruna Ṣil-Bel šar Hazite addin iṣhir māssu el bilassun mahar addin šanat maddatta kadrâ bēlūssu arde ikūn ṣēr,As for him Hezekiah I confined him inside the city Jerusalem his royal city like a bird in a cage I set up blockades against him and made him dread exiting his city gate I detached from his land the cities of his that I had plundered and I gave them to Mitinti the king of the city Ashdod and Padî the king of the city Ekron and Ṣilli-Bēl the king of the land Gaza and thereby made his land smaller To the former tribute their annual giving I added the payment of gifts in recognition of my overlordship and imposed it upon them,https://oracc.museum.upenn.edu/riao/Q003478?lang=en
55,šū Hazaqiyu pulhī melammē bēlūssu ashup urbī ṣāb damiqtim ša ana dunnina Ursalimma āl šarrūssa erēb aršâ tillāte <data> bilassun hurāṣ <data> mē bilassun kasap nisiqte guhli takkas <data> rabâ eršēt šinni kussâšu nēmed šinni mašak pīri šinni pīri ušî taskarinni lubulti birmē kitê takilte argamanni anūt siparrī parzilla erâ annaki parzilla narkabat gabābī azmarānê siriyam patar parzilla šibbī tilpāna u uṣṣi tilli anūt tāhāz ša nība lā īšâ ittešunu mārassu sekrati ēkal nāri nārāti ana qerbeša Nina āl bēlūssu arkešu attabbal ana addin maddatta u epēssu ardūssu ašpur rakbâšu,As for him Hezekiah fear of my lordly brilliance overwhelmed him and after my departure he had the auxiliary forces and his elite troops whom he had brought inside to strengthen the city Jerusalem his royal city thereby gaining reinforcements along with 30 talents of gold 800 talents of silver choice antimony large blocks of ivory beds armchairs of ivory elephant hide(s elephant ivory ebony boxwood garments with multi-colored trim linen garments blue-purple wool red-purple wool utensils of bronze iron copper tin and iron chariots shields lances armor iron belt-daggers bows and uṣṣu arrows equipment and implements of war all of which were without number together with his daughters his palace women male singers and female singers brought into Nineveh my capital city and he sent a mounted messenger of his to me to deliver this payment and to do obeisance,https://oracc.museum.upenn.edu/riao/Q003478?lang=en
59,ina šallassin māssu šâtina ša ašallal <data> līm qašassu <data> līm arâte ina libba akṣur el kiṣir šarrūssa arde sitāt šallassin nakirēšu kabitta ana gimir karāssu u bēl nišī māhāz rabâ kīma ṣēnašu lū azūz,"From the booty of those lands that I had plundered I conscripted 10,000 archers and 10,000 shield bearers and added them to my royal contingent 60 I divided up the rest of the substantial enemy booty like sheep and goats among my entire camp and my governors and the people of my great cult centers",https://oracc.museum.upenn.edu/riao/Q003478?lang=en
61,ina ūm Nina māhāz ṣīrāte āl narām Ištar ša naphar kidudê il u ištar bāšâ qerbeša temmēn dārê duruš ṣât ša ištu ulla ittešunu šiṭir burūmê eṣratsu eṣir šūpû ṣindā ašar naklā šubāt pirište ša mimma šum šipir nikilte gimir pelludê niṣirtašu lalgar šutābula qerbeša,At that time Nineveh the exalted cult center the city loved by the goddess Ištar in which all of the rituals for gods and goddesses are present the enduring foundation and eternal base whose plan had been designed by the stars lit “writing” of the firmament and whose arrangement was made manifest since time immemorial a sophisticated place and site of secret lore in which every kind of skilled craftsmanship all of the rituals and the secret(s of the lalgar cosmic subterranean water are apprehended,https://oracc.museum.upenn.edu/riao/Q003478?lang=en
64,ša ištu ulla šar ālik mahar ab ullânūʾa bēlūssu māssu Aššur epēssu ʾāri baʾūlāt Enlil u šattišam lā naparkâ erbī narbâte bilassun malik kibrāt arbaʾi amdahhar qerbeša,in which since time immemorial earlier kings my ancestors before me exercised dominion over Assyria and ruled the subjects of the god Enlil 65 and wherein annually without interruption they received an enormous income the tribute of the rulers of the four quarters of the world,https://oracc.museum.upenn.edu/riao/Q003478?lang=en
66,ayyimma ina libba ana ēkal qerbeša kummē rimīt bēlūssu ša ṣuhhur šubāt lēssu ul addâ libba ul hasās ana ešēr sūq āl u lišamdil rebâte ahrâ nār azqup ṣippat unzāšu ul bašê ul attabbal karassin,but not one among them had paid heed to or shown interest in the palace inside it the seat of lordly dwelling whose site had become too small nor had anyone of them conceived of and put his mind towards the straightening of the city’s street(s and the widening of its squares the dredging of the river and the planting of orchards,https://oracc.museum.upenn.edu/riao/Q003478?lang=en
68,yâte Sin-ahhe-eriba šar māssu Aššur epēssu šipir šatti kī ṭēm il ina unzāšu bašê kabatsu attabbal tenēšet Kaldi Arame Mannaya Que Hilakki Pilište u Ṣurri ša ana nīr lā iknuša assuh tupšikki aššânni albin libittašin abī kupê ša qerbeša Kaldi akšiṭ appārāte šamhāti ina bahūlāte nakirēšu kišitte qāssa ašdud ana epēssu šipir,But as for me Sennacherib king of Assyria the performing of this work came to my attention by the will of the gods and I put my mind to it I forcibly removed the people of Chaldea Aramean tribes the land of the Manneans the lands Que Ḫilakku and Philistia and the land of the city Tyre who had not submitted to my yoke then I made them carry baskets of earth and they made bricks 70 I cut down canebrakes in Chaldea and I had their splendid reeds hauled to Nineveh for its the palace’s construction by enemy soldiers whom I had defeated,https://oracc.museum.upenn.edu/riao/Q003478?lang=en
71,ēkal mahar ša <data> mē <data> ina ammat šiddi tarṣi zamê bīssu ziqqurrat <data> ina ammat rupšu ina tarṣi nāmari bīssu Ištar <data> mē <data> ina ammat rupšu ina tarṣi nāmari Bit-Kidmuri <data> ina ammat rupšu ša šar ālik mahar ab ana rimīt bēlūssu epēssu lā ikkilū šipir Tebilti agê šitmurti ša ina aššânni gegunnê qabalti āl abātu kimah pazrāti kullum šamaš u ištu ūm rūqāti ṭēh ēkal ibʾa ina mīlêša gapšāte ina uššē abbu bašê irūmma temmēn,The former palace which was 360 cubits long opposite the zamû wall of the ziggurrat 80 cubits wide opposite the tower of the temple of the goddess Ištar 134 cubits wide opposite the tower of the Bīt-Kidmuri and 95 cubits wide on the other side which earlier kings my ancestors had had constructed for their lordly dwelling but whose construction they had carried out inexpertly — the Tebilti River a tempestuous flood of water which when it rose had destroyed sacred buildings inside the city and exposed their hidden tombs to the sun and which had flowed from distant days by the side of the palace and which thereby had caused erosion in its foundation when its flood was in full spate and had shaken its base,https://oracc.museum.upenn.edu/riao/Q003478?lang=en
75,egalturrâ šâtu ana sihir anaqqar ša Tebilti mālak išni abbu iṭīb ešēr mūṣâšu ,I tore down that small palace in its entirety then I changed the course of the Tebilti River repaired the effects of the erosion and directed its outflow,https://oracc.museum.upenn.edu/riao/Q003478?lang=en
76,qerbeša katim asurrakkiša šaplāni qan elāniš aban šad dannāku ittešunu kupri aksâ eqel ištu māmē elê nābališ atūra <data> mē ina ammat asli rabâ šiddi <data> mē <data> ina asli rabâ pūssa elīte iltāni <data> mē <data> ina asli rabâ pūssa qablīti mahirat zamê atman kutal Ištar <data> mē <data> ina asli rabâ pūssa qablīti šanê muhhurti šāri amurri kutal bīssu ziqqurrat bīssu Ištar <data> mē <data> ina asli rabâ pūssa šaplî šūti šiddi Diglat tamlâ imlâ amšuh mešihta labāriš ūm ina mīlêša kiššat temmēn lā enēše askuppāt pēli rabbâte kisû ishur dunnina šupuk,In the hidden depths of its subterranean waters I bonded together with bitumen reeds below and strong mountain stone above then I raised that area out of the water and converted it to dry land I filled in and measured a terrace of 700 large aslu cubits along its longer side 176 large aslu cubits along its upper northern shorter side 268 large aslu cubits along the inner shorter side which is opposite the zamû wall of the shrine behind the temple of the goddess Ištar 383 large aslu cubits along the other parallel inner shorter side which is on the west behind the ziggurrat of the temple of the goddess Ištar and 386 large aslu cubits along the lower southern shorter side which is beside the Tigris River 80 In order to prevent its foundation from being weakened over the passage of time by cresting flood(s I surrounded its base with large limestone slabs and thereby reinforced its base,https://oracc.museum.upenn.edu/riao/Q003478?lang=en
81,mušarâ šiṭir šum <data> mē <data> tibik tamlâ qerbeša alṭur šaplāni ina uššē ētezib ahrâtaš ,I inscribed objects bearing my name 160 courses of brick within the terrace and I deposited them deep down in its foundation for ever after,https://oracc.museum.upenn.edu/riao/Q003478?lang=en
82,arkānu ašquma tamlâ kabatsu attabbal <data> tibik ṣēr mahrê liṣṣib <data> mē <data> tibik ašquma elāniš tarpaš el ša ūm pān arbâ ṣēr mešihta ēkal mahar arde lišamdil šikittaš,Afterwards I decided to increase the height of the terrace then I added 20 courses of brick to the former terrace and thus I raised it to a total height of 180 courses of brick I made the area larger than before added it to the former dimensions of the palace and thus enlarged its structure,https://oracc.museum.upenn.edu/riao/Q003478?lang=en
84,ēkal gišnugalli šinni pīri ušî taskarinni musukkannī erēnī šurmēni daprāni burāši u buṭni Egalzagdinutuku ana mūšab šarrūssa epēssu qerbeša ,I had a palace of alabaster elephant ivory ebony boxwood musukkannu wood cedar cypress daprānu juniper juniper and terebinth a palace that I named Egalzagdinutukua “The Palace Without a Rival” constructed thereon as my royal residence,https://oracc.museum.upenn.edu/riao/Q003478?lang=en
85,kirimahhi tamšīl Hamana ša gimir riqqī inba ṣippat iṣ tuklāt šad u Kaldi qerbeša hurrušu itâka azqup ,I planted alongside it the palace a botanical garden a replica of Mount Amanus which has all kinds of aromatic plants and fruit trees trees that are the mainstay of the mountains and Chaldea collected inside it,https://oracc.museum.upenn.edu/riao/Q003478?lang=en
86,alšu azqup ṣippat eqel tamerāti elāni āl <data> ana mār Nina pilku upallikma adgul pān ,To plant gardens I subdivided the meadowland upstream of the city into plots of two pānu each for the citizens of Nineveh and I handed them over to them,https://oracc.museum.upenn.edu/riao/Q003478?lang=en
87,ana miṭrāte išmuhā ištu patti Kisiri adi tamerāti Nina šad u bērūtī ina akkulāte ušattirma ešēr harrāti <data> <data> bēr qaqqar ištu qerbeša Husur māmē dārê ašar arde qerbeša ṣippat šâtina lišahbiba pattiš,To make those planted areas luxuriant I cut with picks a canal straight through mountain and valley from the border of the city Kisiri to the plain of Nineveh I caused an inexhaustible supply of water to flow there for a distance of one and a half leagues from the Ḫusur River and made it gush through feeder canals into those gardens,https://oracc.museum.upenn.edu/riao/Q003478?lang=en
89,ša Nina āl bēlūssu šubāt arbâ rebâte lišamdil birēti u sūq ippardi immerū kīma ūm ,I enlarged the site of Nineveh my capital city I broadened its squares and brought light into the alleys and streets making them as bright as day,https://oracc.museum.upenn.edu/riao/Q003478?lang=en
90,ina mahirat abul qabal āl ina agurrī pēli peṣât ana mēteq bēlūssu akbus titūri ,I had a bridge constructed opposite the Citadel Gate by packing down paving stones of white limestone for my lordly procession(s,https://oracc.museum.upenn.edu/riao/Q003478?lang=en
91,mušarâ epēssu lētu u danān ša ina tuklāt Aššur bēl rabâ bēl el kullat nakirēšu altakan u mimma epissun epēssu qerbeša alṭur ina temmēn ēkal bēlūssu ētezib ahrâtaš,I had an inscribed object made and inscribed thereon all the mighty victories that I achieved over all of my enemies with the support of the god Aššur the great lord my lord and everything else that I had been doing I deposited it in the foundation of my lordly palace for ever after,https://oracc.museum.upenn.edu/riao/Q003478?lang=en
93,ana arkâssu ūm ina šar mār ša Aššur ana rēʾûssina māssu u nišī abbi siqiršin enūma ēkal šâtu ilabbbiru ātanah anhūssa ēteneddišu mušarâ šiṭir šum amār šaman apšuš nīq aqqâ ana ašar atūra Aššur ikrib ašmâ,In the future may one of the kings my descendants whom the god Aššur names for shepherding the land and people renovate its dilapidated section(s when that palace becomes old and dilapidated May he find an inscribed object bearing my name anoint it with oil make an offering and return it to its place The god Aššur will then hear his prayers,https://oracc.museum.upenn.edu/riao/Q003478?lang=en
95,<data> šūš <data> šum mušarâ Ayyaru līmi Mitunu māssu Isana,The line count of the inscription is 94 lines Ayyāru II eponymy of Mitūnu governor of the city Isāna 700,https://oracc.museum.upenn.edu/riao/Q003478?lang=en
