﻿line,akkadian,english,source
1',<data> <data> <data> <data> <data> <data> <data> <data>,Too poorly preserved to allow translation,https://oracc.museum.upenn.edu/riao/Q006639?lang=en
3',<data> <data> ūm <data> <data> <data> ,days,https://oracc.museum.upenn.edu/riao/Q006639?lang=en
4',<data> <data> bān <data> <data> ,creator,https://oracc.museum.upenn.edu/riao/Q006639?lang=en
5',<data> aribî <data> ,locusts,https://oracc.museum.upenn.edu/riao/Q006639?lang=en
6',<data> <data> <data> <data> <data> <data> <data> <data> <data> <data> <data> <data> <data> <data> <data>,Too poorly preserved to allow translation,https://oracc.museum.upenn.edu/riao/Q006639?lang=en
