﻿line,akkadian,english,source
1,ēkal Sin-ahhe-eriba šar rabâ šar dannāku šar kiššat šar māssu Aššur šar kibrāt erbaʾi migir il,Palace of Sennacherib great king strong king king of the world king of Assyria king of the four quarters of the world and favorite of the great gods,https://oracc.museum.upenn.edu/riao/Q003511?lang=en
4b,rabâ Aššur ab il ina kullat malik kēniš appalisma el gimir āšib parak arbâ kak addin haṭṭašu išarti murappiš miṣir šibirri lā pādê ana amqutma zāʾeriki atmuh rittāšin malik ša kibrāt arbaʾi ištu ṣītān adi šīlān šēp iknuša išâṭ abšānī,The god Aššur father of the gods looked steadfastly upon me among all of the rulers and he made my weapons greater than those of all who sit on royal daises He gave me a just scepter that widens borders 10 and he put in my hand a merciless rod to fell enemies He made rulers of the four quarters of the world from east to west bow down at my feet and they now pull my yoke,https://oracc.museum.upenn.edu/riao/Q003511?lang=en
14,<data> ištu ūm pān maʾdiš <data> ēna <data> <data>,The akītu-house which from the very distant past,https://oracc.museum.upenn.edu/riao/Q003511?lang=en
r 1',<data> <data> <data> <data> ai <data> u <data> <data> abul Nergal ša mahirat <data> mešāri petâ bāb,the Nergal Gate which is opposite justice who opens its gate,https://oracc.museum.upenn.edu/riao/Q003511?lang=en
r 4',Ešahulezenzagmukam bīssu hūd libba u rīšāte ša isinnāti rāšūʾa šanat lū abnâ,I built E]šaḫulezenzagmukam “House of Joy and Gladness for the Festival of the Beginning of the Year.”,https://oracc.museum.upenn.edu/riao/Q003511?lang=en
r 7',ina ūm isinnāti bīssu akīt ana ṣulê u albin appā mahar il u ilat u multaʾʾûte bēlūssu šattišam ina qerbeša epēssu nigûte,At the time of the festival of the akītu house New Year’s house I celebrate annually i]nside it with prayer and expressions of my humility lit “stroking my nose” before god and goddess and for my lord]ly pleasure,https://oracc.museum.upenn.edu/riao/Q003511?lang=en
r 12',Arahsamna <data> līmi Nabu-kenu-uṣur,Month Araḫsamna VIII eleventh day eponymy of Nabû-kēnu-uṣur 690,https://oracc.museum.upenn.edu/riao/Q003511?lang=en
