﻿line,akkadian,english,source
1,Sin-ahhe-eriba šar kiššat šar māssu Aššur ina šad dannāku ša balṭi ša rēʾi hāmū huṣābu ina libba laššuni gupnī dannāku ša eʾri ina libba šerʾûni šāri dannāku kayyamānu ina birēti alāk lā aprus ina altakan ša madaktiya balṭi šanâmma ina libba maškan lā attabbal anāku adi ummān imraṣāma ina muhha arde,Sennacherib king of the world king of Assyria In the mighty mountains wherein there is not even a piece of straw or a splinter of wood for sustaining a shepherd wherein even the tough tree trunks of eʾru trees grow flat on the ground and between which a strong steady wind never ceases to blow — where I pitched my camp no other living man had ever brought a tent I myself together with my troops travelled over them with difficulty,https://oracc.museum.upenn.edu/riao/Q003954?lang=en
10,Bit-Kubat ,Bīt-Kubat,https://oracc.museum.upenn.edu/riao/Q003954?lang=en
11,Marduk-apla-iddina šar Karduniaš tīb tāhāz adāru ṣubāt bēlūssu išruta ištu Babili urruhiš aṣê,Marduk-apla-iddina II Merodach-baladan king of Karduniaš Babylonia became frightened by my battle array he shred his lordly garments and quickly departed from Babylon,https://oracc.museum.upenn.edu/riao/Q003954?lang=en
14,Šuzubu šar hammāʾē ša šarrūssa Babili ramānī atūra hurbāša tāhāz amqutma aršâ mānahtu ištu ṣēr sisê qaqqariš amqutma,Šūzubu a usurper king who had taken the kingship of Babylon for himself Terror of doing battle with me fell upon him he lost consciousness and fell from his horse to the ground,https://oracc.museum.upenn.edu/riao/Q003954?lang=en
18,<data> <data> māssu Šumeri ,the land of Sumer,https://oracc.museum.upenn.edu/riao/Q003954?lang=en
19,<data> <data> Emeluhha,the land of Emeluḫḫa Meluḫḫa,https://oracc.museum.upenn.edu/riao/Q003954?lang=en
