﻿line,akkadian,english,source
1',ana tabrât ,I made them an obj]ect of wonder,https://oracc.museum.upenn.edu/riao/Q003515?lang=en
2'b,alāk sikkāt karri kasap u erâ qerbeša alme ina agurrī ṣurri uqnê ussim sellu nēbehī u gimir,I decorated them the doors with silver and copper knobbed nails I adorned the arches friezes and all of their copings with baked bricks glazed in the color of obsidian and lapis lazuli,https://oracc.museum.upenn.edu/riao/Q003515?lang=en
7'b,pasqīšin alšu šipir ēkal ešēr u lipit qāssa išlimma ina ūm Aššur u Ištar rāʾim šangûssu nābû šum gišmahhī erēnī ša ištu ūm rūqāti išēhu ikbirū magal ina qerbeša Sirara šad ina puzrašin nanzuzu kullum,So that the construction of my palace might be carried out correctly and that my handiwork be completed at that time the god Aššur and the goddess Ištar who love my priestly service and who selected me lit “who called my name” revealed to me a source of trunks of cedar which since distant days grew tall and very thick as they stood in seclusion in the Sirāra mountain range,https://oracc.museum.upenn.edu/riao/Q003515?lang=en
15'b,ṣīssun ša gišnugalli ša ina tarṣi šar ab ana karri namṣar šūquri ina sapan Ammanana,In the uplands of Mount Ammanāna northern Anti-Lebanon they Aššur and Ištar disclosed to me the location of alabaster which in the time of the kings my ancestors was too expensive even for the pommel of a sword,https://oracc.museum.upenn.edu/riao/Q003515?lang=en
18'b,aptâ pān u turminabandâ mal burzigalli,Moreover breccia as much as is needed for making burzigallu bowls,https://oracc.museum.upenn.edu/riao/Q003515?lang=en
1'',aladlammê u apsasāte pēli peṣât ša ēkal aṣabbata sigar ,I made bull colossi and sp[hinxes of white limestone hold the door bolts of my palatial halls,https://oracc.museum.upenn.edu/riao/Q003515?lang=en
2'',timmē erâ ṣīrāte adi timmē erēnī rabâ bibil Hamana meser erâ arkus ṣēr piriggallē ,I fastened bands of copper on magnificent copper columns as well as on large cedar col[umns which are the product of Mount Amanus and then I installed them upon lion colossi and positioned cross-beams upon them as a cornice for their gates,https://oracc.museum.upenn.edu/riao/Q003515?lang=en
3''b,azziz adappī kulūl bāb ēmid apsasāte gišnugalli adi apsasāte pitiq urudê ša zahalâ litbušā u apsasāte pitiq ešmarâ ša nummuru gattašin timmē ušî šurmēni erēnī daprāni burāši u tatīdi ihzēt pašalli,Sphinxes of alabaster as well as sphinxes of cast urudû copper that were overlaid with zaḫalû silver and sphinxes of cast metal whose features were brilliant I ere[cted over them columns of ebony cyp[ress cedar daprānu juniper juniper and tatīdu wood with pašallu gold and silver inlays and then I positioned the architraves of the inner rooms of my lordly residence on those columns,https://oracc.museum.upenn.edu/riao/Q003515?lang=en
6''b,u kasap ṣēr azziz ša kummē mūšab bēlūssu ēmid hittāniša askuppāt turminabandâ gišnugalli u askuppāt pēli rabâ asurrûšin ishur,I surrounded their the palace rooms’ lower courses with slabs of breccia and alabaster and large lim[estone slabs and made them an object of wonder,https://oracc.museum.upenn.edu/riao/Q003515?lang=en
8''b,ana tabrât alāk alšu ūmešam mê dilûti dalûm eblēšun guhaṣṣāte siparrī u harharī siparrī epēssu kēmū makâte gišmahhī u alamitta ṣēr,In order to be able to draw water by bucket every day I had bronze wire chains and bronze cables made and instead of poles I had tree trunks and date palm(s placed over wells,https://oracc.museum.upenn.edu/riao/Q003515?lang=en
10''b,būrti azziz ēkal šâtina alāk asmeš sihir ēkal ana tabrât kiššat nišī elê rāšūʾa ēkal ša šānin lā īšâ nibīssun attasqara,I made those palatial halls beautiful To be an object of wonder for all of the people I raised the superstructure of the en]ti[re palace I called it the “Palace Without a Rival.”,https://oracc.museum.upenn.edu/riao/Q003515?lang=en
12'',ina qibētī Aššur ab il u Ištar šarrat šēd dumqēšu lamassāt dumqēšu qerbeša ēkal šâtu dāreš lištabrâ ai ipparakkû idāka,By the command of the god Aššur father of the gods and the goddess Ištar the queen may the good šēdu and the good lamassu last forever and ever in that palace May they never leave it,https://oracc.museum.upenn.edu/riao/Q003515?lang=en
