﻿line,akkadian,english,source
1,ēkal srgn šar rabâ šar dannāku šar kiššat šar māssu Aššur šakkanak Babili šar māssu Šumeri u Akkad migir il rabâ,Palace of Sargon II great king strong king king of the world king of Assyria governor of Babylon king of the land of Sumer and Akkad favorite of the great gods,https://oracc.museum.upenn.edu/riao/Q006490?lang=en
3,rēʾi kēni ša Aššur Nabium Marduk šarrūssa lā išnunūšuma šutlimšu siqiršin šum aṣê,just shepherd one to whom the gods Aššur Nabû and Marduk granted a reign without equal and whose reputation these gods exalted to the heights,https://oracc.museum.upenn.edu/riao/Q006490?lang=en
5b,ana rēšēt šākin šubarrâšun Sippar Nippur Babili mušaššik tupšikki Deri Uri Eridu Larsa Kullaba Kissik Nemed-Laguda mušapšihu nišī kāṣir kidinnūssun Baltil baṭalu ša el Harran andullaša atruṣma kī ṣāb Anim u Dagan alṭur zakûssunu,who re)-established the šubarrû privileges of the cities Sippar Nippur and Babylon who abolished corvée duty for the cities Dēr Ur Eridu Larsa Kullaba Kissik and Nēmed-Laguda and gave relief to their people who re)-established the privileged status of the city Baltil Aššur that had lapsed who extended his protection over the city Ḫarrān and recorded their exemption from obligations as if their people were people of the gods Anu and Dagān,https://oracc.museum.upenn.edu/riao/Q006490?lang=en
11,zikar dannāku halip namurrat ša ana amqutma nakirēšu šutbû kak šākin dahtê Humbaigaš Alamu mušakniš Mannaya Karalla Andia Zikirte Ki-x-x Harhar Madaya Ellipi ēmid nīr Aššur mušahrib Urarṭa Muṣaṣir ša Rusa Uarraṭaya ina pulhāte rabâ ina kak ramānī iqtâ napištašu šālil malik Galgameš Amate Kummuha Asdudi Hatte lemnēte lā ādir siqiršin il dābib ṣalipte ša el gimir māssu šūt rāšūʾa ana pīhātūte altakan ittešunu nišī māssu Aššur amna sāpin Samerina kal Bit-Humri Kasku kāšid Tabal gimir Bit-Puritiš Hilakki ša ina Rapihi dabdâšu Muṣri altakan Hanunu šar Hazite amna šallatiš,the strong man who is clad in awesome splendor and whose weapons are raised to strike down his enemies who brought about the defeat of Ḫumbanigaš Ḫumban-nikaš I the Elamite who subjugated the lands Mannea Karalla Andia and Zikirtu the cities of Kišesim and Ḫarḫar and the lands Media and Ellipi 15 who imposed the yoke of the god Aššur upon them who laid waste to the land Urarṭu and the city Muṣaṣir in great fear of whom Ursâ Rusâ the Urarṭian brought an end to his life with his own weapon who carried off as booty the rulers of the city Carchemish the land Hamath the land Kummuḫu and the city Ashdod — evil Hittites who do not fear the words of the gods and always speak treachery who 20 set eunuchs of his as provincial governors over all their lands and considered them as people of Assyria who overwhelmed the city Samaria all of the land Bīt-Ḫumria Israel and the land Kasku who conquered the land Tabal all of the land Bīt-Purutaš and the land Ḫilakku who brought about the defeat of Egypt at the city Raphia and counted Ḫanūnu Hanno the king of the city Gaza as booty,https://oracc.museum.upenn.edu/riao/Q006490?lang=en
24,nabiʾ Šinuhti ṭārid Mita šar Muski mutēr halṣānišu Que ekmūte ša Yamanaya ša qabal tâmāti kīma nūnī abārma nāsih Gunzinanu Kammanuya u Tarhu-lara Gurgumaya ša gimir māssu ekēm ana miṣir māssu Aššur atūra mušakniš <data> šar ša Yaʾ nagê ša Adnana ša mālak <data> ūm ina qabal tâmāti ša šulme šamaš šitkunā šubāt kāšid Raše mušakniš Puqudaya Damuni,who plundered the city Šinuḫtu who drove out Mitâ Midas king of the land Musku who brought back to Assyrian control the fortress(es of the land Que Cilicia 25 that had been taken away by the enemy who caught the Ionians who live in the middle of the sea like fish who deported Gunzinānu of the land Kammanu and Tarḫu-lara of the land Gurgum who took away all of their lands and made them part of the territory of Assyria who subjugated seven kings of the land Yāʾ — a region of the land Adnana Cyprus — whose abode is situated at a distance of seven days journey in the middle of the Western Sea who conquered the land Rāši who subjugated the Puqudu and Damūnu tribes as far as the city Laḫīru of the land Yadburu and imposed his yoke upon them,https://oracc.museum.upenn.edu/riao/Q006490?lang=en
30b,adi Lahira ša Dibirina ēmid abšānī šākin dabdâšu Marduk-apla-iddina šar Kaldi ayyāb lemnēte ša kī lā libba il šarrūssa Babili epēssu akšud rabâ qāssa nāsih šuršē Dur-Yakin āl tuklāt rabâ ša pagar mundahṣē ina sapan tâmāti aqrunma gurunniš ašmâ Uperi šar Dilmun ša mālak <data> bēr ina qabal tâmāti ša ṣīssun šamaš kīma nūnī,who brought about the defeat of Marduk-apla-iddina II Merodach-Baladan — king of Chaldea an evil enemy who exercised kingship over Babylon against the will of the gods — and whose great hand conquered him who eradicated the city Dūr-Yakīn the great city upon which he Marduk-apla-iddina relied who heaped up the corpses of his Marduk-apla-iddina’s fighting men in piles on the coastal plain — Upēri king of Dilmun 35 who(se lair is situated at a distance of thirty leagues in the middle of the Eastern Sea like that of a fish heard of this and brought me his audience gift,https://oracc.museum.upenn.edu/riao/Q006490?lang=en
36b,narbāṣu šitkunā aššânni tāmartašu šar itpēšu muštābil amât dameqtašu ša ana ašāb namê nadâ u aptâ kišubbâ azqup ṣippat altakan,the wise king who occupies himself with good matters and who turned his attention to re)settling abandoned pasture lands opening up unused land and planting orchards,https://oracc.museum.upenn.edu/riao/Q006490?lang=en
39b,unzāšu ina ūm ina muhha nambaʾī ša šēp Muṣri šad elāni Nina āl epēssu Dur-Šarrukin,At that time I built a city above the spring at the foot of Mount Muṣri a mountain upstream from the city Nineveh and I named it Dūr-Šarrukīn,https://oracc.museum.upenn.edu/riao/Q006490?lang=en
41b,attasqara nibīssun kirimahhi tamšīl Hamana ša gimir hibišti Hatti inba šad kal qerbeša hurrušu abnâ itâka,I created around it a botanical garden a replica of Mount Amanus in which were gathered every kind of aromatic plant from the land Ḫatti Syria and every type of fruit-bearing mountain tree,https://oracc.museum.upenn.edu/riao/Q006490?lang=en
43,ša <data> mē <data> malik labīrāte ša ellāmēšun bēlūssu māssu Aššur epēssu ašpur baʾūlāt Enlil ayyimma ina libba ašar ul mussî ašāb ul alammad ahrâ nār azqup ṣippat ul attasqara ana ašāb āl šâšu usaqqiršu paramāhi atman il rabâ u ēkal šubāt bēlūssu urra mūša akpud aṣrimma,Not one of the three hundred and fifty previous rulers who had exercised lordship over Assyria before my time and had governed the subjects of the god Enlil 45 had noted its the city’s site or come to know how to make it habitable nor had one ordered the digging of its canal or the planting of its orchards Day and night I planned earnestly how to settle that town and to erect there a great shrine — a cella for the great gods — and palatial halls to be my lordly abode and I then ordered its construction,https://oracc.museum.upenn.edu/riao/Q006490?lang=en
49b,epēssu aqabbû ina arah šemê ūm mitgāri ina arah Kulla eššēši alli itarrakma albin,In a favorable month on an auspicious day — in the month of the god Kulla on the day of an eššēšu festival — I had workmen wield hoe(s and make bricks,https://oracc.museum.upenn.edu/riao/Q006490?lang=en
52b,libittašin ina Abu arah mukīn temmēn āl u bīssu ša gimir ṣalmāt qaqqad ana rimīt aptiq ṣulūl el hurāṣ kasap erâ nisiqte aban hibišti Hamana pēli atruṣma uššē addâ,In the month of Abu V — the month for the one who lays the foundation of citi(es and house(s and in which all the black-headed people construct shelter(s for their dwelling(s — 55 I placed its limestone masonry on top of foundation deposits of gold silver copper precious stones and pieces of aromatic woods from Mount Amanus I laid its foundation and established its brickwork,https://oracc.museum.upenn.edu/riao/Q006490?lang=en
57b,ikūn libittašin parak rašbu ša kīma kiṣir gennī šuršudā ana Ea Sin Ningal Šamaš Nabium Adad Ninurta epēssu,I built inside it the city for the gods Ea Sîn Ningal Šamaš Nabû Adad and Ninurta awe-inspiring daises that were made as firm as the mountains,https://oracc.museum.upenn.edu/riao/Q006490?lang=en
60b,qerbeša ēkal šinni pīri ušî taskarinni musukkannī erēnī šurmēni daprāni burāši u buṭni ina qibētī ṣīrāte ana mūšab šarrūssa abnâ gušūrī erēnī rabâ el atruṣma dalāt šurmēni musukkannī meser erâ namrāti arkus arti nēreb bīssu appāte tamšīl ēkal Hatti ša ina lišān māssu Amurre bīssu hilāni alsâ epēssu mahirat bāb,At their august command I built palatial halls using lit “of” elephant ivory ebony boxwood musukkannu wood cedar cypress daprānu juniper juniper and terebinth to be my royal residence and I roofed them with large cedar beams 65 I bound the doors of cypress and musukkannu wood with band(s of shining copper and installed them in their entrance(s I had built in front of their gates a portico bīt appāti a replica of a Hittite palace which is called a bīt ḫilāni in the language of the land Amurru,https://oracc.museum.upenn.edu/riao/Q006490?lang=en
70,<data> urmahhē tūʾamāte šūt <data> šār nēr <data> šūš <data> bilassun maltakti erâ namrāti ša ina šipir Ninagal aptiq malâ namrīr <data> timmē erēnī šutāhāte ša <data> <data> kuburšu bibil Hamana el urmahhē ikūn adappī kulūl bāb ēmid immer šad lamassāt ṣīrāte ša aban šad ešqi nakliš aptiq ana erbaʾi šāri aṣabbata sigar askuppāt pēli rabâ dadmē kišitte qāssa ṣēr abšimma asurrûšin,"Eight twin lion colossi of shining copper that weigh 4,610 full lit “tested” talents and that were cast by the craft of the god Ninagal and filled with radiance — upon those lion colossi I installed four matching cedar columns whose diameter(s are one nindanu each the product of Mount Amanus and I positioned cross-beams upon them as a cornice for their gates 75 I skillfully fashioned magnificent mountain sheep colossi of massive mountain stone and in the four directions I had them hold their the gates’ door bolt(s I depicted the settlements that I had conquered upon large limestone slabs and surrounded their the palatial halls’ lower courses with them I made them an object of wonder",https://oracc.museum.upenn.edu/riao/Q006490?lang=en
79b,ishur ana tabrât alāk šār šār šār šār nēr nēr nēr <data> šūš <data> <data> nindan <data> ammat mešihta dūr altakan el šad zaqri lišaršid temmēn ina rāšūʾa u arkate ina ṣēlī kilallān mahirat <data> šāri <data> abul aptâ Šamaš mušakšid ernitti Adad mukīn hegal šum abul Šamaš u Adad ša mahirat šadî attasqara Enlil mukīn išdāša āl Mullissu muddiš hiṣba siqiršin abul Enlil u Mullissu ša mahirat iltāni abbi Anim mušallim epissun qāssa Ištar mušammeh nišī nibīssun abul Anim u Ištar ša mahirat amurri altakan Ea muštēšir nagab Belet-ili murappiš tālitti šum abul Ea u Belet-ili ša mahirat šūti aqabbû Aššur mušalbir palâ šar ēpissa nāṣir ummān dūr Ninurta mukīn temmēn āl,"I made the length of its wall 16,280 cubits and I made its foundation secure upon blocks of massive mountain stone In front and in back on both sides facing the four directions I opened eight gates in the city wall Then I named the gate(s of the gods Šamaš and Adad that face the east “The God Šamaš Is the One Who Makes Me Triumph” and “The God Adad Is the One Who Establishes My Prosperity” respectively I called the gate(s of the god Enlil and the goddess Mullissu that face the north “The God Enlil Is the One Who Establishes the Foundation of My City” 85 and “The Goddess Mullissu Is the One Who Restores Abundance” respectively I made the name(s of the gate(s of the god Anu and the goddess Ištar that face the west “The God Anu Is the One Who Makes My Undertakings Successful” and “The Goddess Ištar Is the One Who Makes Its People Flourish” respectively I pronounced the names of the gate(s of the god Ea and the goddess Bēlet-ilī that face the south to be “The God Ea Is the One Who Keeps Its Spring(s in Good Order” and “The Goddess Bēlet-Ilī Is the One Who Increases Its Animals’ Offspring” respectively 90 Its city wall was called “The God Aššur Is the One Who Prolongs the Reign of Its Royal Builder and Protects His Troops.” Its outer wall was called “The God Ninurta Is the One Who Establishes the Foundation of His City for All Days to Come.”",https://oracc.museum.upenn.edu/riao/Q006490?lang=en
92b,ana ilabbbiru ūm rūqāti šalhî baʾūlāt arbaʾi lišān ahītu atmâya lā mithurti āšib šad u māssu mal arteʾʾâ nūr il bēl gimir ša ina siqiršin Aššur bēl ina mētel šibirri ašallal pâ ištât altakan armâ qerbeša mār māssu Aššur mūdê inî kalāma ana āhuz ṣibittašunu aplah il u šar akli,People from the four quarters of the world speaking foreign language(s and of diverse speech those who had dwelt in both mountain(s and low)land(s as many as the “Light of the Gods” Šamaš the lord of all shepherded whom I had carried off as booty by the power of my staff at the command of the god Aššur my lord 95 I made act in concert and I re)settled them inside it the city I commissioned native Assyrians masters of every craft as overseers and commanders to instruct the settlers in correct behavior and how to revere god and king,https://oracc.museum.upenn.edu/riao/Q006490?lang=en
97b,šāpirī ʾāri ištu šipir āl u ēkal iqtâ il rabâ āšib māssu Aššur ina qerbeša aqre tašīlâte altakan ša malik ṣīssun šamaš u ereb šamaš hurāṣ kasap mimma aqarte simat ēkal šâtina tāmartašu kabitta amdahhar,After I had completed work on the city and my palatial halls I invited the great gods who dwell in Assyria to come inside them and I held a celebration for them From rulers from the east and the west I received as their substantial audience gift(s gold silver and everything valuable befitting these palatial halls,https://oracc.museum.upenn.edu/riao/Q006490?lang=en
101,il āšib āl šâšu mimma lipit qāssa amdahhar pān ašāb kiṣṣi u ikūn palâ aqabbû dūr dāri,May every work of my hands be acceptable to the gods who dwell in this city May they then forever decree that they will inhabit their shrines and that my reign will be firmly established,https://oracc.museum.upenn.edu/riao/Q006490?lang=en
103,ša epissun qāssa ikkirā bunnannê issehuma uṣurāt ēṣeru assukma simat ipaššiṭu Sin Šamaš Adad u il āšib libba šum zēr ina māssu lilqutūma ina šaplî nakirēšu ašāb kamêš,As for the one who alters the work of my hands mutilates my features on a relief obliterates the reliefs that I have engraved or effaces my own representation(s may the gods Sîn Šamaš Adad and the great gods who dwell there remove his name and his descendant(s from the land and make him live in bondage under his enemy,https://oracc.museum.upenn.edu/riao/Q006490?lang=en
