﻿line,akkadian,english,source
1',<data> <data> <data> <data> <data> <data> <data> <data>,Not sufficiently preserved to allow translation,https://oracc.museum.upenn.edu/riao/Q006566?lang=en
3',<data> rāšūʾa šarrūssa <data> ,from the beginning of my rei[gn,https://oracc.museum.upenn.edu/riao/Q006566?lang=en
4',<data> Dur-Šarrukin attasqara <data> <data> iʾʾaldu ina <data> <data> buṭni ana mūšab <data> <data> <data> pargāniš irtabṣū <data>,In accordance with my heart’s desire I built a city at the foot of Mount Muṣri a mountain upstream from the city Nineveh and n[amed it Dūr-Šarru]kīn I had the gods Ea Sîn Šamaš Nabû Adad Ninurta and their great spouses created inside Eḫursaggalkurkurra and I installed them in[side it Dūr-Šarrukīn on their eternal dais(es I built inside it palatial halls using lit “of” elephant ivory ebony boxwood musukkannu wood cedar cypress daprānu juniper juniper and terebinth to be my royal resi[dence and I had enemy people whom I had captured dw[ell inside it as safely as in meadowland and I considered it as one of the cultic centers of Assyria,https://oracc.museum.upenn.edu/riao/Q006566?lang=en
8',<data> kī ištât abēl māssu <data> <data> Madaya adi patti Bikni <data> <data> altakan ašdud <data> <data> il ana <data>,With the support of the great gods I advanced and ruled the people from the Upper Sea to the Lower Sea as if they were one people I made uncompliant land[s and insubmissive mountain regions bow down at my feet I dispersed the forces of Ḫumbanigaš Ḫumban-nikaš I the Elamite I destroyed the lands Karalla Šurda and Kišesim and the city Ḫarḫar I did not leave any offspring of the land Med]ia as far as the border of Mount Bik[ni and the land Ellipi I settled in their midst people of the land Ḫatti Syria that I had conquered I set eunuchs of mine as provincial governors over them and had them pu[ll my yoke I subjugated the lands Mannea Andia and Zikirtu I counted a[s booty Urzana king of the city Muṣaṣir together with the people of his land and his deities Ḫaldi and Bagbartu,https://oracc.museum.upenn.edu/riao/Q006566?lang=en
