﻿line,akkadian,english,source
1,ēkal srgn šakin Enlil nêšak Aššur šar dannāku šar kiššat šar māssu Aššur ,Palace of Sargon II appointee of the god Enlil nešakku priest of the god Aššur strong king king of the world king of Assyria king of the four quarters of the world favorite of the great gods,https://oracc.museum.upenn.edu/riao/Q006522?lang=en
2b,šar kibrāt erbaʾi migir il rabâ šākin šubarrâšun Sippar Nippur Babili hātin enši ēpir akê mušallim hibiltašina kāṣir kidinnūssun Baltil baṭalu mušaššik tupšikki Deri mušapšihu nišī anhāti lēʾî kal malik ša el Harran andullaša atruṣma kī ṣāb Anim,who re)-established the šubarrû privileges of the cities Sippar Nippur and Babylon and protects the weak among them lit “their weak ones” who provides food for the destitute and made restitution for the wrongful damage suffered by them who re)established 5 the privileged status of the city Baltil Aššur that had lapsed who abolished corvée duty for the city Dēr and gave relief to their weary people most capable of all rulers who extended his protection over the city Ḫarrān and recorded its exemption from obligations as if its people were people of the gods Anu and Dagān,https://oracc.museum.upenn.edu/riao/Q006522?lang=en
8b,Dagan alṭur zakûssunu šar ša ištu ūm bēlūssu gabarâšu lā bašê ina qabal u tāhāz lā amār munehha māssu kal kīma haṣbatti udaqqaqu hammāʾē ša arbaʾi addâ ṣerrat šūt rāšūʾa šakin el altakan bilassun maddatta kī ša Aššur,the king who since the first day of his reign has had no equal and has met no one who could overpower him in war or battle 10 who smashed all enemy lands as if they were pots and put halters on all rebels in the four quarters of the world who set eunuchs of his as governors over them and imposed upon them the same tribute and payment(s as if they were Assyrians,https://oracc.museum.upenn.edu/riao/Q006522?lang=en
13b,ēmid ina mēreš rapašti u hissat unzāšu palkâ ša Ea Belet-ili el šar ab šūturi hasīs ina bibil libba ina šēp Muṣri šad ina rebâte Nina āl epēssu Dur-Šarrukin šum abbi,With my wide knowledge and broad intelligence that the god Ea and the goddess Bēlet-ilī had made greater than those of the kings my ancestors 15 and in accordance with my heart’s desire I built a city at the foot of Mount Muṣri a mountain on the outskirts of Nineveh and I named it Dūr-Šarrukīn,https://oracc.museum.upenn.edu/riao/Q006522?lang=en
17,parak rašdūti ana Ea Sin Šamaš Adad u Ninurta ,I had firmly-founded daises skillfully built inside it for the gods Ea Sîn Šamaš Adad and Ninurta,https://oracc.museum.upenn.edu/riao/Q006522?lang=en
18b,ina qerbeša nakliš abnâ ēkal šinni pīri ušî taskarinni musukkannī erēnī šurmēni daprāni burāši buṭni ana mūšab šarrūssa abnâ bīssu hilāni tamšīl ēkal Hatti ina bāb aptiq gušūrī erēnī šurmēni ikūn ṣēr emammī tamšīl binût šad u tâmāti ša aban peṣât ina nēreb azziz dalāt šurmēni musukkannī arti bāb dūr kīma kiṣir šad lišaršid nišī māssu mal Šamaš arteʾʾâ kišitte,I built a palace using lit “of” elephant ivory ebony boxwood musukkannu wood cedar cypress daprānu juniper juniper and terebinth 20 to be my royal residence I fashioned a bīt ḫilāni a replica of a Hittite palace at their gates and roofed them with beams of cedar and cypress I erected at their entrances animals made of shining stone in the image of creatures of the mountain and sea and installed doors of cypress and musukkannu wood in their gates I made its wall as secure as a mountain massif 25 and settled there people of the lands that I had conquered — as many as the god Šamaš shepherded,https://oracc.museum.upenn.edu/riao/Q006522?lang=en
26b,qāssa ina libba ašāb il rabâ āšib šamê ereṣēti u il āšib āl šâšu epēssu āl ilabbbiru qerbeša ašarrakšunūti ana dāreš,The great gods who dwell in heaven and netherworld and the gods who dwell in this city have granted me the eternal privilege of building this city and growing old in it,https://oracc.museum.upenn.edu/riao/Q006522?lang=en
