﻿line,akkadian,english,source
1',<data> <data> <data> <data> nišī Bit-Yakin u il adi bahūlāte šar Elamte ašallal,I carried off the people of the land Bīt-Yakīn and their gods together with sol]diers of the king of the land Elam and I brought them to Assyria,https://oracc.museum.upenn.edu/riao/Q003509?lang=en
3'b,ana māssu Aššur ītarrê arka Babilaya <data> <data> ša ittešunu Marduk-apla-iddina ina alāk gerra mahar lapān kak dannāku igrurū <data> <data> aṣê innabidūma Elamtaš <data> Alamu ana Babili ašdud Šuzubu mār Gahul ina kussâšu šarrūssa el ašāb,Afterwards the Babylonians — who along with Mar]duk-apla-iddina II Merodach-baladan had gr oveled in the face of my mighty we]apons dur[ing the course of a previous campaign of mine had gone out and had fled to the land Elam — brought the E]lamite to Babylon and he the king of Elam pla[ced Šūzubu Nergal-ušēzib son of Gaḫul Gaḫal o]n the royal throne over them,https://oracc.museum.upenn.edu/riao/Q003509?lang=en
9',ṣāb qašassu narkabat sisê kiṣir šarrūssa ana mahirat šar Elamte ʾāri ummān maʾassi ittešunu mār addūk atūra arkāniš šunu adi Uruk aštamdih Šamaš ša Larsa Belet-ša-Uruk il āšib qerbeša adi būšašu,I ordered archers chariots and horses of my royal contingent to confront 10´ the king of the land Elam They killed many of his troops including his son and he the king of Elam retreated They marched to Uruk and carried off the god Šamaš of Larsa and the goddess the Lady of Uruk the go ds living inside it together with their property and possessions which are without numb]er,https://oracc.museum.upenn.edu/riao/Q003509?lang=en
13'b,makkūr ša lā nība ašallal ina tayyarat Šuzubu šar Babili ina tāhāz ṣēr balṭūssa aṣabbata adi mahar attabbal ina abul qabal āl ša Nina arkus dabûiš,On their return march in a pitched battle they took Šūzubu Nergal-ušēzib the king of Babylon alive and brought him before me At the Citadel Gat]e of Nineveh I bound him with a bear,https://oracc.museum.upenn.edu/riao/Q003509?lang=en
16',šar Elamte ša rēṣūssu Babilaya alāk ana māssu lū alāk āl dannāku bīssu niṣirtašu u āl ṣahri ša libīt adi nēreb ša Bit-Bunakki alme akšud ašallal šallassin anappal anaqqar ina gīri aqmi,As for the king of the land Elam who had come to the ai]d of the Babylonians I marched to his land I surrounded conquered pl[undered des]troyed devastated and burned with fire his fortified cities his treasury and the small(er settlements in their environs as far as the pass of the land Bīt-Bunakku,https://oracc.museum.upenn.edu/riao/Q003509?lang=en
20',šar Elamte akšud āl ašmâ amqutma hatta sitāt nišī māssu ana dannassu elê Madakte āl šarrūssa ētezib ana Haydala ša qerbeša šad altakan pān,The king of the land Elam hea]rd about the conquest of his cities and fear fell upon him He made the rest of the people of his land go up into fortresses He abandoned the city Madaktu his royal city and set out for the city Ḫaydala which is i]n the mountains,https://oracc.museum.upenn.edu/riao/Q003509?lang=en
23',ana Madakte āl šarrūssa alāk aqabbû Ṭebetu kuṣṣi dannāku akšud pān nīr atūra ana māssu Aššur aṣabbata harrān,I ordered the march to the city Madaktu his roy]al city In the month Ṭebētu X bitter cold set in so I turned around lit “I turned the front of m]y yoke]” and took the road to Assyria,https://oracc.museum.upenn.edu/riao/Q003509?lang=en
25',arkešu šū alšu ašāb nagê ina muhha tīl <data> sitāt nišī māssu ša lapān kak ipparaššidu <data> <data> arād ašāb ṭerâti,After my departure h e the king of Elam in order to re)settle his district on ruin hills He bro]ught the rest of the people of his land who had fled before my weapons down fr om and settled them on the alluvium,https://oracc.museum.upenn.edu/riao/Q003509?lang=en
28',<data> <data> nišī māssu akšud šallatiš amna ,I captured the people of his land and counted them as booty I destroyed devastated and burned with fire his cities,https://oracc.museum.upenn.edu/riao/Q003509?lang=en
29'b,āl anappal anaqqar ina gīri aqmi Babilaya <data> šar Elamte ishur iknuša šapal <data> ana Šuanna alāk aqabbû  <data> <data> nissatiš hatta amqutma bīssu makkūr ša Esaggil aptâ hurāṣ kasap nisiqte aban ana šar Elamte attabbal ṭaʾāti ašpur kīam ana Babili,The Babylonians aligned themselves with the king of the land Elam and bowed down at his feet I ordered the march to Šuanna Babylon in lamentation Fear fell upon them They open]ed the treasury of Esagil sent gold silver and precious stones as a bribe to the king of the land Elam Umman-menanu and wr]ote to him as follows “[Hurry to Babylon and align yourself with us Let us put our trust in you.”,https://oracc.museum.upenn.edu/riao/Q003509?lang=en
35'b,ahīšma idāka azziz tuklāt lū attā šū šar Elamte ša nišī māssu akšud ašallal šallassin āl anappal anaqqar ina gīri aqmi ina unzāšu ul bašê ṭēm u milik ṭaʾāti Babilaya amdahhar <data> <data> <data> ul aqabbû epissun,He the king of the land Elam — the people of whose land I had captured and carried off and whose cities I had destroyed devastated and burned with fire — had no sense or insight in him lit “in his ear” He accepted the br]ibe of the Babylonians and He did not order their work but gathered his army and forces,https://oracc.museum.upenn.edu/riao/Q003509?lang=en
40'b,ummān karāssu ipahhurū Parsuaš Anzan Pašeru Ellipi naphar Kaldi Arame kal kitaršu rabâ iktera ittešunu adi šar Babili mār Babili Barsipa ana ahāmeš aqribma ana epēssu tāhāz ana irassun alāk,The lands Parsuaš Anzan Paširu and Ellipi the entirety of Chaldea and all of the Arameans a large host formed a confederation with him They met up with the king of B]abylon and the citizens of Babylon and Borsippa and they marched towards me t]o do battle,https://oracc.museum.upenn.edu/riao/Q003509?lang=en
44',ina emūq Aššur bēl ina tamerāti Halule ittešunu amdahiṣ dabdâšu altakan <data> mē <data> līm ṣāb tāhāz ina kak amqutma narkabat ṣumbāte zārāte šarrūssa ekēm,"With the strength of the god Aššur my lord I fought with them on the plain of the cit[y Ḫalul]ê and defeated them I put to the sword 150,000 of their comb]at t[roops I took away from them chariots w]agons and their roy]al tents",https://oracc.museum.upenn.edu/riao/Q003509?lang=en
47',rab adi Nabu-šuma-iškun mār Marduk-apla-iddina ša ina narkabat kasap azziz asmāti hurāṣ tullâta patar hurāṣ šitkunā u ina šemer hurāṣ rukkusā rittāšin balṭūssa,I cap]tured alive in the midst of that battle their magnates including N]abû-šuma-iškun a son of Marduk-apla-iddina II Merodach-baladan who were stan]ding in silver decorated chariots bedecked with gold wear gold decorated belt-daggers and have gold rings fa]stened to their forearms,https://oracc.museum.upenn.edu/riao/Q003509?lang=en
50'b,qerbeša tamhāra akšud qāssa šar Babili u šar Elamte hurbāša tāhāz ashup qerbeša narkabat mušširannâti zûšun ēdiš ipparaššidu māssu innabidūma,Terror of doing battle with me o­ver]­whelmed the king of Babylon and the king of the land Elam They released their excrement inside their chariot(s fle]d alone and ran away to their own land(s,https://oracc.museum.upenn.edu/riao/Q003509?lang=en
53',<data> Teʾelhunu šarrat Arabi ina qerbeša madbar <data> līm gammalī ekēm qāssa šī ittešunu Haza-il <data> hurbāša tāhāz ashup kultār mušširannâti ana <data> u Adummate ana napištašu innabidūma,Teʾelḫu nu queen of the Arabs in the middle of the desert I took away thousand camels from her She with Hazael Terror of doing battle wi]th me o­ver­whelmed them They abandoned their tents and fled for their lives to the city and the city Adummatu,https://oracc.museum.upenn.edu/riao/Q003509?lang=en
57',<data> Adummate ša qerbeša madbar šitkunā šubāt <data> qaqqar ṣūmē ša riʾītu malqīte lā bāšâ qerbeša <data> <data> <data> <data> <data> <data> <data> <data> <data>,As for the city and the city Ad]ummatu which are located in the desert a place of thirst in whi[ch there is no pasture or watering-place,https://oracc.museum.upenn.edu/riao/Q003509?lang=en
1'',<data> ina akbus arammē <data> maddatta kabitta amdahhar <data>,by having ramp[s trodden down and I received their sub[stantial payment to me,https://oracc.museum.upenn.edu/riao/Q003509?lang=en
3''b,Kapanu <data> <data> ašar niṣirtašu ina <data> <data> Teʾelhunu šarrat Arabi adi il <data> <data> <data> pappardilê papparmīni <data> <data> hašūr riqqī kalāma <data> <data> <data> u šar <data> <data> <data> ašallal āl šâtunu anappal anaqqar ina gīri aqmi,As for the cities Kapānu its secret place which is in 5´´ I carried off Teʾelḫunu que]en of the Arabs together with her god s pappardilû stones pappar mīnu stone[s ḫašūru wood all types of aromatics and kings I destroyed devastated and burned with fire those cities,https://oracc.museum.upenn.edu/riao/Q003509?lang=en
10'',enūšu <data> ša qerbeša Nina kabatsu attabbal <data> <data> gišnugalli pēli <data> <data> gušūrī šurmēni <data> <data> kasap siparrī <data> <data> <data> apqid šallassin nakirēšu kabitta <data> <data> <data> <data>,At that time my heart prompted me to the Rear Palace which is inside Nineveh alabas]ter limesto[ne b]eams of cyp[ress silver bronze for review ing substantial enemy booty,https://oracc.museum.upenn.edu/riao/Q003509?lang=en
