﻿line,akkadian,english,source
1',<data> <data> <data> <data> <data> <data> <data> <data>,Not sufficiently preserved to allow translation,https://oracc.museum.upenn.edu/riao/Q006636?lang=en
4',ana <data> <data> ,to/for,https://oracc.museum.upenn.edu/riao/Q006636?lang=en
5',elēṣ <data> ,he rejoiced an[d,https://oracc.museum.upenn.edu/riao/Q006636?lang=en
6',el kurummati <data> <data> <data> <data> <data> <data> <data> <data> <data> <data> <data> <data> ,over the food allocation,https://oracc.museum.upenn.edu/riao/Q006636?lang=en
7',ihdû libba <data> <data> <data> <data> <data> immerū <data> ,he was happy his face shone an[d,https://oracc.museum.upenn.edu/riao/Q006636?lang=en
8',<data> <data> <data> <data> <data> <data> <data> <data> <data> akrubma <data> <data> ,he prayed,https://oracc.museum.upenn.edu/riao/Q006636?lang=en
9',balāṭ napištašu <data> <data> <data> <data> <data> ikūn palâ <data> <data> ,to ensure my good health to firmly establish my reign,https://oracc.museum.upenn.edu/riao/Q006636?lang=en
10',idāka alāk <data> <data> <data> <data> azziz ina lētu <data> ,to g[o at my side to st]and in trium[ph,https://oracc.museum.upenn.edu/riao/Q006636?lang=en
11',muddiš bīssu <data> <data> <data> <data> <data> <data> <data> <data> <data> <data> <data> ,one who renovates this temple,https://oracc.museum.upenn.edu/riao/Q006636?lang=en
12',ša ana kullum <data> <data> <data> altakan <data> ,who to show he/th[ey will establ[ish,https://oracc.museum.upenn.edu/riao/Q006636?lang=en
13',dannāku <data> <data> <data> ayyāb <data> <data> <data> ,strong enemy,https://oracc.museum.upenn.edu/riao/Q006636?lang=en
14',alāk <data> ūm gārê ina <data> <data> <data> ,may he go and wh]en his foes in,https://oracc.museum.upenn.edu/riao/Q006636?lang=en
15',akmišunūtima ummān ša īki <data> <data> ,may he bind and his army that,https://oracc.museum.upenn.edu/riao/Q006636?lang=en
16',išbirma <data> <data> <data> <data> <data> <data>,he/th[ey will shatter,https://oracc.museum.upenn.edu/riao/Q006636?lang=en
