﻿line,akkadian,english,source
1',ina ašibi dannāku dūr dunnunātma uparrir qaqqariš amna nišī adi maršīssunu ašallal āl šuātunu anappal anaqqar ina išāti ašrup,I shattered their very strong walls wi]th a mighty battering ram leveling them to the gr[ou]nd I took as booty the people together with their property I destroyed demolished and burned down those cities with fire,https://oracc.museum.upenn.edu/riao/Q006485?lang=en
3',Sukkaya Balaya Abitiknaya milik lemnāti ša assuh šuršē māssu amtallikma ana Rusa Uarraṭaya ana epēssu ardūssu addin pâ ina hīṭātišu ahṭima ištu ašar assuh,The people of the cities Sukkia Bāla and Abitikna conceived lit “deliberated” an evil plan that was to eradicate lit “to tear out the root of” their own land and g]ave the]ir word to Ursâ Rusâ the Urarṭian to do obeisance to him Because of the crime that they had committed I deported them fr[om their own places and re)settled them i]n the land Ḫatti Syria and lit “of” the land Amurru,https://oracc.museum.upenn.edu/riao/Q006485?lang=en
6'b,ina Hatti ša māssu Amurre ašāb ina rebê palâ Kiakki Šinuhtaya adê il rabâ amēsma ana lā aššânni bilassun aršâ nīd ah ana il bēl qāssa aššânni Šinuhti āl šarrūssa imbariš ashup šâšu adi mundahṣē alti mār mārassu būšašu makkūr niṣirtašu ēkal ittešunu <data> līm <data> mē <data> nišī māssu ana šallassin amna Šinuhti āl šarrūssa ana Kurti Atunaya addin sisê parê hurāṣ kasap el ša pān šūturi el altakan,"In my fourth regnal year Kiakki of the ci]ty Šinuḫtu disregarded the treaty sworn by the great gods and be]came dilatory about delivering his tribute I raised my hand(s to the gods my lords overwhelmed his royal city Šinuḫtu like a f]og and counted him as booty together with his fighting men his wife his sons his daughters 10´ his pro]perty and possessions the treasure of his palace along with 7,350 people of his land I gave his royal city Šinuḫtu to Kurtî of the land Atuna I made larger than before the number/amount of ho]rses mules gold and silver that he had to pay as tribute and I imposed this upon him",https://oracc.museum.upenn.edu/riao/Q006485?lang=en
13',ina hamši palâ Pisiri Gargamišaya ina adê il rabâ ahṭima ana Mita šar Muski zērāte māssu Aššur ašpur alqâ šēṭūssu šâšu adi qinna birâti parzilla addâ aptâ ēkal bīssu niṣirtašu <data> bilassun hurāṣ sageru <data> līm <data> mē bilassun kasap <data> <data> bilassun erâ arhi annaki parzilla mašak pīri šinni pīri <data> <data> <data> <data> anūt tāhāz u Gargamišaya bēl hīṭātišu ša ittešunu ittešunu makkūr ašallal ana qerbeša māssu Aššur ītarrê <data> narkabat <data> mē pēthal <data> līm zūk šēp ina libba akṣur el kiṣir šarrūssa,"I]n my fifth regnal year Pisīri(s of the city Carchemish sinned against the treaty sworn by the great gods and repeatedly sent messages hostile to Assyria t]o Mitâ Midas king of the land Musku he held me in contempt 15´ I threw him together with his family in iron fetters I opened his palace his treasure house I carried off as booty 10 talents of refined gold 2,1]00 talen[ts of silver ta]lents of arḫu copper tin ir<on elephant hide(s elepha[nt ivor[y battle gear and the gu[il]ty people of the city Carchemish who had sided with him along with their possessions and brought them to Assyria I conscripted 50 chariot(s 200 cavalry and 3,000 fo]ot soldiers from among th]em and added them to my royal military contingent I settled Assyri]ans in the city Carchemish and imposed the yo]ke of the god Aššur m]y lord upon them",https://oracc.museum.upenn.edu/riao/Q006485?lang=en
18'b,arde Aššur ina qerbeša Galgameš ašāb nīr Aššur bēl ēmid Pappaya Lalluknaya kalbi tarbīt ēkal ana Kakme adabbuba nabādiš ištu ašar assuh ana qerbeša Dimašqa ša māssu Amurre,The people of the cities Pāpa and Lal]luknu dogs who had been brought up in my palace conspired with the land Kak[mê for the purpose of separating from Assyria I deported them fr]om their own places and re)set]tled th]em in the city Damascus of the land Amurru,https://oracc.museum.upenn.edu/riao/Q006485?lang=en
20'b,ašāb ina šadissu palâ Rusa Uarraṭaya ana Bag-datti Uišdaya KAR-x <data> <data> <data> <data> Zikirtaya māssu Mannaya rakbâšu ša dababti sarrāti ašpur išni ṭēm ittešunu srgn u ittešunu Aza mār bēl ikkirā ana idāka atūra ina Uauš šad marṣāti suhhurtašu Mannaya altakan pagar Aza bēl addâ ana Aššur bēl alšu atūra gimil Mannaya qāssa aššânni ummān Aššur gapšāte adakkekama ina Uauš šad ašar pagar Aza addâ mašak Bag-datti akūṣ,In my sixth regnal year Ur[s]â Rusâ the Ur]arṭian sent his mounted messenger wi]th a mendacious message t[o Bag-dā]ti of the land U<iš>di[š and KAR of the land of Zikirtu gov[ernors of the land Mannea and changed their mind(s He made them hostile to me Sargon and to A]zâ the s[on of the]ir former lord and made them side with him Rusâ They brought about the rout of the Manneans on Mount U[a]uš a rugged mountain and threw down the corpse of A[zâ their lord there I raised my hand(s in prayer to the god Aššur my lord in or[der to ave[ng]e the Manneans and mustered the nume]rous troops of the god Aššur Then o]n Mount Uauš the mountain wh]ere they had thrown down the corpse of Azâ I flayed the skin from Bag-dāti and then showed it to the people of the land Man[ne]a,https://oracc.museum.upenn.edu/riao/Q006485?lang=en
26'b,nišī Mannaya abrema Ullusuni ša ina kussâšu Aza ašāb gimir Mannaya rapašti adgul pān Ullusuni Mannaya šibsāt Aššur ša aspuh māssu ina el bašê ana Rusa Uarraṭaya <data> <data> <data> <data> <data> <data> <data> Aššur-leʾi Karallaya Itti Allabraya,As for Ullusunu whom they had set on the throne of Azâ and to whom they had entrusted all of the wide land Mannea the wr]ath of the god Aššur was directed against Ullusunu the Man]nean ordaining the dissolution of his land He Ullusunu then put his trust in U]rsâ Rusâ the Urarṭian and caused Aššur-lē’i of the land Karalla and Ittî of the land Allab[ria to rebel against me he persuaded lit “spoke to” them to do ob[eisance to the land Urarṭu,https://oracc.museum.upenn.edu/riao/Q006485?lang=en
29'b,ittešunu attabalkat ardūssu Urarṭa epēssu attasqara ina uggat libba ummān Aššur gapšāte adakkekama ana akšud Mannaya altakan pān <data> <data> <data> <data> <data> <data> <data> <data> <data> <data> <data> huhāriš <data> <data> ašrup Izibia <data> <data> aṣabbata <data> <data> maddatta amdahhar Itti <data> <data> <data> <data> <data> <data> <data> <data> <data> <data> <data> nišī Karallaya <data> <data> Bit-x-x-AH-x x-lama GanuGIŠ <data> <data> <data> <data> <data> āl ša Niksamma akšud Šep-šarri āl <data> ša Šurgadia ina qāssa aṣabbata āl šuātunu el pāhāt Parsua arde Bel-šarru-uṣur Kišesaya qāssa akšud šâšu adi būšašu ēkal ana māssu Aššur ītarrê šūt rāšūʾa bēl el āl altakan kak il ālik <data> mahar epēssu qerbeša armâ Kar-Nergal šum abbi ṣalam šarrūssa ina libba azziz Bit-Sagabi Bit-Hirmami Bit-Uargi Halhubarra,Angr[ily I muster]ed the num[erous troops of the god Aššur and set out to conquer the land Man[nea I overwhelmed as with a bird trap I burned down the city Izirtu with fire and conquered the city Z[ibia and the city Armaet As a result Ullusunu the Mannean together with his whole land assembled as one and gras]ped hold of my feet I then had mercy on them and overlooked Ullusunu’s crimes 35´ I had him sit again on his royal throne and received tribu]te from him I deported It]tî of the land Allabria together with his family and the peop[le of the land Karalla the city Bīt the city lama the city Ga]nu[GIŠ I conqu]ered in total six cities of the land Niksa[mma I captured Šēp-šarri the city ruler of the city Šur[gadia and added those cities to the province of Parsuaš I cap[tur]ed Bēl-šarru-uṣur of the ci]ty Ki<še>sim and brought him together with the property of his palace to Ass[yria 40´ I set a eunuch of mine as provincial governor over that city I had the weapon(s of the gods who go bef]ore me made and installed them in[side it the city Kišesim I re)named it the city Kišesim Kār-Nergal and erected a royal image of myself there I added the lands Bīt-Sagbat Bīt-Ḫi[rmami and Bīt-Umar[g]i and the cities Ḫarḫubarban Kilamb]āti and A]rman[gu to its pro]vince,https://oracc.museum.upenn.edu/riao/Q006485?lang=en
42'b,Kilambate Armangu el pāhāt arde Harharaya Kibaba āl ardussu <data> Dalta Ellibaya arbâ el āl šatti akšud šallassin ašallal nišī māssu kišitte qāssa ina libba <data> erēb <data> <data> <data> bēl el altakan <data> Narti elīte <data> ša Aranzešu Nartu šaplî <data> ša Bit-Ramatiya Uriqatu Sikris Šaparda,The pe[ople of the city Ḫarḫar dro[ve out Kiba[ba their city ruler and elevated Dalt]â of the land Ellipi over themselves I conquered that city and plundered it I brought there peop[le from the lands that I had conquered and set a eunuch of mine as provincial governor o]ver them I conquered the up[per river(land of the land Aranzêšu the low[er riv]er(land of Bīt-R]amatua the land Uriqatu the land Sikris the land Šapa[rda and the land Uriakku a total of six districts and added them to them the people of the city Ḫarḫar,https://oracc.museum.upenn.edu/riao/Q006485?lang=en
