﻿line,akkadian,english,source
Frgm._B_i 1',<data> <data> <data> <data> <data> <data> ālik <data> Ištar <data> <data> sāhir <data> Sebetti ālik mahar il ša ašar šašme idāka šar migir azziz,DNs who g]o the goddess Ištar DN who encircles the Sebetti who go before the gods stand at the side of the king their favorite in the place of battle and bring about his vic[tory,https://oracc.museum.upenn.edu/riao/Q006589?lang=en
Frgm._B_i 7'b,altakan lētu il rabâ muttabbil šamê ereṣēti ša tīb tuqmāte u šašme nāš ēna nābû šum šar ša ina epēssu pâ ella māssu el māssu altakan arbâ el malik,Great gods managers of heaven and netherworld who[se attack means battle and strife who appoint rulers lit “raise the eyes” and name king(s and by who[se holy command they place one land over another land an[d make its ruler greater than other rulers,https://oracc.museum.upenn.edu/riao/Q006589?lang=en
Frgm._C 1',<data> <data> <data> zakûssunu Baltil u Harran ša ištu ūm rūqāti amšima kidinnūssun baṭalu atūra ašar <data> <data>,I restored the exemption from obligations of the city Baltil Aššur and the city Ḫ[arrān which had fallen into oblivion in the distant past and their privileged sta[tus that had lapsed,https://oracc.museum.upenn.edu/riao/Q006589?lang=en
Frgm._D 1',<data> <data> <data> <data> ina Qarqar ipahhurū <data> <data> attabalkat ittešunu Arpadda Ṣimirra <data> <data> Dimašqa <data> Samerina <data> <data> ina qerbeša Amate bīssu <data> <data> <data> <data> Aššur šar il <data> alšu <data> <data> akšud Amate askip Ilu-biʾdi <data> <data> māssu Amurre rapašti amdahhar ʾāri <data> <data> <data> addūk <data> <data> <data> <data>,He Iaū-biʾdī assembled at the city Q]arqar and incited it/them to rebel aga]inst me The cit[ies A[rpad Ṣimirra Damascus and S]amaria 5´ i]n the land Hamath the house I prayed to the god Aššur the king of the gods in order to be able to conquer the land Hama]th overthrow I[aū-biʾdī and the wide land Amurru I commanded and I killed an[d,https://oracc.museum.upenn.edu/riao/Q006589?lang=en
Frgm._E 1',<data> <data> <data> ina qerbeša Amate ašāb bilassun maddatta ezabbilū kudurri alāk harrān kī ša šar ab ana Irhulena Amataya ēmid,I settled them in the land Hamath I imposed on them the same tribute payment(s labor duty and military service as the kings my ancestors had imposed on Irḫulena of the land Hamath,https://oracc.museum.upenn.edu/riao/Q006589?lang=en
Frgm._B_iv 1',munakkir epissun damiqtim mupaššiṭ šiṭir šum il rabâ mal <data> <data> <data> ina narâ annâ šum nabû ētarar šum zēr,As for the one who alters my good deeds or erases my inscribed name may the great gods — as ma[ny as are ment[ioned by name on this stel[e — curse him and make his name and his descendant(s disappear from the land,https://oracc.museum.upenn.edu/riao/Q006589?lang=en
