﻿line,akkadian,english,source
i 1,Sin-ahhe-eriba šar rabâ šar dannāku šar kiššat šar māssu Aššur šar kibrāt erbaʾi rēʾi itpēšu migir il rabâ nāṣir kināti rāʾim mešāri ēpissa ūsāt ālik tappût akê sāhir dameqtašu eṭli gitmālī zikar qardi ašarēd kal malik rappu lāʾiṭ lā māgir mušabriq zāmânī,Sennacherib great king strong king king of the world king of Assyria king of the four quarters of the world capable shepherd favorite of the great gods guardian of truth who loves jus[tice renders assistance goes to the aid of the w[eak and strives after good de[eds perfect man virile warr[ior foremost of all rul[ers the bridle that controls the insub[missive and the one who strikes en[emies with lightning,https://oracc.museum.upenn.edu/riao/Q003941?lang=en
i 10,Aššur šad rabâ šarrūssa lā išnunūšuma šutlimšu el gimir āšib parak arbâ kak ištu tâmāti elēnīti ša išlimma šamaš adi tâmāti šaplî ša ṣīssun šamaš gimir ṣalmāt qaqqad iknuša šēp u malik šepṣu adāru tāhāz,The god Aššur the great mountain gran[ted to me unrivalled sovereignty and made my w[eapons greater than those of all who sit on royal daises He made all of the black-headed people from the Upp[er Sea of the Setting Sun to the Low[er Sea of the Rising Sun bow down at my feet Thus did recalcitr[ant rulers come to fear battle with me,https://oracc.museum.upenn.edu/riao/Q003941?lang=en
r i' 1',<data> <data> <data> usaqqiršu hursāniš <data> alšu ina rādi <data> išdāša lā enēše ana libīt dūr āl <data> kisû epēssu <data>,I rai sed as high as a mountain In order to prevent its foundations from being weakened by rain and I had a supporting wall built along the circumference of the wall of the city and,https://oracc.museum.upenn.edu/riao/Q003941?lang=en
r i' 6',ša qabal āl u Nina āl bēlūssu šubāt arbâ rebâte lišamdil birēti u sūq ippardi immerū kīma ūm,I enlarged the site of the citadel and Nineveh my c[apital c]ity I broade[ned their squares and brought light into the alleys and streets ma[king them as bright as day,https://oracc.museum.upenn.edu/riao/Q003941?lang=en
r i' 9',ina mahirat abul qabal āl ina agurrī pēli peṣât ana mēteq narkabat bēlūssu epēssu titūri,I had a bridge con[structed opposite the Citadel Gate with paving ston[es of white limestone for the passage of my lordly chariot,https://oracc.museum.upenn.edu/riao/Q003941?lang=en
r i' 11',mušarâ abnâ lētu u danān ša <data> el kullat nakirēšu altakan u mimma epissun qāssa alṭur qerbeša ittešunu mušarâ ša malik ālik mahar ab ina dūr qabal āl ša Nina āl bēlūssu ana šar mār ētezib ahrâtaš,I fashioned an inscribed object and had all the mighty victories that I achi[eved over all of my enemies and all of my other achievements inscrib[ed thereon With inscribed objects of earl[ier rulers my ancestors I de[pos]ited it for ever after in the citadel wall of Nineveh my ca[pital city for the kings my descendants,https://oracc.museum.upenn.edu/riao/Q003941?lang=en
r i' 17',immatēma ina mār arkīti ša Aššur ana bēlūssu māssu u nišī abbi siqiršin enūma dūr šatti ilabbbiru ātanah anhūssa ēteneddišu mušarâ šiṭir šum amār šaman apšuš nīq aqqâ ana ašar atūra Aššur u Ištar ikrib ašmâ,At any time in the future may one of my descen[dants lit “[future children” whom the god Aššur names for the lordship of the land and people renovate its dilapidated section(s when that wall becomes o[ld and dilapidated May he fin[d an inscribed object bearing my name anoint it with oil make an offering and return it to its pla[ce The god Aššur and the goddess Ištar will then hear his pray[ers,https://oracc.museum.upenn.edu/riao/Q003941?lang=en
r i' 23',ša el mušarâ ša <data> ša Sin-ahhe-eriba <data>,That which is upon the inscribed object that belonging to Senn[acherib,https://oracc.museum.upenn.edu/riao/Q003941?lang=en
