﻿line,akkadian,english,source
i 1,Aššur bēl rab Ana il ṣīra Enlil šurbâ gitmālāti Adad gugal šamê u ereṣēti Ninurta ašarēd il bēl qabal u tāhāssu Ištar ašarēd šamê u ereṣēti Ea šar apsê bēl nēmeq hāsisu Sin šar agâ bēl namrīr Marduk apaklu il bēl têrēte il rab mušīm šīmat,The god Aššur the great lord the god Anu the exalted god the god Enlil the perfectly magnificent one the god Adad canal inspector of heaven and netherworld the god Ninurta the foremost one among the gods the lord of battle and strife i 5 the goddess Ištar the foremost one in heaven and netherworld the god Ea the king of the apsû the lord of wisdom and understanding the god Sîn the king of the lunar disk the lord of brilliance and the god Marduk the sage of the gods and lord of omens the great gods who decree destinies,https://oracc.museum.upenn.edu/riao/Q004615?lang=en
i 10,Salmanu-ašared šar kiššat nišē rubā iššakki Aššur šar daʾʾat šar kullat kibrāt arbaʾi Šamaš kiššat nišē murteddû kal māssu mār Aššur-naṣir-apli šangê ṣīra ša šangûssu el il iṭābu māssu naphar ana šēp iknuša nabīssu ella ša Ninurta ša kullat zāʾirīšu anār asappan abūbāniš,Shalmaneser III king of all of the people the ruler vice-regent of the god Aššur strong king king of all four quarters of the world sun(god of all of the people ruler of all of the lands son of Ashurnasirpal II exalted priest whose priesthood was pleasing to the gods and who made i 15 all of the lands bow down at his feet pure offspring of Tukultī-Ninurta II who slew all of his enemies and annihilated them like a flood,https://oracc.museum.upenn.edu/riao/Q004615?lang=en
i 19,in šurrât šarrūssa ša in kussâm šarrūssa ašāb narkabat ummān adakkekama in nērab ša Simesi erāba Aridi āl dannīti ša Ninni,At the beginning of my reign after I sat on the throne of my royal majesty I mustered my chariots and troops I entered the pass of the land Simesi and captured the city Aridu the fortified city of Ninni,https://oracc.museum.upenn.edu/riao/Q004615?lang=en
i 23b,akšud in <data> palâ Purate ēber ana tâmāte ša šulme Šamaš alāk kak in tâmāte ullil nīq ana il aṣabbata ana šad Hamana elê gašūrī erēna burāšī akkis ana Lallar elê ṣalam,In my first regnal year I crossed the Euphrates River and marched to the Sea of the Setting Sun I washed my weapons in the sea and made sacrifices to my gods I climbed up Mount Amanus and cut down beams of cedar and juniper I climbed up Mount Lallar and erected a statue of my royal majesty therein,https://oracc.museum.upenn.edu/riao/Q004615?lang=en
i 30b,šarrūssa in libba atazziz in <data> palâ ana Til-Barsip aqribma āl ša Ahuni mār Adini akšud in āl ēsir Purate in mēliša ēber ana Dabigi birāte ša Hatta adi,In my second regnal year I approached the city Tīl-Barsip Barsaip captured the cities of Aḫūnu of Bīt-)Adini lit “son of Adīnu” and confined him to his city I crossed the Euphrates River in flood and captured the city Dabigu a fortress of the land Ḫatti together with cities in its environs,https://oracc.museum.upenn.edu/riao/Q004615?lang=en
i 36b,āl ša libīt akšud in <data> palâ Ahuni mār Adini išdu pān kak daʾʾat aplah Til-Barsip āl šarrūssa mušširannâti Purate ēber Ana-Aššur-uter-aṣbat ša šēp ammâte ša Purate ša el Sagura ša amēl Hattaya ša Pitiru aqabbû ana ramānī aṣabbata in tayyarat in nērab ša Alzi erāba Alzi Suhme Daiaeni Tumme Arṣašku Gilzani,In my third regnal year Aḫūnu of Bīt-)Adini lit “son of Adīnu” became frightened in the face of my mighty weapons and abandoned the city Tīl-Barsip Barsaip his royal city He crossed the Euphrates River I took as my own i 40 the city Ana-Aššur-utēr-aṣbat which is on the other side of the Euphrates River by the Sagurri River which the people of Ḫatti call the city Pitru On my return march i 45 I entered the pass of the lad Alzi and I captured the lands Alzi Suḫnu Daiaeni and Tumme the city Arṣaškun the land Gilzānu and the city Ḫubuškia,https://oracc.museum.upenn.edu/riao/Q004615?lang=en
i 48b,Hubuške akšud in <data> palâ Purate in mēliša ēber arkešu Ahuni mār Adini arde Šitamrat ubān šad ša ah  Purate ana dannīti altakan ubān šad albišu akšud Ahuni mār Adini adi il narkabat sisê <data> līm <data> līm ummān anassah ana āl,"In my fourth regnal year I crossed the Euphrates River in flood in pursuit of Aḫūnu of Bīt-)Adini lit “son of Adīnu” ii 1 He had made as his stronghold Mount Šītamrat a mountain peak on the bank of the Euphrates River I besieged and captured th(at mountain peak I uprooted Aḫūnu together with his gods his chariots his horses and 22,000 of his troops and brought them to my city Aššur",https://oracc.museum.upenn.edu/riao/Q004615?lang=en
ii 6b,Aššur ābilāt in šanāt šâte Kullar abbalkit ana Mazamua ša bētāni arād āl ša Nikdera,In this same year I crossed Mount Kullar went down to the interior of the land Zamua and captured the cities of Nikdēra and Nikdēme,https://oracc.museum.upenn.edu/riao/Q004615?lang=en
ii 9b,Nikdema akšud in <data> palâ in Kašari elê <data> āl daʾʾat akšud Anhitte Šubriaya in āl ēsir maddanāti amdahar in <data> palâ ana āl ša šiddi Baliha aqribma Ge-ammu āl addūak ana Til-ša-turahi erāba Purate in mēliša ēber maddanāti ša šar ša Hatta amdahar Adda-idri Imeri Irhulena Amataya adi <data> šar ša šiddi tâmāte ana emūq ahāmeš atkal ana epāš qabal u tāhāssu in irassun atbīma issišunu amdahaṣ dabdâ altakan narkabat pēthal anūt tāhāssu ekēm <data> līm <data> līm ṣāb tidūki in kak amqutma,"In my fifth regnal year I ascended Mount Kāšiāru and captured eleven fortified cities I confined Anḫitti of the land Šubria to his city and received his payment ii 13-25 In my sixth regnal year I approached the cities on the banks of the Balīḫ River and they killed Gē-ammu their city ruler I entered the city Tīl(-ša)-turaḫi I crossed the Euphrates River in flood and received the payment of the kings of the land Ḫatti Hadad-ezer Adda-idrī of Damascus and Irḫulena of the land Hamath together with twelve kings on the shore of the sea ii 20 trusting in their united forces attacked me to wage war and battle I fought with them and defeated them I captured from them their chariotry cavalry and military equipment and I struck down 25,000 of their fighting men with the sword",https://oracc.museum.upenn.edu/riao/Q004615?lang=en
ii 26,in <data> palâ ana āl ša Habini Til-abnaya alāk Til-abne āl dannīti adi āl ša libīt akšud adi rāšūʾa ēna ša Diglat ašar mūṣāʾu ša māʾūša šakin alāk,In my seventh regnal year I marched to the cities of Ḫabīnu of the city Tīl-abnē I captured the city Tīl-abnē his fortified city together with the cities in its environs I marched to the source of the Tigris River the place where the water comes out,https://oracc.museum.upenn.edu/riao/Q004615?lang=en
ii 31,in <data> palâ Marduk-zakir-šumi šar Karduniaš Marduk-bel-usate ah issišunu abbalkit ana atūra gimelli lū alāk Me-Turnat Lahira akšud,In my eighth regnal year at the time of Marduk-zākir-šumi I the king of Karduniaš Babylonia Marduk-bēl-usāti his brother rebelled against him I marched out for vengeance and captured the cities Mê-Turnat and Laḫīru,https://oracc.museum.upenn.edu/riao/Q004615?lang=en
ii 35,in <data> palâ in šanê gerra Gannanate akšud Marduk-bel-usate ana ētazbū napištašu ana šad elê arkešu arde Marduk-bel-usate adi ṣāb bēl hīṭātišu ša issišunu in kak amqutma nīq in Babili Barsipa Kute epāš ana Kaldi arād āl akšud maddanāti ša šar ša Kaldi in Babili amdahar,In my ninth regnal year in my second campaign to Babylonia I captured the city Gannanāte In order to save his own life Marduk-bēl-usāti ascended a mountain I pursued him and ii 40 struck down Marduk-bēl-usāti with the sword together with the treacherous soldiers who were with him I made sacrifices in Babylon Borsippa and Cutha I went down to Chaldea and captured their cities I received the payment of the kings of Chaldea in Babylon,https://oracc.museum.upenn.edu/riao/Q004615?lang=en
ii 45,in <data> palâ <data> Purate ēber āl ša Sagara Gargamišaya akšud išdu āl ša Gargamišaya ammušma ana āl ša A-rame aqribma Arne āl šarrūssa adi <data> mē āl ša libīt akšud,In my tenth regnal year I crossed the Euphrates River for the eighth time I captured the cities of Sangara of the city Carchemish Moving on from the cities of the Carchemishite I approached the cities of A(b)-rāmu Abi-rāmu and captured Arnê his royal city together with 100 cities in its environs,https://oracc.museum.upenn.edu/riao/Q004615?lang=en
ii 51,in <data> palâ <data> Purate ēber <data> āl ša Sagara <data> mē āl ša A-rame akšud šiddi Hamana aṣabbata Yaraqi abbalkit ana āl ša Amataya arād Abšimaku adi <data> āl akšud in ūm  Adda-idri Imeri Irhulena Amataya adi <data> šar ša šiddi tâmāte ana emūq ahāmeš atkal issišunu amdahaṣ dabdâ altakan <data> līm ṣāb tidūki in kak amqutma,"In my eleventh regnal year I crossed the Euphrates River for the ninth time I captured ninety-seven cities of Sangara and 100 cities of A(b)-rāmu Abi-rāmu I took to the slopes of Mount Amanus ii 55 crossed Mount Yaraqu and descended to the cities of the people of the land Hamath I captured the city Aštammaku Abšimaku together with eighty-nine cities At that time iii 1 Hadad-ezer Adda-idrī of Damascus and Irḫulena of the land Hamath together with twelve kings on the shore of the sea trusting in their united forces attacked me and I fought with them and defeated them I struck down 10],000 of their fighting men with the sword",https://oracc.museum.upenn.edu/riao/Q004615?lang=en
iii 6,in <data> palâ <data> Purate ēber ana Paqarahubuni alāk nišē šad marṣa aṣabbata dīkāti addūak šallassin būšašu išdu qarbešunu,In my twelfth regnal year I crossed the Euphrates River for the tenth time and marched to the city Paqarḫubuni The people took to a rugged mountain I massacred them and brought plunder and possessions of theirs down from th(at mountain,https://oracc.museum.upenn.edu/riao/Q004615?lang=en
iii 10b,šad arād in <data> palâ in nērab ša Ištarate erāba ana Mateiate alāk Mateiate ana sihir akšud šallassin assalla,In my thirteenth regnal year I entered the pass of the city Ištarāte marched to the city Matiātu captured the city Matiātu in its entirety and plundered it,https://oracc.museum.upenn.edu/riao/Q004615?lang=en
iii 14,in <data> palâ māssu rapalti ana lā māni adakkekama issišunu <data> mē līm <data> līm ummān Purate in mēliša ēber in ūm Adda-idri Imeri Irhulena Amataya adi <data> šar ša šiddi tâmāte elê u šaplê ṣāb maʾassi ana lā māni adakkekama ana irassun atbīma issišunu amdahaṣ dabdâ altakan narkabat pēthal anūt tāhāssu ekēm ana ētazbū napištašu elê,"In my fourteenth regnal year I mustered the troops of my extensive land in countless numbers and crossed the Euphrates River in flood with 120,000 of my troops At that time Hadad-ezer Adda-idrī of Damascus and Irḫulena of the land Hamath together with twelve kings on the shore of the sea iii 20 above and below mustered their troops which were too numerous to be counted They attacked me I fought with them and defeated them I took away their chariotry cavalry and military equipment In order to save their own lives they ran away",https://oracc.museum.upenn.edu/riao/Q004615?lang=en
iii 26,in <data> palâ ana Naʾiri alāk in rāšūʾa ēna ša Diglat ṣalam šarrūssa in kāpi ša šad atazziz in nērab ša Ṭubuni erāba āl ša Arrame Uarraṭaya adi rāšūʾa ēna ša Diglat adi rāšūʾa ēna,In my fifteenth regnal year I marched to the Naʾiri land(s I erected a statue of my royal majesty at the source of the Tigris River on a mountain cliff iii 30 I entered the pass of Mount Ṭu(ni)buni and captured the cities of Arrāmu of the land Urarṭu as far as the source of the Tigris River and as far as the source of the Euphrates River,https://oracc.museum.upenn.edu/riao/Q004615?lang=en
iii 33b,ša Purate akšud in <data> palâ Kullar abbalkit Mannaš Allabria Parsua Abdadana Bit-Hamban Nammur Tugliyaš,In my sixteenth regnal year I crossed Mount Kullar and conquered the lands Mannea Munna Allabria Parsua Bīt-)Abdadāni Bīt-)Ḫamban Namri and Tupliyaš Tugliyaš,https://oracc.museum.upenn.edu/riao/Q004615?lang=en
iii 37b,qāssa akšud in <data> palâ Purate ēber maddanāti ša šar ša Hatta amdahar ana šad Hamana elê gašūrī erēna akkis ana āl Aššur ābilāt in tayyarat ša išdu Hamana <data> šūš <data> rīm daʾʾat šūt qarnāša gitmālāti in Zuqarri ša šēp ammâte ša Purate addūak arbaʾi balṭi,In my seventeenth regnal year I crossed the Euphrates River and received the payment of the kings of the land Ḫatti I ascended Mount Amanus iii 40 cut down beams of cedar and brought them to my city Aššur On my return march from Mount Amanus I slew sixty-three perfect specimens of strong horned wild bulls by the city Zuqarri which is on the opposite bank of the Euphrates River and captured four alive,https://oracc.museum.upenn.edu/riao/Q004615?lang=en
iii 45b,in qāssa aṣabbata in samānēšret palâ <data> Purate ēber Haza-il Imeri ana gipiš ṣāb atkal ṣāb ana maʾdiš adakkekama Saniru ubān šad ša pūssa Labnana ana dannīti altakan <data> līm <data> ṣāb tidūki in kak amqutma <data> līm <data> mē <data> narkabat arbaʾi mē <data> pēthal issišunu ušmannašu  ekēm ana ētazbū napištašu elê arkešu arde in Dimašqa āl šarrūssa ēsir kirâtešunu akkis kurillašu in išātāti ašrup adi šad Haurani alāk āl ana lā māni abbul anaqqar in išātāti ašrup šallassin assalla ana šad Baʾali-raʾasi ša pūssa tâmāte ša pūssa Ṣurri alāk ṣalam šarrūssa in libba atazziz maddanāti ša Baʾali-manzeri Ṣurraya ša Iau mār Humri amdahar in tayyarat ana Labnana lū elê ṣalam šarrūssa issišunu ṣalam ša Tukulti-apil-Ešarra,"In my eighteenth regnal year I crossed the Euphrates River for the sixteenth time Hazael of Damascus trusting in the might of his soldiers carried out an extensive muster of his troops iii 50 He fortified Mount Saniru a mountain peak that is before Mount Lebanon I struck down 16,020 of his fighting men with the sword and took away from him 1,121 of his chariots and 470 of his cavalry with his military camp iv 1 In order to save his own life he ran away but I pursued him I imprisoned him in Damascus his royal city cut down his gardens and burned his shocks iv 5 I marched to Mount Ḫaurānu and destroyed demolished burned with fire and plundered cities without number I marched to Mount Baʾali-raʾasi which is a cape jutting out into the sea before Tyre and iv 10 erected a statue of my royal majesty there I received the payment of Baʾal-manzēr of Tyre and Jehu Iāūa of Bīt-)Ḫumrî Israel lit “son of Omri” On my return march I ascended Mount Lebanon and erected a statue of my royal majesty with a statue of Tiglath-pileser I a strong king who came before me",https://oracc.museum.upenn.edu/riao/Q004615?lang=en
iv 15b,šar daʾʾat ālik pān atazziz in <data> palâ <data> Purate ēber maddanāti ša šar ša Hatta amdahar ana Hamana elê gašūrī erēna burāšī akkis ana āl Aššur ābilāt in tayyarat ša išdu Hamana <data> rīm daʾʾat šūt qarnāša gitmālāti <data> būr in Zuqarri,In my nineteenth regnal year I crossed the Euphrates River for the seventeenth time and received the payment of the kings of the land Ḫatti I ascended Mount Amanus cut down beams of cedar and juniper and brought them to my city Aššur On my return march iv 20 from Mount Amanus I slew ten perfect specimens of strong horned wild bulls and two calves by the city Zuqarri which is on the opposite bank of the Euphrates River,https://oracc.museum.upenn.edu/riao/Q004615?lang=en
iv 22b,ša šēp ammâte ša Purate addūak in <data> palâ <data> Purate ēber šar ša Hatta kal issišunu adakkekama Hamana abbalkit ana āl ša Katea Quaya arād Lusanda Abarnani Kisuatni āl daʾʾat adi āl ana lā māni išdu rāšūʾa āl adi ganni āl akšud dīkāti addūak šallassin assalla <data> ṣalam šarrūssa epāš tanadāte kiššūta in libba alṭur ištât in rāšūʾa āl <data> in ganni āl in pūssa tâmāte ašqup lētu u danān,In my twentieth regnal year I crossed the Euphrates River for the twentieth time and mustered with my forces all of the kings of the land Ḫatti I crossed the Amanus range and went down iv 25 to the cities of Katî of the land Que Qau I captured the cities Lusanda Abarnāni and Kisuatni fortified cities together with innumerable cities from the nearest of his cities to the farthest of his cities iv 30 I massacred and plundered them I fashioned two statues of my royal majesty inscribed thereon my mighty praises and erected one in the nearest of his cities and the second in the farthest of his cities on a cape jutting into the sea I prevailed over the land text “city” Que Qau with might and main,https://oracc.museum.upenn.edu/riao/Q004615?lang=en
iv 34b,el Ga?-u?-e altakan <data> mē līm <data> līm <data> mē <data> šallassin <data> līm <data> līm <data> mē dēktu <data> līm <data> mē <data> sisê kūdanī <data> līm <data> līm <data> mē <data> alap <data> līm <data> mē <data> imēr <data> mē līm <data> līm <data> līm <data> mē <data> immer hubta ša išdu rāšūʾa šarrūssa adi,"The booty from the beginning of my reign to my twentieth regnal year I took 110,610 prisoners and killed 82,600 and took 9,920 horses and mules 35,565 oxen 19,690 donkeys and 184,755 sheep",https://oracc.museum.upenn.edu/riao/Q004615?lang=en
iv 40b,<data> palâ enūma dūr āl Aššur mahar ša āl eššiš ša in pān Puzur-Aššur mār Aššur-nerari Adad-narari mār Arik-den-ili Ninurta mār Salmani-ašared Tukulti-apil-Ešarra mār Aššur-reša-iši šar ālik pān epāš dūr šatti ānah anhūssa ikkir dannassa kiṣir šad lū akšud išdu ussīšu adi gabadibbēša arṣib šuklul el mahar ussim ṣurruh <data> tibik mūlâ <data> libittašin in nalbanāt rab ikbirū ṭīdi in dišpam šaman ṭābā dām erēna šikar karān lū ablul libittašin in marra nalbanāt ša erēna lū <data> in libba ussīšu kasap hurāṣ  uqnê pappardalī saʾte ayyerēte riqqī kal lū asbuk agurrē ša <data> ana asaʾīte lū altakan narâ u tammēnīya in libba,At that time as for the ancient wall of my city Aššur of the New City which had been built previously by Puzur-Aššur III son of Aššur-nārārī I Adad-nārārī I son of Arik-dīn-ili Tukultī-Ninurta I son of Shalmaneser I and Tiglath-pileser I iv 45 son of Aššur-rēša-iši I kings who came before me that wall had become dilapidated and I removed its dilapidated section(s and reached its foundation pit which was on bedrock I built and completed it from its foundations to its crenellations iv 50 I splendidly decorated it more than before I made it N layers of brick high and thirteen bricks wide using the large brick mold I mixed its clay with honey fine oil cedar resin beer and wine I made its bricks with trowels and molds of cedar I deposited silver gold Lower edge 1 lapis lazuli pappardilû stone carnelian shells aromatics all kinds of things in its foundation I used baked bricks of on its towers I deposited my monumental and clay inscriptions therein,https://oracc.museum.upenn.edu/riao/Q004615?lang=en
b.e. 3b,altakan rubā arkīti anhūssa ēteneddišu šum šaṭir u šum šar ab ana ,May a future ruler restore its dilapidated section(s)(and return my inscriptions together with the inscriptions of the kings my ancestors Left edge 1 to their places The gods Aššur and Adad the great gods will then listen to his prayers,https://oracc.museum.upenn.edu/riao/Q004615?lang=en
l.e. 1b,ašar atūra Aššur Adad il rab ikrib ašmâ Ša-kinate Tašriti <data> līmi ,Ša-kināte Tašrītu VII first day eponymy of my twentieth regnal year,https://oracc.museum.upenn.edu/riao/Q004615?lang=en
l.e. 2b,<data> palâ <data> līm <data> narkabat <data> līm <data> mē <data> pēthal ana emūq māssu akṣur,"I recruited 2,001 chariots and 5,242 cavalry for the armed forces of my land",https://oracc.museum.upenn.edu/riao/Q004615?lang=en
