﻿line,akkadian,english,source
1,Aššur bēl rab bēl māssu rēʾi ša kal malik ,The god Aššur the great lord the lord of the lands the shepherd of all of the rulers,https://oracc.museum.upenn.edu/riao/Q004622?lang=en
2,<data> <data> <data> <data> <data> <data> <data> šaqâ ša bēlat Nina ,the goddess Ištar the lofty one lady of Nineveh,https://oracc.museum.upenn.edu/riao/Q004622?lang=en
3,<data> <data> <data> <data> <data> <data> <data> <data> <data> <data> <data> <data> mēšari ,the god Šamaš justice,https://oracc.museum.upenn.edu/riao/Q004622?lang=en
4,<data> kiššat <data> <data> <data> <data> <data> <data> <data> <data> <data> <data> gāmel,Shalmaneser III the world,https://oracc.museum.upenn.edu/riao/Q004622?lang=en
6,apqid Bel Ana šad rūqāte ,The gods Bēl Marduk and Anu entrusted to you the distant mountains,https://oracc.museum.upenn.edu/riao/Q004622?lang=en
7,aradka akṣi mār Adini ibri <data> <data> <data> <data> <data> <data> <data> ,The obstinate slave of Bīt-Adini and his allies they the gods defeated,https://oracc.museum.upenn.edu/riao/Q004622?lang=en
8,Til-Barsip māhāz daʾʾat in gīra <data> <data> <data> <data> ,The city Tīl-Barsip the fortified town they the gods burned with fire,https://oracc.museum.upenn.edu/riao/Q004622?lang=en
9,šar ša Hatta ušahrirū šubat ,The kings of the land Ḫatti they the gods destroyed their abodes,https://oracc.museum.upenn.edu/riao/Q004622?lang=en
10,ana Aššur-belu-kaʾʾin tartāni kâ <data> aqabbû ,He Shalmaneser spoke to Aššur-bēlu-kaʾʾin the field marshal,https://oracc.museum.upenn.edu/riao/Q004622?lang=en
11,birāte lū paqda lū daʾʾat maṣṣarāti ,“The forts are entrusted to you make your guard strong,https://oracc.museum.upenn.edu/riao/Q004622?lang=en
12,lū dunnina rikis amdahar bilassun ,“Keep your companies secure in order to take their tribute,https://oracc.museum.upenn.edu/riao/Q004622?lang=en
13,malik ša Hatta in šēp iknuša ,“I have subdued the rulers of the land Ḫatti,https://oracc.museum.upenn.edu/riao/Q004622?lang=en
14,alāk ša Uarraṭaya amār qarabšunu ,“So I will go to experience warfare with the Urarṭians,https://oracc.museum.upenn.edu/riao/Q004622?lang=en
15,ša qaqqar māʾūša lā māʾūša arād <data> <data> <data> attasqara ,“I will go down to see whether it is a region with or without water.” Thus he Shalmaneser III spoke,https://oracc.museum.upenn.edu/riao/Q004622?lang=en
16,aṣmissunūti Aššur-naṣir-apli Naʾiri <data> <data> <data> ,As Ashurnasirpal II harnessed up for the Naʾiri land(s he Shalmaneser mustered the troops,https://oracc.museum.upenn.edu/riao/Q004622?lang=en
17,amār ana rab šipṭu ana ummān addin ,He kept meeting with his officers so that they would bring discipline to his troops,https://oracc.museum.upenn.edu/riao/Q004622?lang=en
18,šamri qurād in kiṣir <data> <data> <data> ,“ Divide my furious warriors into companies,https://oracc.museum.upenn.edu/riao/Q004622?lang=en
19,gerra Aššur ana assalla alāk <data> <data> <data> libba ,“For I am going to plunder on a campaign for the god Aššur Have courage lit ‘ your hearts ’,https://oracc.museum.upenn.edu/riao/Q004622?lang=en
20,lušela patar parzilla qāssa <data> <data> <data> <data> ,“Let the swords that I put into your hands be sharp,https://oracc.museum.upenn.edu/riao/Q004622?lang=en
21,šiltāhē šēlūt in libba <data> <data> <data> <data> <data> <data> ,“ I put sharp arrows into your quivers,https://oracc.museum.upenn.edu/riao/Q004622?lang=en
22,siri parzilla in muhha sisê <data> ,“I fasten iron armor upon the horses,https://oracc.museum.upenn.edu/riao/Q004622?lang=en
23,gapša emūq lā <data> ,“Do not mislead your massive forces,https://oracc.museum.upenn.edu/riao/Q004622?lang=en
24,ša aradka Uarraṭaya qabal <data> <data> ,“ Do not fear the warfare of the Urarṭian slave,https://oracc.museum.upenn.edu/riao/Q004622?lang=en
25,Aššur atkal arah <data> ,“The god Aššur has encouraged me to march on the road to Urarṭu,https://oracc.museum.upenn.edu/riao/Q004622?lang=en
26,alsâ nišē māssu Aššur zikrūssu ,“The people of Assyria have shouted they have praised my heroism,https://oracc.museum.upenn.edu/riao/Q004622?lang=en
27,damiqtim ṭābā adanniš ana abēl <data> ,“‘ Upon you be the best of blessings to gain dominion over your foes,https://oracc.museum.upenn.edu/riao/Q004622?lang=en
28,alāk bēl šar adʾiš <data> <data> ,“‘March O lord of kings crush the enemies of the god Aššur,https://oracc.museum.upenn.edu/riao/Q004622?lang=en
29,Nergal in mahar alāk gīra <data> ,“‘Let the god Nergal march before you let the god Gīra come behind,https://oracc.museum.upenn.edu/riao/Q004622?lang=en
30,<data> <data> <data> in qibēti ipêšuma <data> <data> ,“‘At your command ’”,https://oracc.museum.upenn.edu/riao/Q004622?lang=en
31,aṣê aṣmissunūti ša hanṭiš <data> <data> <data> ,They went forth in formation quickly marching on,https://oracc.museum.upenn.edu/riao/Q004622?lang=en
32,<data> <data> tāhāssu kīma <data> <data> <data> daʾʾat ,The of his battle was mighty like,https://oracc.museum.upenn.edu/riao/Q004622?lang=en
33,<data> <data> <data> akkul parzilla malmalli <data> <data> <data> <data> ,They were equipped with iron picks and arrows,https://oracc.museum.upenn.edu/riao/Q004622?lang=en
34,šad daʾʾat hursānī bēre <data> <data> <data> <data> <data> <data> <data> <data> <data> <data> <data> <data> <data> <data> <data> <data> <data> <data> <data> <data> <data>,They traversed mighty mountains and remote highlands,https://oracc.museum.upenn.edu/riao/Q004622?lang=en
36,<data> <data> <data> <data> <data> adi Subri kīma <data> <data> ,as far as the land Subri,https://oracc.museum.upenn.edu/riao/Q004622?lang=en
37,in hursānī bēre atkal in muhha <data> ,He trusted in the remote highlands,https://oracc.museum.upenn.edu/riao/Q004622?lang=en
38,šad Uarraṭaya hanṭiš <data> <data> ,The mountains of the Urarṭians quickly,https://oracc.museum.upenn.edu/riao/Q004622?lang=en
39,āl daʾʾat akšud dannassa ussahrib ,I conquered the strong cities I destroyed the fortresses,https://oracc.museum.upenn.edu/riao/Q004622?lang=en
40,Aššur-naṣir-apli ,Ashurnasirpal II,https://oracc.museum.upenn.edu/riao/Q004622?lang=en
41,in <data> ša Ululu in āl šarrūssa asniq ,On the first day of Ulūlu VI I approached his royal city,https://oracc.museum.upenn.edu/riao/Q004622?lang=en
42,šar <data> <data> <data> <data> ,Kings,https://oracc.museum.upenn.edu/riao/Q004622?lang=en
43,melam ša bēl kibrāt <data> el ,The brilliance of the lord of the four quarters of the world overwhelmed them,https://oracc.museum.upenn.edu/riao/Q004622?lang=en
44,ētazbū āl in šad u qišāti erāba ,They abandoned their cities and fled into the mountains and forests,https://oracc.museum.upenn.edu/riao/Q004622?lang=en
45,amēl ayyaʾumma ana napištašu ana šad nandurūti erāba ,Everyone ran for their lives into the terrible mountains,https://oracc.museum.upenn.edu/riao/Q004622?lang=en
46,aṣabbata arkešu šad namrāṣi attarad ,I went after them I pursued them in the rugged mountains,https://oracc.museum.upenn.edu/riao/Q004622?lang=en
47,<data> līm nakirē in kak tāhāssu imtūt ,"I killed 18,000 enemies with the sword of battle",https://oracc.museum.upenn.edu/riao/Q004622?lang=en
48,kī <data> in ṣēr addâ naṣmadī ,I threw their teams onto the plain like,https://oracc.museum.upenn.edu/riao/Q004622?lang=en
49,parê sisê ahabitma in lā amnâ agāla ,I plundered the mules horses and agalu donkeys without number,https://oracc.museum.upenn.edu/riao/Q004622?lang=en
50,makkūr ēkal <data> amtašiʾ ,For nine days I looted his palace possessions,https://oracc.museum.upenn.edu/riao/Q004622?lang=en
51,maʾassi dadmē in libba išātāti assarap ,I burned with fire his many settlements,https://oracc.museum.upenn.edu/riao/Q004622?lang=en
52,amassu māssu in mahar ummān arde ,I drove the servant women of his land before my army,https://oracc.museum.upenn.edu/riao/Q004622?lang=en
53,eṣī nizamassu āl šarrūssa in libba išātāti assarap ,The trees which were the attraction of his royal city I burned with fire,https://oracc.museum.upenn.edu/riao/Q004622?lang=en
54,ṣalam kiššūta in šad u tâmāte ikūn ,Statues proclaiming my might I erected by mountains and seas,https://oracc.museum.upenn.edu/riao/Q004622?lang=en
55,adi <data> <data> <data> Naʾiri ana Gilzani arād ,As far as the of the Naʾiri land(s to the land Gilzānu I went down,https://oracc.museum.upenn.edu/riao/Q004622?lang=en
56,sisê maddanāti amdahar Tikki Hubuške ,I received in the cities Tikki and Ḫubuškia Horses as Payment,https://oracc.museum.upenn.edu/riao/Q004622?lang=en
57,rēhāt maddanāti amdahar Ṭuruspa ,I received in the city Ṭurušpâ the rest of the payment,https://oracc.museum.upenn.edu/riao/Q004622?lang=en
58,<data> <data> <data> <data> <data> <data> <data> <data> ana Aššur il <data> ,to the god Aššur my god,https://oracc.museum.upenn.edu/riao/Q004622?lang=en
59,in rikis libba ana Egašankalama erāba ,With my steadfast heart I entered Ega[šankalamm]a,https://oracc.museum.upenn.edu/riao/Q004622?lang=en
60,isin ša bēlat Arba-il <data> <data> <data> <data> <data> <data> <data> <data> <data> ,The festival of the lady of Arbela I celebrated,https://oracc.museum.upenn.edu/riao/Q004622?lang=en
61,šar issišunu rīšāte in Baltil šubat nēšē <data> ,The king sat down with joy upon the lion’s seat in Baltil Aššur,https://oracc.museum.upenn.edu/riao/Q004622?lang=en
62,<data> <data> amqutma issišunu naphar bilassun ana pān Ištar erāba ,He made his subjects fall flat he entered into the presence of the goddess Ištar with all of his booty,https://oracc.museum.upenn.edu/riao/Q004622?lang=en
63,<data> <data> <data> ēna ana <data> <data> <data> akrub ,his eyes he blessed,https://oracc.museum.upenn.edu/riao/Q004622?lang=en
64,<data> <data> <data> <data> <data> ana <data> <data> <data> <data> <data> aqīssu <data> <data> <data> <data> <data> <data> <data> <data> <data> māssu,he gave,https://oracc.museum.upenn.edu/riao/Q004622?lang=en
