﻿line,akkadian,english,source
ii 2',<data> ana mê <data> <data> <data> <data> <data> <data> <data>,for water,https://oracc.museum.upenn.edu/riao/Q006587?lang=en
ii 3',<data> aqārimma ,they made his/its scarce,https://oracc.museum.upenn.edu/riao/Q006587?lang=en
ii 4',<data> itâka āl ,the neighborhood of his city,https://oracc.museum.upenn.edu/riao/Q006587?lang=en
ii 5',<data> ana šitmur sisê <data> <data>,fo]r horses to show their mettle,https://oracc.museum.upenn.edu/riao/Q006587?lang=en
ii 7',<data> dīktaša maʾassi ,a major defeat on th]em,https://oracc.museum.upenn.edu/riao/Q006587?lang=en
ii 8',<data> askir nār ,they blo]cked up the river with their corpses,https://oracc.museum.upenn.edu/riao/Q006587?lang=en
ii 9',<data> ditalliš aqmi <data> <data> <data> ina Amate altakan <data> <data> šâšu adi kimtašunu ana qerbeša āl Aššur attabbal,They burned turning them into ash]es established devastation in the land Hamath a[nd They brought him Ilu/Iaū-biʾdī together with his family int]o my city Aššur,https://oracc.museum.upenn.edu/riao/Q006587?lang=en
ii 13',<data> idāka aplanni <data> ernitti akšud <data> <data> <data> amṣâ mal libba ana Aššur bēl akrubma <data> <data> ṣibit alap u ṣēnašu <data> <data> ikūn sattukkēšu,Because the god Aššur who goes at my side cont[inually an]swered I obtained victory I was able to achieve whatever I wanted I blessed the god Aššur my lord I imposed upon him the ṣibtu tax on oxen and sheep and g[oats and established as his regular offerings,https://oracc.museum.upenn.edu/riao/Q006587?lang=en
ii 19',<data> ikkirā ,I altered the]ir and,https://oracc.museum.upenn.edu/riao/Q006587?lang=en
ii 20',<data> šapassu <data> <data> <data>,on their lips,https://oracc.museum.upenn.edu/riao/Q006587?lang=en
iii 2',<data> <data> ,my,https://oracc.museum.upenn.edu/riao/Q006587?lang=en
iii 3',ša ina tuklāt Aššur bēl <data> alāk u mimmû ina Amate epēssu alṭur ṣēr ištât ina Amate ištât ina <data> ištât ina Hatarikka <data> ištât ina KURʾua ištât ina <data>,that I had carried out while a]cting with the suppo]rt of the god Aššur my lo[rd and everything that I had done in the land Hamath I inscribed u[pon it/them I erected one stele in the land Hamath one in one in the city Ḫatar[ikka one in the city KURʾua and one in,https://oracc.museum.upenn.edu/riao/Q006587?lang=en
iii 9'b,azziz ālik arkešu <data> <data> <data> <data> ,One who comes after,https://oracc.museum.upenn.edu/riao/Q006587?lang=en
iii 10',rubâtu arkīti narâ amār šiṭir šum alsâ siqiršin Aššur attaʾʾid šaman apšuš nīq aqqâ Aššur <data>,May a future prince look at my stel[e and read my inscr]ibed name May he then pr]aise the name of the god Aššur anoint this stele with oi[l and offer a sac]rifice The god Aššur will then listen to his prayers,https://oracc.museum.upenn.edu/riao/Q006587?lang=en
iii 14',munakkir narâ mupaššiṭ šiṭir šum <data> <data> <data> <data>,As for the one who alte[rs my stele or er]ases my inscr[ibed name,https://oracc.museum.upenn.edu/riao/Q006587?lang=en
iv 1',<data> <data> <data> <data> <data> <data> <data> <data> <data> <data> <data> <data> epēssu <data> <data> <data> <data> <data> <data> <data>,Too poorly preserved to allow translation,https://oracc.museum.upenn.edu/riao/Q006587?lang=en
