﻿line,akkadian,english,source
1',<data> šar <data> <data> ēkal <data> <data> Sin-ahhe-eriba šar kiššat šar māssu Aššur kallāt srgn šar kiššat šar māssu māssu Aššur ummī Aššur-ahu-iddina šar kiššat šar māssu Aššur,king Zakūtu/Naqīʾa wi]fe Sennach]erib king of the world king of Assyria daughter-in-law of Sargon II king of the world k]ing of Assyria mother of Esar]haddon king of the world and king of Assyria,https://oracc.museum.upenn.edu/riao/Q003406?lang=en
6',Aššur Sin Šamaš Nabium u Marduk Ištar ša Nina Ištar ša Arba-ili Aššur-ahu-iddina mār ṣīssun libba ina kussâšu ab ṭābiš ašāb <data> <data> damiqtim aṣê ana rēšēt ištu tâmāti elīte adi tâmāti šaplî <data> alāk māhir lā īšâ <data> gārê aspun šar ša kibrāt erbaʾi addâ ṣerrat,the gods Aššur Sîn Šamaš Nabû and Marduk Ištar of Nineveh and Ištar of Arbela glad[ly placed Esarha]ddon my offspring upon the throne of his father whose good they made pre-[eminent who marched from the Upper Sea to the Low[er Sea and who does not have an equal therein and who flattened his foes and fastened lead-[ropes on the kings of the four quarters —,https://oracc.museum.upenn.edu/riao/Q003406?lang=en
12',nišī māssu kišitte nakirēšu hubti qašassu ša ana ešqī bēlūssu ana šerikti ašarrakšunūti alli tupšikki aššânni albin libittašin,He Esarhaddon gave to me as my lordly share and as a gift the inhabitants of conquered lands foes plundered by his bow I made them carry hoe and ba]sket and they made bricks,https://oracc.museum.upenn.edu/riao/Q003406?lang=en
15',qaqqar puṣê ina qabal āl ša Nina kutal bīssu Sin u Šamaš ,I a cleared tract of land in the citadel of the city of Nineveh be[hind the temple of the gods Sîn and Šamaš,https://oracc.museum.upenn.edu/riao/Q003406?lang=en
