﻿line,akkadian,english,source
1,Tukulti-Ninurta šar kiššat mār Salmanu-ašared šar māssu Aššur kišitte Karduniaš munakkir šiṭir šum Aššur Adad šum māssu halāq,Tukultī-Ninurta I king of the world son of Shalmaneser I king of Assyria Booty of Kardu(niaš Babylonia As for the one who removes my inscription and my name may the god Aššur and the god Adad make his name disappear from the land,https://oracc.museum.upenn.edu/riao/Q003961?lang=en
4,kunuk annâ ištu māssu Aššur ana māssu Akkad šarik tadin anāku Sin-ahhe-eriba šar māssu Aššur ina <data> mē šanat Babili akšud ištu makkūr Babili aṣê,This seal was given as a gift from Assyria to Akkad I Sennacherib king of Assyria after six hundred years conquered Babylon and took it out from the property of Babylon,https://oracc.museum.upenn.edu/riao/Q003961?lang=en
8,makkūr Šagarakti-Šuriaš šar kiššat ,Property of Šagarakti-Šuriaš king of the world,https://oracc.museum.upenn.edu/riao/Q003961?lang=en
9,Tukulti-Ninurta šar kiššat mār Salmanu-ašared šar māssu Aššur kišitte Karduniaš munakkir šiṭir šum Aššur Adad šum māssu halāq,Tukultī-Ninurta I king of the world son of Shalmane(ser I king of Assyria Booty of Karduniaš Babylonia As for the one who removes my inscription and my name may the god Aššur and the god Adad make his name disappear from the land,https://oracc.museum.upenn.edu/riao/Q003961?lang=en
12,makkūr Šagarakti-Šuriaš šar kiššat ,Property of Šagarakti-Šuriaš king of the world,https://oracc.museum.upenn.edu/riao/Q003961?lang=en
13,ša ina muhha kunuk ša uqnê,That which was engraved upon a seal of lapis lazuli,https://oracc.museum.upenn.edu/riao/Q003961?lang=en
