﻿line,akkadian,english,source
i 1,Sin-ahhe-eriba šar rabâ šar dannāku šar kiššat šar māssu Aššur šar kibrāt erbaʾi rēʾi itpēšu migir il rabâ nāṣir kināti rāʾim mešāri ēpissa ūsāt ālik tappût akê sāhir dameqtašu eṭli gitmālī zikar qardi ašarēd kal malik rappu lāʾiṭ lā māgir mušabriq zāmânī,Sennacherib great king strong king king of the world king of Assyria king of the four quarters of the world i 5 capable shepherd favorite of the great gods guar]dian of truth who loves justice renders assistance goes to the aid of the weak i 10 and strives after good deeds perfect man virile warrior foremost of all rulers the bridle that controls the insubmissive and the one who strikes enemies with lightning,https://oracc.museum.upenn.edu/riao/Q003490?lang=en
i 15,Aššur šad rabâ šarrūssa lā išnunūšuma šutlimšu el gimir āšib parak arbâ kak ištu tâmāti elēnīti ša šulme šamaš adi tâmāti šaplî ša ṣīssun šamaš gimir ṣalmāt qaqqad iknuša šēp u malik šepṣu adāru tāhāz dadmē ētezib kīma suttinni nigiṣṣi ēdiš ippariš ašar lā ʾāri,The god Aššur the great mountain granted to me unrivalled sovereignty and made my weapons greater than those of all who sit on royal daises He made all of the black-headed people from the Upper Sea i 20 of the Setting Sun to the Lower Sea of the Rising Su[n bow down at my feet Thus did recalcitrant rulers come to fear battle with me While they were ab[andoning their settlements i 25 they flew away alone like bats living in crev[ices to inac[cessible place(s,https://oracc.museum.upenn.edu/riao/Q003490?lang=en
i 27,ina mahar gerra ša Marduk-apla-iddina šar Karduniaš adi ummān Elamte rēṣēšu ina tamerāti Kiš altakan dabdâšu ina qabal tamhāra šatti ētezib karāssu ēdiš ipparaššidu napištašu eṭēr narkabat sisê ṣumbāte parê ša ina aqribma tāhāz mušširannâti akšud qāssa,On my first campaign I brought about the defeat of Marduk-apla-[iddina II Merodach-baladan king of Kardun[iaš Babylonia i 30 together with the troops of the land Elam his allies in the plain of Kish In the midst of that battle he abandoned his camp fled a[lone and thereby saved his life i 35 I seized the chariots ho[rses wagons and mu[les that he had abandoned in the thick of ba[ttle,https://oracc.museum.upenn.edu/riao/Q003490?lang=en
i 38,ana ēkal ša qerbeša Babili hadîš erēb aptâ bīssu niṣirtašu hurāṣ kasap anūt hurāṣ kasap aban aqarte mimma šum būšašu makkūr lā nība kabitta bilassun sekrati ēkal tīrī manzāssin pān nāri nārāti sihir ummânī mal bāšâ muttabbil ēkal aṣê šallatiš amna,I joyfully entered his palace which is in Babylon then i 40 I opened his treasury and brought out gold silver gold and silver utensils precious stones all kinds of possessions and property without number a substantial tribute together with his palace women c[ourtier]s attendants i 45 male singers female singers all of the craftsmen as many as there were and his palace attendants and I counted them as booty,https://oracc.museum.upenn.edu/riao/Q003490?lang=en
i 49,ina emūq Aššur bēl <data> āl dannāku bīssu dūr ša Kaldi u <data> mē <data> āl ṣahri ša libīt alme akšud ašallal šallassin urbī Arame Kaldaya ša qerbeša Uruk Nippur Kiš Hursagkalamma Kute Sippar adi mār āl bēl hīṭātišu aṣê šallatiš amna,With the strength of the god Aššur my lord I surrounded conquered and plundered 75 of his fortified cities fortresses of Chaldea and 420 small(er settlements in their environs I brought out the auxiliary forces of the Arameans and Chaldeans i 55 who were in Uruk Nippur Kish Ḫur[sagkala]mma Cutha and Sippar together with the guilty cit]izens and I counted them as booty,https://oracc.museum.upenn.edu/riao/Q003490?lang=en
i 59,ina tayyarat Tuʾmuna Rihihu Yadaqqu Ubudi Gibre Malahu Gurume Ubulu Damuni Gambulaya Hindari Ruʾuʾa Puqudaya Hamaranaya Hagaranu Nabatu Liʾtaʾa Arame lā kanše mithāriš akšud <data> mē <data> līm nišī ṣeher rab zikar u sinniš sisê parê imērī gammalī alap u ṣēnašu ša lā nība šallassin kabitta ašallal ana qerbeša māssu Aššur,"On my retu]rn march I defeated all together the Tuʾ]mūna Riḫiḫu Yadaq]qu Ubudu Gibr]ê Malaḫu Guru]mu Ubulu Damu]nu Gambulu i 65 Ḫin]daru Ruʾuʾa Puqudu Ḫamrānu Ḫagarānu Nabatu and Liʾtaʾu insubmissive Arameans I carried off into Assyria a substantial booty i 70 consisting of 208,000 people young and old male and female horses mules donkeys camels oxen and sheep and goats which were without number",https://oracc.museum.upenn.edu/riao/Q003490?lang=en
i 75,ina mēteq gerra ša Nabu-bel-šumati qēpāni Hararate hurāṣ kasap musukkannī rabâ imērī gammalī alap u ṣēnašu tāmartašu kabitta amdahhar,In the course of my campaign I received a substantial audience gift from Nabû-bēl-šumāti the official in charge of the city Ḫararatu Ḫarutu gold silver large musukkannu trees donkeys camels oxen and sheep and goats,https://oracc.museum.upenn.edu/riao/Q003490?lang=en
i 81,bahūlāte Hirimme nakirēšu akṣi ina kak amqutma ēdu ul ētezib pagar ina gašīšī ālul  sihir āl alme nagê šatti ana eššūte aṣabbata ištât alap <data> immer <data> imēr karān <data> imēr suluppī rēšēt ana il māssu Aššur bēl ikūn dārišam,I put to the sword the population of the city Ḫirimmu a dangerous enemy and I did not spare a single one I hung their corpses on poles and ii 1 placed them around the city I reorganized that district and imposed for eternity one ox ten sheep ten homers of wine and twenty homers of dates as his first-fruits offerings to the gods of Assyria my lords,https://oracc.museum.upenn.edu/riao/Q003490?lang=en
ii 6,ina šanê gerra Aššur bēl atkal ana māssu Kašši u māssu Yasubigallaya ša ištu ulla ana šar ab lā kitnuš lū alāk qerbeša hursānī zaqri eqel namrāṣi ina sisê arkab narkabat šēpīya ina tikkāte aššânni ašar šupšuqāma ina šēp rīmāniš attaggiš,On my second campaign the god Aššur my lord encouraged me and I marched to the land of the Kassites and the land of the Yasubigallians who since time immemorial had not submitted to the kings ii 10 my ancestors In the high mountains difficult terrain I rode on horseback and had my personal chariot carried on men’s necks In very rugged terrain I roamed about on foot like a wild bull,https://oracc.museum.upenn.edu/riao/Q003490?lang=en
ii 15,Bit-Kilamzah Hardišpi Bit-Kubat āl bīssu dūr dannāku alme akšud nišī sisê parê imērī alap u ṣēnašu ištu qerbeša aṣê šallatiš amna u āl ṣahri ša nība lā īšâ anappal anaqqar ēmâ karmeš bīssu ṣēr kultār mūšab ina gīri aqmi ditalliš ēmâ,I surrounded and conquered the cities Bīt-Kilamzaḫ Ḫardišpu and Bīt-Ku[batti their fortif[ied walled cities I brought out of them people horses mules donkeys oxen and she[ep and goats and I counted them as boo[ty Moreover I destroyed devastated and turned into ruins their small(er settlements ii 20 which were with]out num[ber I burned with fire pavilions and tents their ab]odes and reduced them to ashes,https://oracc.museum.upenn.edu/riao/Q003490?lang=en
ii 24,atūra Bit-Kilamzah šatti ana birtūti aṣabbata el ša ūm pān dūr dunnina nišī māssu kišitte qāssa ina libba ašāb nišī māssu Kašši u māssu Yasubigallaya ša lapān kak ipparaššidu ištu qerbeša šad arād ina Hardišpi Bit-Kubat armâ ina qāssa šūt rāšūʾa bēl Arrapha amna narâ epēssu lētu kišitte qāssa ša el altakan ṣēr alṭur,I made th]at city Bīt-Kilamzaḫ a fortress again and I streng]thened its walls more than be]fore then I settled therein the people of the lands that I had conquered I brought down from the mountains the people of the land of the Kassites and the land of the Ya]subigallians ii 30 who had fled from my weapons and I made them dwell in the cities Ḫardišpu and Bīt-Kubatti I placed them under the authority of a eunuch of mine the governor of the city Arrapḫa ii 35 I had a stele made had all the victorious conquests that I achieved over them written on it and I erected it in that city,https://oracc.museum.upenn.edu/riao/Q003490?lang=en
ii 38b,ina qerbeša āl azziz pān nīr atūra ana Ellipi aṣabbata harrān ellāmēšun Ispabara šar āl dannāku bīssu niṣirtašu mušširannâti ana rūqēte innabidūma gimir māssu rapašti kīma imbari ashup Marubišti Akkuddu āl bīssu šarrūssa adi <data> āl ṣahri ša libīt alme akšud anappal anaqqar ina gīri aqmi,I turned around lit “I turned the front of my yoke” and ii 40 took the road to the land Ellipi Before my arrival Ispabāra their king abandoned his fortified cities and his treasury and fled far away I overwhelmed all of his wide land like a fog ii 45 I surrounded conquered destroyed devastated and burned with fire the cities Marubištu and Akkuddu cities of his royal house together with thirty-four small(er settlements in their environs,https://oracc.museum.upenn.edu/riao/Q003490?lang=en
ii 49,nišī ṣeher rab zikar u sinniš sisê parê imērī gammalī alap u ṣēnašu ana lā mīna ašallal adi lā bašê alāk iṣhir māssu Ṣiṣṣirtu Kummahlu āl dannāku adi āl ṣahri ša libīt Barrua nagê ana gimirti ištu qerbeša māssu abtuq el miṣir māssu Aššur arde,I carried off people young and old male and female horses mules donkeys camels oxen and sheep and goats without number then I brought him Ispabāra to nought and made his land smaller I detached from his land the cities Ṣi(ṣ)ṣirtu and Kummaḫlum ii 55 fortified cities together with the small(er settlements in their environs and the district of the land Bīt-Barrû in its entirety and I added this area to the territory of Assyria,https://oracc.museum.upenn.edu/riao/Q003490?lang=en
ii 60,Elenzaš ana āl šarrūssa u dannassu nagê šatti aṣabbata šum mahar ikkirā Kar-Sin-ahhe-eriba abbi nibīssun nišī māssu kišitte qāssa ina libba ašāb ina qāssa šūt rāšūʾa bēl Harhar amna lirappiš māssu,I took the city Elenzaš as a royal city and a fortress for that district then I changed its former name and called it Kār-Sennacherib ii 65 I settled therein the people of the lands that I had conquered I placed it under the authority of a eunuch of mine the governor of the city Ḫarḫar and thus enlarged my land,https://oracc.museum.upenn.edu/riao/Q003490?lang=en
ii 69,ina tayyarat ša Madaya rūqāti ša ina šar ab mamma lā ašmâ siqiršin māssu maddatta kabitta amdahhar ana nīr bēlūssu iknuša,On my return march I received a substantial payment from the distant Medes of whose land none of the kings my ancestors had heard mention Thus I made them bow down to the yoke of my lordship,https://oracc.museum.upenn.edu/riao/Q003490?lang=en
ii 76,ina šalši gerra ana Hatti lū alāk Luli šar Ṣidunni pulhī melammē bēlūssu  ashup ana rūqēte qabal tâmāti innabidūma šad ēmid Ṣidunni rabâ Ṣidunni ṣahri Bit-Zitte Ṣariptu Mahallab Ušu Akziba Akku āl dannāku bīssu dūr ašar riʾītu u malqīte bīssu tuklāt rašubbat kak Aššur bēl ashup iknuša šēp,On my third campaign I marched to the land Ḫatti Fear of my lordly brilliance iii 1 overwhelmed Lulî the king of the city Sidon and he fled afar into the midst of the sea and disappeared The awesome terror of the weapon of the god Aššur my lord overwhelmed the cities Great Sidon Lesser Sidon iii 5 Bīt-Zitti Ṣarepta Maḫalliba Ušû Akzibu and Acco his fortified cities and fortresses an area of pasture(s and water-place(s iii 10 resources upon which he relied and they bowed down at my feet,https://oracc.museum.upenn.edu/riao/Q003490?lang=en
iii 12,Tu-Baʾil ina kussâšu šarrūssa el ašāb bilassun maddatta bēlūssu šattišam lā baṭalu ikūn ṣēr,I placed Tu-Baʾlu on the royal throne over them and imposed upon him tribute and payment in recognition of my overlordship to be delivered yearly and without interruption,https://oracc.museum.upenn.edu/riao/Q003490?lang=en
iii 15,ša Minhimmu Samsimurunaya Tu-Baʾil Ṣidunaya Abdi-Liʾti Armadaya Uru-Milki Gublaya Mitinti Asdudaya Budu-il Bit-Ammanaya Kammusu-nadbi Maʾabaya Aya-rammu Udummaya šar māssu Amurre kal igisê šadal tāmartašu kabitta adi erbêšu ana mahar aššânni,As for Min(u)ḫimmu of the city Samsimuruna Tu-Baʾlu of the city Sidon Abdi-Liʾti of the city Arwad Ūru-Milki of the city Byblos Mitinti of the city Ashdod iii 20 Būdi-il of the land Bīt-Ammon Kammūsu-nadbi of the land Moab Aya-rāmu of the land Edom all of the kings of the land Amurru they brought extensive gifts four times the normal amount as their substantial audience gift before me and kissed my feet,https://oracc.museum.upenn.edu/riao/Q003490?lang=en
iii 26b,inaššiquni šēp u Ṣidqa šar Isqalluna ša lā iknuša ana nīr il bīssu ab šâšu alti mār mārassu ahašu zēr bīssu ab assuh ana māssu Aššur ītarrê,Moreover as for Ṣidqâ the king of the city As]hkelon who had not bowed down to my yoke I forcibly removed the god]s of his father’s house himself his wife his sons his daughters his brothers and other offspring of his father’s house iii 30 and took him to Assyria,https://oracc.museum.upenn.edu/riao/Q003490?lang=en
iii 31,Šarru-lu-dari mār Rukibti šar mahar el nišī Isqalluna altakan addin bilassun kadrâ bēlūssu ēmid išâṭ abšānī,I set Šarru-lū-dāri son of Rūkibtu their forme[r king over the people of the city Ashkelon and imposed upon him the pay[ment of tribute and gif]ts in recognition of my overlordship so that he now pulls my yo[ke,https://oracc.museum.upenn.edu/riao/Q003490?lang=en
iii 35,ina mēteq gerra Bit-Daganna Yappu Banayabarqa Azuru āl ša Ṣidqa ša ana šēp arhiš lā iknuša alme akšud ašallal šallassin,In the course of my campaign I surrounded conquered and plundered the cities Bīt-Daganna Joppa Banayabarqa and Azuru the cities of Ṣidqâ that had not submitted to me quickly,https://oracc.museum.upenn.edu/riao/Q003490?lang=en
iii 40,šakkanak rubâtu u nišī Amqarruna ša Pade šar bēl adê u māmīt ša māssu Aššur birâti parzilla addâ ana Hazaqiyu Iaudaya addin nakriš ana anzillašu epēssu aplah libba šar Muṣri ṣāb qašassu narkabat sisê ša šar Emeluhha emūq lā nība iktera alāk rēṣūssu,As for the governors the nobles and the people of the city Ekron who had thrown Padî their king who was bound by treaty and oaths to Assyr[ia into iron fetters and who had ha[nded him over to Hezekiah of the land Judah in a hostile manner iii 45 they became frightened on account of the villainous acts they had committed They fo[rmed a confederation with the kings of Egypt and the archers chariots and horses of the king of the land Meluḫḫa forces without number and they came to their ai[d,https://oracc.museum.upenn.edu/riao/Q003490?lang=en
iii 50,ina tamerāti Altaqu ellāmēšun sidir šitkunā ušaʾʾala kak ina tuklāt Aššur bēl ittešunu amdahiṣ altakan dabdâšu bēl narkabat u mār šar Muṣuraya adi bēl narkabat ša šar Emeluhha balṭūssa ina qabal tamhāra akšud qāssa,In the plain of the city Eltekeh they sharpened their weapons while drawing up in battlel[ine before me With the support of the god Aššur my lord I fought with them and defeat[ed them iii 55 In the thick of battle I captured alive the Egyptian charioteers and princes lit “the sons of the king” together with the charioteers of the king of the land Meluḫḫa,https://oracc.museum.upenn.edu/riao/Q003490?lang=en
iii 59,Altaqu Tamna alme akšud ašallal šallassin ana Amqarruna aqribma šakkanak rubâtu ša hīṭātišu bašê addūk ina dimāte sihir āl ālul pagar mār āl ēpissa anna u gillassun ana šallassin amna sittī lā bābil hiṭâte u gullultašun ša anna lā bašê,I surrounded conquered and plundered the cities Eltekeh and Tamnâ I approached the city Ekron and I killed the governors and nobles who had committed crime(s and hung their corpses on towers around the city iii 65 I counted the citizens who had committed the criminal acts as booty and I commanded that the rest of them those who were not guilty of crimes or wrongdoing to whom no penalty was due be allowed to go free,https://oracc.museum.upenn.edu/riao/Q003490?lang=en
iii 69b,mušširannâti aqabbû Pade šar ištu qerbeša Ursalimma aṣê ina kussâšu bēlūssu el ašāb maddatta bēlūssu ikūn ṣēr,I brought out Padî their king from the city Jerusalem and placed him on the lordly throne over them then I imposed upon him payment in recognition of my overlordship,https://oracc.museum.upenn.edu/riao/Q003490?lang=en
iii 74,u Hazaqiyu Iaudaya ša lā iknuša ana nīr <data> āl dannāku bīssu dūr u āl ṣahri ša libīt ša nība lā īšâ ina akbus arammē u aqribma ašibi  amdahiṣ zūk šēp pilši nikis u kalbānāte alme akšud <data> mē līm <data> mē <data> nišī ṣeher rab zikar u sinniš sisê parê imērī gammalī alap u ṣēnašu ša lā nība ištu qerbeša aṣê šallatiš amna,"Moreover as for Hezekiah of the land Judah who had not submitted to my yoke I surrounded and conquered forty-six of his fortified cities fortresses and small(er settlements in their environs which were without number by having ramps trodden down and battering rams brought up iv 1 the assault of foot soldiers sapping breaching and siege engines I brought out of them 200,150 people young and old male and female horses mules donkeys camels oxen and sheep and goats which were without number and I counted them as booty",https://oracc.museum.upenn.edu/riao/Q003490?lang=en
iv 8,šâšu kīma iṣṣūr quppē qerbeša Ursalimma āl šarrūssa ēsirma birāte el arkus aṣê abul āl atūra ikkib āl ša ašallal ištu qerbeša māssu abtuq ana Mitinti šar Asdudi Pade šar Amqarruna u Ṣil-Bel šar Hazite addin iṣhir māssu el bilassun mahar addin šanat maddatta kadrâ bēlūssu arde ikūn ṣēr,As for hi[m Hezekiah I confined him inside the city Jerusalem his roy]al city like a bird in a cage I set up blockades against him and made him dread exiting his city gate I detached from his land the cities of his that I had plundered and iv 15 I gave them to Mitinti the king of the city Ashdod Padî the king of the city Ekron and Ṣilli-Bēl the king of the city Gaza and thereby made his land smaller To the former tribute their annual giving I added the payment of gifts in recognition of my overlordship and imposed it upon them,https://oracc.museum.upenn.edu/riao/Q003490?lang=en
iv 22,šū Hazaqiyu pulhī melammē bēlūssu ashup urbī u ṣāb damiqtim ša ana dunnina Ursalimma āl šarrūssa erēb aršâ tillāte ittešunu <data> bilassun hurāṣ <data> mē bilassun kasap nisiqte guhli takkas <data> rabâ eršēt šinni kussâšu nēmed šinni mašak pīri šinni pīri ušî taskarinni mimma šum niṣirtašu kabitta u mārassu sekrati ēkal nāri nārāti ana qerbeša Nina āl bēlūssu arkešu attabbal ana addin maddatta u epēssu ardūssu ašpur rakbâšu,As for him Hezekiah fear of my lordly brilliance overwhelmed him and after my departure he had the auxiliary forces and his elite troops iv 25 whom he had brought inside to strengthen the city Jerusalem his roy[al city thereby gaining reinforcements along with 30 talents of gold 800 talents of si]lver choice antimony large blocks of iv 30 ivory beds armchairs of ivory elephant hide(s elephant ivory ebony boxwood every kind of valuable treasure as well as his daughters his palace women male singers and female singers brought into Nineveh my capital city and he sent a mounted messenger of his to me to deliver this payment and to do obeisance,https://oracc.museum.upenn.edu/riao/Q003490?lang=en
iv 38,ina rebê gerra Aššur bēl atkal ummān gapšāte adakkekama ana Bit-Yakin alāk aqabbû ina mēteq gerra ša Šuzubi Kaldaya āšib qerbeša agammē ina Bittuti altakan dabdâšu šū hurbāša tāhāz el amqutma itarrakma libba kīma azari ēdiš ipparaššidu ul amār ašar,O]n my fourth campaign the god Aššur my lord encouraged me iv 40 so that I mustered my numerous troops and ordered the march to the land Bīt-Yakīn In the course of my campaign I defeated Šūzubu Mušēzib-Marduk a Chaldean who lives in the marshes at the city Bittūtu iv 45 As for him terror of doing battle with me fell upon him and his heart pounded He fled alone like a lynx and his hiding place could not be found,https://oracc.museum.upenn.edu/riao/Q003490?lang=en
iv 49,pān nīr atūra ana Bit-Yakin aṣabbata harrān šū Marduk-apla-iddina ša ina alāk gerra mahar dabdâšu altakan uparrir ellat rigim kak dannāku u tīb tāhāz ezzeti adāru ana Nagiate-raqqi ša qabal tâmāti iṣṣūriš ippariš ahašu zēr bīssu ab ša mušširannâti ah tâmāti adi sitāt nišī māssu ištu Bit-Yakin qerbeša agammē appārāte aṣê šallatiš amna,I turned ar]ound lit “I turned the front of my yoke” and took the road to the land Bīt-Yakīn H]e — Marduk-apla-iddina II Merodach-baladan wh]om I had defeated and whose forces I had scatter]ed during my first campaign — iv 55 became frightened by the clangor of my mig]hty weapons and my fierce battle array He flew away like a bird to the city Nagīte]-raqqi which is in the midst of the sea I brought his brothers the seed of his father’s house whom he had abandoned at the shore of the sea together with the rest of the people of his land iv 60 out of the land Bīt-Yakīn which is in the swamps and marshes and I counted them as booty,https://oracc.museum.upenn.edu/riao/Q003490?lang=en
iv 62,atūra āl anappal anaqqar ēmâ karmeš el bēl salīm šar Elamte namurrat atbuk,Once again I destroyed and devastated his cities and turned them into ruins I poured out awe-inspiring brilliance upon his ally the king of the land Elam,https://oracc.museum.upenn.edu/riao/Q003490?lang=en
iv 65,ina tayyarat Aššur-nadin-šumi mār rēštê tarbīt birkāya ina kussâšu bēlūssu ašāb rapašti māssu Šumeri u Akkad adgul pān,On my return march I placed Aššur-nādin-šumi my first-born son whom I raised on my own knee on his lordly throne and entrusted him with the wide land of Sumer and Akkad,https://oracc.museum.upenn.edu/riao/Q003490?lang=en
iv 70,ina hamši gerra bahūlāte Tumurra Šarim Ezama Kipša Halbuda Qua Qana ša kīma qinna erê ašarēd iṣṣūr ṣēr zuqti Nipur šad marṣāti šubāt šitkunā lā kitnuš ana nīr ina šēp Nipur karāssu altakan,On my fifth campaign The population of the cities Tumurrum Šarum Ezāma Kipšu Ḫalbuda Qūa and Qana whose dwellings are situated like the nests of eagles the foremost of birds iv 75 on the peak of Mount Nipur a rugged mountain and who had not bowed down to the yoke — I had my camp pitched at the foot of Mount Nipur,https://oracc.museum.upenn.edu/riao/Q003490?lang=en
iv 79,ittešunu qurbūte šēp nasqi u ṣāb tāhāz lā gāmel anāku kīma rīmē ekdi pān aṣabbata hurri nahal natbāk šad mēlê marṣāti  ina kussâšu aštamdih ašar ana kussâšu šupšuqāma ina šēp aštahhiṭ kīma arme ana zuqti šaqâ ṣēr elê ašar birkāya mānahtu īšâ ṣēr aban šad ašāb mê nāde kaṣûte ana ṣūmē lū ašti,Like a fierce wild bull with my select bodyguard and my merciless combat troops I took the lead of them the soldiers in my camp v 1 I proceeded through the gorges of the streams the outflows of the mountains and rugged slopes in my chair Where it was too difficult for my chair I leapt forward on my own two feet like a mountain goat I ascended the highest peaks against them v 5 Where my knees became tired I sat down upon the mountain rock and drank cold water from a water skin to quench my thirst,https://oracc.museum.upenn.edu/riao/Q003490?lang=en
v 8,ina ubān hursānī arde altakan dahtê āl akšud ašallal šallassin anappal anaqqar,I pursued them on the peaks of the mountains and defeated them I conquered v 10 plundered destroyed devastated and burned with fire their cities,https://oracc.museum.upenn.edu/riao/Q003490?lang=en
v 11b,ina gīri aqmi pān nīr atūra ṣēr Maniye šar Ukki šaddaʾu lā kanše aṣabbata harrān arah lā petâ ṭūdāt pašqat ša lapān šad marṣāti ullânūʾa qerbeša mamma lā alāk šar pān mahar ina šēp Anara u Uppa šad dannāku karāssu altakan anāku ina kussâšu nēmed ittešunu ṣāb tāhāz gitmālī ina nēreb pīqāte šūnuhiš erēb marṣiš elê ubān šad pašqat,I turned around lit “I turned the front of my yoke” and took the road against Maniye the king of the city Ukku and an insubmissive mountain-dweller v 15 Before my time none of the former kings of the past had marched through the untrodden paths and difficult trails on account of the rugged mountains I had my camp pitched at the foot of Mount Anara and Mount Uppa mighty mountains and I myself in an armchair with my crack combat troops v 20 entered their narrow passes with great difficulty and ascended with a struggle the steep mountain peaks,https://oracc.museum.upenn.edu/riao/Q003490?lang=en
v 23,šū Maniye turbuʾ šēp ummān amār Ukki āl šarrūssa ētezib ana rūqēte innabidūma Ukki alme akšud ašallal šallassin mimma šum būšašu makkūr niṣirtašu ēkal ištu qerbeša aṣê šallatiš amna,He Maniye saw the dust cloud stirred up by the feet of my troops then he abandoned the city Uk[ku his royal city and v 25 fled afar I surrounded conquered and plundered the city Ukku I brought out of it every kind of possession and property the treasures of his palace and I counted it as boo]ty,https://oracc.museum.upenn.edu/riao/Q003490?lang=en
v 29,u <data> āl ša patti nagê akšud nišī imērī alap u ṣēnašu ištu qerbeša ašallal anappal anaqqar ina gīri aqmi,Moreover I conquered thirty-three cities on the borders of his district and v 30 carried off from th]em people donkeys oxen and sheep and goats Then I destroyed them devastated them and burned them with fire,https://oracc.museum.upenn.edu/riao/Q003490?lang=en
v 33,ina šallassin māssu šâtina ša ašallal <data> līm qašassu <data> līm arâte ina libba akṣur el kiṣir šarrūssa arde sitāt šallassin nakirēšu kabitta ana gimir karāssu u bēl nišī māhāz rabâ kīma ṣēnašu lū azūz,"From the booty of those lands that I had plundered I conscripted 20,000 archers and 15,000 shield bearers and added them to my royal contingent I divided up the rest of the substantial enemy booty like sheep and goats among my entire camp and my governors and the people of my great cult centers",https://oracc.museum.upenn.edu/riao/Q003490?lang=en
v 41,ina ūm Nina māhāz ṣīrāte āl narām Ištar ša naphar kidudê il u ištar bāšâ qerbeša temmēn dārê duruš ṣât ša ištu ulla ittešunu šiṭir burūmê eṣratsu eṣir šūpû ṣindā ašar naklā šubāt pirište ša mimma šum šipir nikilte gimir pelludê niṣirtašu lalgar šutābula qerbeša,At that time Nineveh the exal[ted cult center the city loved by the goddess Ištar in which all of the rit]uals for gods and god[desses are present v 45 the en[during foundation and eternal ba]se whose plan had been designed by the stars lit “writing” of the firmam[ent and whose arrangement was made manife]st since time immemorial a sophisticated place and site of se[cret lore in which every kind of skilled craftsmanship all of the rituals v 50 and the secret(s of the lalgar cosmic subterranean water are apprehended,https://oracc.museum.upenn.edu/riao/Q003490?lang=en
v 51,ša ištu ulla šar ālik mahar ab ullânūʾa bēlūssu māssu Aššur epēssu ʾāri baʾūlāt Enlil ayyimma ina libba ana lišamdil šubāt āl epēssu dūr ešēr sūq u ahrâ nār azqup ṣippat unzāšu ul bašê ul attabbal karassin ana ēkal qerbeša kummē rimīt bēlūssu ša ṣuhhur šubāt epissun lā naklā lēssu ul addâ libba ul hasās,in which since time immemorial earlier kings my ancestors be[fore me exercised dominion over Assyria and rul[ed the subjects of the god En]lil but not one among them had conceived of and put his mind towards increasing the site of the city v 55 building wall(s straightening the st[ree]ts or dredging the river and planting or[ch]ards nor had any of them paid heed to or shown interest in the palace inside it the seat of lordly dwelling whose site had become too small and whose construction was inexpert,https://oracc.museum.upenn.edu/riao/Q003490?lang=en
v 62,yâte Sin-ahhe-eriba šar kiššat šar māssu Aššur epēssu šipir šatti kī ṭēm il ina unzāšu bašê kabatsu attabbal tenēšet Kaldi Arame Mannaya Que Hilakki Pilište u Ṣurri ša ana nīr lā iknuša assuh tupšikki aššânni albin libittašin,But as for me Sennacherib king of the world king of Assyria the performing of this work came to my attention by the will of the gods and I put my mind to it I forcibly removed the people of Chaldea Aramean tribes the land of the Manneans the lands Que Ḫilakku and Philistia and the city Tyre who had not submitted to my yoke then I made them carry baskets of earth and they made bricks,https://oracc.museum.upenn.edu/riao/Q003490?lang=en
v 71,ēkal mahar ša <data> mē <data> ina ammat šiddi <data> ina ammat rupšu ina tarṣi zamê bīssu ziqqurrat <data> mē <data> ina ammat rupšu ina tarṣi nāmari bīssu Ištar <data> ina ammat rupšu ina tarṣi nāmari Bit-Kidmuri ša šar ālik mahar ab ana rimīt bēlūssu epēssu lā ikkilū šipir,The former palace which was 360 cubits long 80 cubits wide opposite the zamû wall of the ziggurrat 134 cubits wide opposite the tower of the temple of the goddess Ištar v 75 and 95 cubits wide opposite the tower of the Bīt-Kidmuri which earlier kings my ancestors had had constructed for their lordly dwelling but whose construction they had carried out inexpertly,https://oracc.museum.upenn.edu/riao/Q003490?lang=en
v 79,immer šad lamassāt ša pēli peṣât ina Tastiate ša ebertān Diglat abtuq ana mukīl bāb ana epēssu eleppa qerbeša qišāti  iṣ rabâ aqārimma ina naphar māssu ina Ayyaru ūm adānka edê pān šanat ina eleppa ṣīrāte ana ahannâ ebēr marṣiš ina nēber kār magulê uṭebbû bahūlāte ātanah lilammina karassin ina danān u šupšuq marṣiš attabbal aṣabbata bāb,They quarried mountain sheep colossi of white limestone in the city Tastiate which is across the Tigris River to be their the palatial halls’ gatekeepers vi 1 Throughout their entire land they depleted forests of large trees to have boats built In the month Ayyāru II the time of spring floods they brought the colossi across to this side of the river with difficulty in magnificent boats vi 5 They sank large boats at the quay dock and then made their crews struggle and strain With might and main they struggled to transport the colossi and install them in their gates,https://oracc.museum.upenn.edu/riao/Q003490?lang=en
vi 11,Tebilti agê šitmurti ša ištu ūm rūqāti ṭēh ēkal ibʾa ina mīlêša gapšāte ina uššē abbu bašê irūmma temmēn,The Tebilti River a tempestuous flood of water which had flowed from distant days by the side of the palace and which had caused erosion in its foundation when its flood was in full spate vi 15 and had shaken its base,https://oracc.museum.upenn.edu/riao/Q003490?lang=en
vi 16,egalturrâ šâtu ana sihir anaqqar ša Tebilti mālak išni abbu iṭīb ešēr,I tore down that small palace in its entirety then I changed the course of the Tebilti River repaired the effects of the erosion and directed its outflow,https://oracc.museum.upenn.edu/riao/Q003490?lang=en
vi 19b,mūṣâšu qerbeša katim asurrakkiša šaplāni qan elāniš aban šad dannāku ittešunu kupri aksâ <data> mē <data> ina ammat šiddi <data> mē <data> ina ammat pūssa qaqqar ištu qerbeša Husur elê nābališ atūra ṣēr mešihta tamlâ mahar lū arde ana <data> mē ina asli rabâ šiddi <data> mē <data> ina asli rabâ pūssa elīte iltāni <data> mē <data> ina asli rabâ pūssa qablīti mahirat zamê atman kutal Ištar <data> mē <data> ina asli rabâ pūssa qablīti šanê muhhurti šāri amurri kutal bīssu ziqqurrat bīssu Ištar <data> mē <data> ina asli rabâ pūssa šaplî šūti šiddi Diglat tamlâ imlâ ina <data> mē <data> tibik elê rāšūʾa,In the hidden depths of its subterranean waters I bonded together with bitumen reeds below and strong mountain stone above then I raised a plot of land that was 340 cubits long and 288 cubits wide out of the Ḫusur River and converted it to dry land vi 25 I added it to the dimensions of the former terrace I filled in a terrace of 700 large aslu cubits along its longer side 176 large aslu cubits along its upper northern shorter side 268 large aslu cubits along the inner shorter side which is opposite vi 30 the zamû wall of the shrine behind the temple of the goddess Ištar 443 large aslu cubits along the other parallel inner shorter side which is on the west behind the ziggurrat of the temple of the goddess Ištar and 386 large aslu cubits vi 35 along the lower southern shorter side which is beside the Tigris River I raised its superstructure 190 courses of brick high,https://oracc.museum.upenn.edu/riao/Q003490?lang=en
vi 39,alšu šipir ēkal ešēr u lipit qāssa išlimma ina ūm Aššur u Ištar ša pēli peṣât ina Balaṭaya aptâ pān immer šad lamassāt dannāku apsasāte u askuppāt rabâ ana šipir ēkal bēlūssu ina qerbeša abtuq,So that the construction of my palace might be carried out correctly and that my handiwork be completed at that time the god Aššur and the goddess Ištar rev]ealed to me the presence of white limestone in the city Balāṭāya vi 45 Therein I quarried mighty moun]tain sheep colossi sphi]nxes and large stone slabs for the construction of my lordly palace,https://oracc.museum.upenn.edu/riao/Q003490?lang=en
vi 49,labāriš ūm ina mīlêša kiššat temmēn tamlâ lā enēše pēli rabâ kisû ishur dunnina šupuk,In order to prevent the foundation of the terrace from being weakened over the passage of time b]y cresting flood(s I surro[und]ed its base with large limestone slabs and thereby reinforced its base,https://oracc.museum.upenn.edu/riao/Q003490?lang=en
vi 53,ēkal turminabandâ gišnugalli šinni pīri ušî taskarinni musukkannī erēnī šurmēni burāši u elammakku Egalzagdinutuku ana mūšab šarrūssa epēssu qerbeša,I had a palace of brec]cia alabaster elephant ivory ebony boxwood musukkannu wood vi 55 cedar cypress juniper and e lammaku wood a palace that I named Egalzagdinutukua “The Palace Without a Rival” constructed thereon as my royal residence,https://oracc.museum.upenn.edu/riao/Q003490?lang=en
vi 58,gušūrī erēnī šurmēni ša erēssi ṭāba binût Hamana tarbīt Sirara šad ella atruṣma el dalāt erēnī šurmēni burāši ṣīrāte meser kasap ebba erâ namrāti arkus arti bāb sikkāt karri kasap u erâ qerbeša alme ina agurrī ṣurri uqnê ussim sellu nēbehī u gimir pasqīšin,I roofed them the palatial halls with beams of cedar and cypress whose scent is sweet product(s of Mount Amanus vi 60 and the yield of Mount Sirāra the holy mountains I fastened bands of shining silver and bright copper on magnificent doors of cedar cypress and juniper and I installed them in their gates vi 65 I decorated them the doors with silver and copper knobbed nails I adorned the arches friezes and all of the copings with baked bricks glazed in the color of obsidian and lapis lazuli,https://oracc.museum.upenn.edu/riao/Q003490?lang=en
vi 69,bīssu appāte tamšīl ēkal Hatti ša ina lišān māssu Amurre bīssu hilāni alsâ ana multaʾʾûte bēlūssu epēssu qerbeša,For my lordly pleasure I had a portico a replica of a Hittite palace vi 70 which is called bīt-ḫilā ni in the language of the land Amurru constructed inside them,https://oracc.museum.upenn.edu/riao/Q003490?lang=en
vi 74,<data> urmahhē erâ namrāti zīm dahrūti petâ birkāya šutātûte ša ina šipir Ninagal nakliš patqu malâ namrīr u <data> timmē šutāhāte pitiq siparrī šubbuʾu adi <data> timmē erēnī rabâ el piriggallē ikūn adappī kulūl bāb ēmid,Twelve striding lions of shining copper and fierce demeanor which were standing opposite one another which were skillfully cast through the craftsmanship of the god Ninagal and which were filled with radiance — upon those lion colossi I installed two identical columns that were cast from bronze vi 80 together with four large cedar columns and I positioned cross-beams upon them as a cornice for their gates,https://oracc.museum.upenn.edu/riao/Q003490?lang=en
vi 83,<data> apsasāte pitiq urudê namrāti zahalâ ebba attalbiš u <data> apsasāte gišnugalli <data> apsasāte pitiq ešmarâ <data> timmē ušî ṣīrāte ša ihzē pašalli u timmē erēnī šurmēni daprāni ihzēt ešmarâ  u siparrī ṣēr azziz ša ēkal bēlūssu ēmid hittāniša,I covered ten sphinxes of cast bright urudû copper with shining zaḫalû silver and over them over ten sphinxes of alabaster and over twelve sphinxes of cast metal I erected two magnificent ebony columns whose inlays are pašallu gold and columns of cedar cypress and daprānu juniper with eš marû silver and bronze inlays and I positioned the architraves of my lordly palatial halls on those columns,https://oracc.museum.upenn.edu/riao/Q003490?lang=en
vii 4,u <data> immer šad lamassāt pitiq urudê namrāti ša gattašin šurruhāku šuklulū minâta <data> immer šad lamassāt gišnugalli <data> šūš <data> immer šad lamassāt u apsasāte pēli peṣât sigar aṣê u nēreb asmeš aṣabbata,Moreover I made twelve mountain sheep colossi of cast bright urudû copper which are splendid in form and perfect in shape two mountain sheep colossi of alabaster and seventy-two mountain sheep colossi and sphinxes of white limestone suitable for holding the door bolt(s for leaving and entering,https://oracc.museum.upenn.edu/riao/Q003490?lang=en
vii 12,askuppāt turminabandâ gišnugalli u askuppāt pēli rabâ dadmē nakirēšu kišitte qāssa qerbeša ēsiha asurrûšin ishur ana tabrât alāk,I engrav]ed on slabs of br[ec]cia and alabaster and on large limestone slabs images of the enemy settlements that I had conquered I surro[unded their the palace rooms’ lower courses with them and made them an object of wonder,https://oracc.museum.upenn.edu/riao/Q003490?lang=en
vii 17,kirimahhi tamšīl Hamana ša gimir riqqī inba ṣippat iṣ tuklāt šad u Kaldi adi iṣ nāš šīpāti qerbeša hurrušu itâka azqup,I planted alongside it the palace a botanical garden a replica of Mount Amanus which has all kinds of aromatic plants and fruit trees trees that are the mainstay of the mountains and Chaldea together with cotton trees lit “trees bearing wool” collected inside it,https://oracc.museum.upenn.edu/riao/Q003490?lang=en
vii 22,Nina ša ištu ūm pān <data> līm <data> mē ina ammat šubāt libīt dūr u šalhî ul epēssu ālik mahar malik <data> līm <data> mē <data> ašar tamerāti libīt āl ṣēr mešihta mahar arde <data> līm <data> mē <data> ina asli rabâ ikūn,"Nineveh the site of whose circumference had been 9,300 cubits since former times and for which no earlier ruler had had an inner or outer wall built — I added 12,515 cubits in the plain around the city to its previous measurement and thus established its dimensions as 21,815 large cubits",https://oracc.museum.upenn.edu/riao/Q003490?lang=en
vii 29b,mindat ša dūr rabâ Badnigalbilukurašušu <data> dūr ša namrīr nakirēšu sahip ṣēr pēli temmēn addâ <data> libittašin ikbirū ina <data> mē <data> tibik elê rāšūʾa,"I laid the foundation of its great wall Badnigalbilukurašušu which means “Wall Whose Brilliance Overwhelms Enemies,” upon limestone and made it 40 bricks thick I raised its superstructure 180 courses of brick high",https://oracc.museum.upenn.edu/riao/Q003490?lang=en
vii 34,ana erbaʾi šāri <data> abul pān u arka ina ṣēlī kilallān ana erēb u aṣê aptâ qerbeša,I had fourteen gates opened up in it in four directions in front and behind and along both sides for entering and leaving,https://oracc.museum.upenn.edu/riao/Q003490?lang=en
vii 38,Šarur mušamqit ayyāb šar abul handūri ilabbbiru iššakku Aššur abul Aššur ša Libbi-ali sāpin gimir nakirēšu abul Sin-ahhe-eriba ša Halzi Enlil mukīn palâ abul Šamaš ša Gagal Ištar zānin akrubma abul Mullissu ša Kar-Mullissi mušēṣât šīr asakki abul mušlālu dumqēšu ašnan u lahar qerbeša kayyān abul Šibaniba bābil hiṣba hursānī abul Halahhi naphar <data> abul ṣīssun mahirat šūti u šad attasqara nibīssun,“The God Šarur Is the One Who Cuts Down the King’s Enemy” this is the Ḫandūru Gate vii 40 “May the Vice-Regent of the God Aššur Endure” this is the Aššur Gate which leads to the Inner City Aššur “The One Who Flattens All Enemies” this is the Sennacherib Gate which leads to the land Ḫalzi “The God Enlil Is the One Who Makes My Reign Firm” vii 45 this is the Šamaš Gate which leads to the land Gagal “O Ištar Bless the One Who Provides for You!” this is the Mullissu Gate which leads to the city Kār-Mullissi “The One Who Exorcises the ‘Flesh’ of the Asakku demon” this is the Step Gate “The Choicest of Grain and Flocks vii 50 Are Constantly Inside It” this is the gate that leads to the city Šiba[ni]ba “The Bearer of the Produce of the Mountains” this is the gate that leads to the land Ḫalaḫḫu In total eight gate[s facing the rising sun to]wards the south and east and I gave them these names,https://oracc.museum.upenn.edu/riao/Q003490?lang=en
vii 55,Adad šārik hegal ana māssu abul Adad ša ambassi Erra mušamqit ayyāb abul Nergal ša Tarbiṣi Amurriqanu mušammeh ṣippat abul kirâtešunu naphar <data> abul ša mahirat iltāni abbi siqiršin,“The God Adad Is the Provider of Prosperity to the Land” this is the Adad Gate which leads to the game preserve “The God Erra Is the One Who Cuts Down Enemies” this is the Nergal Gate which leads to the city Tarbiṣu “The God Igisigsig Is the One Who Makes Orchards Flourish” vii 60 this is the Gate of the Gardens In total three gates facing towards the nor[th and I gave them these names,https://oracc.museum.upenn.edu/riao/Q003490?lang=en
vii 63,Ea mušēšir kuppāni abul masqê mušērib miširti dadmē abul kār pāqid kalāma abul ēkal māšarte naphar <data> abul ša mahirat amurri attasqara šum,“The God Ea Is the One Who Properly Directs Water Flow into My Cisterns” this is the Mašqû Gate vii 65 “The One Who Brings in Income from the Settlements” this is the Quay Gate “The One Who Regulates Everything” this is the Armory Gate In total three gates facing towards the west and I gave them these names,https://oracc.museum.upenn.edu/riao/Q003490?lang=en
vii 70,ša šalhî Badnigerimhuluha mugallit zāmânī uššē aptâ <data> nindan išpiluma akšud mê nagab qerbeša māmē šaplāni aban šad dannāku aksâ elāniš adi pasqīšin ina pēli rabâ,"I opened up a foundation pit for the outer wall Badnigerimḫuluḫa which means “Terrorizer of Enemies,” then I dug down forty-five nindanu and made it reach the water table I bound together strong mountain stone in the water below and above I expertly carried out its construction with large limestone blocks up to its copings",https://oracc.museum.upenn.edu/riao/Q003490?lang=en
vii 76b,ikkilū šipir ša Nina āl bēlūssu šubāt arbâ rebâte lišamdil immerū kīma ūm dūr šalhî epēssu usaqqiršu hursāniš,I enlarged the site of Nineveh my capital city I broadened its squares making them as bright as day I had an inner and outer wall built and I raised them as high as mountain(s,https://oracc.museum.upenn.edu/riao/Q003490?lang=en
vii 81,alšu mūṣâšu Husur qerbeša āl mālak mê eliš u šapliš ina agurrī <data> mašî titūri abnâ šapal,So that there would be outflow from the Ḫusur River in the city and the passage of water upstream and downstream I built aqueducts beneath it the city wall with baked bricks,https://oracc.museum.upenn.edu/riao/Q003490?lang=en
vii 85,ina mahirat abul qabal āl ina agurrī pēli peṣât ana mēteq narkabat bēlūssu,I had a bridge constructed opposite the Citadel Gate with paving stones of white limestone for the passage of my lordly chariot,https://oracc.museum.upenn.edu/riao/Q003490?lang=en
viii 3b,epēssu titūri itâka āl <data> kirimahhi <data> kirâtešunu ambassi kullat riqqī Hatti muthummē mātitān iṣ tuklāt šad u Kaldi uharriša qerbeša elāni āl ṣēr šabburti karān gimir inba u serdi azqup ṣēr,Beside the city in a botanical garden one pānu in size and a garden one pānu in size for a game preserve viii 5 I gathered every type of aromatic tree of the land Ḫatti fruit trees of all lands and trees that are the mainstay of the mountains and Chaldea Upstream of the city on newly tilled so[il viii 10 I planted vines every type of fruit tree and olive tre[es,https://oracc.museum.upenn.edu/riao/Q003490?lang=en
viii 12,alšu lirappiš ṣippat eqel tamerāti elāni āl <data> ana mār Nina pilku upallikma adgul pān ana miṭrāte išmuhā ištu patti Kisiri adi tamerāti Nina šad u bērūtī ina akkulāte parzilla ušattirma ešēr harrāti <data> <data> bēr qaqqar ištu qerbeša Husur māmē dārê ašar arde qerbeša ṣippat šâtina lišahbiba pattiš,For the expansion of orchards I subdivided the meadowland upstream of the city into plots of two pānu each for the citizens of Nineveh and I handed them over viii 15 to them To make those planted areas luxuriant I cut with iron picks a canal straight through mountain and valley from the border of the city Kisiri to the plain of Nineveh viii 20 I caused an inexhaustible supply of water to flow there for a distance of one and a half leagues from the Ḫusur River and made it gush through feeder canals into those gardens,https://oracc.museum.upenn.edu/riao/Q003490?lang=en
viii 24,ina qarbāte Nina ṣīrāte <data> mē zēr māmē amkir ṣēr <data> <data> <data> <data> u šerʾī šaqîš ihnuba Nisaba u ašnan,I provided irrigation for 500 seeded field[s in the high fields of Nineveh with that water and thereby I made grain and cereals grow high and luxuriantly on and in furrows,https://oracc.museum.upenn.edu/riao/Q003490?lang=en
viii 29,ana ipšah alaktašu mê ša kirâtešunu agammē bašê ṣuṣê ušastil igirê šah qan alap qīši ina libba mušširannâti ina ṭēm il qerbeša kirâtešunu ṣēr šabburti karān gimir inba serdi u riqqī magal išmuhā šurmēni musukkannī naphar iṣ išēhu liṣarriša papalli appārāte magal ešēr iṣṣūr šamê igirê ša ašar rūqāti qinna iqnunma šah qan alap qīši lirappiš tālitti,I created a m]arsh to moderate the flow of water for those gardens and had a canebrake planted in it I let loose in it herons wild boars lit “pigs of the reeds” and roe deer By divine will viii 35 vines all kinds of fruit trees olive trees and aromatic trees flourished greatly in those gardens planted on newly tilled soil Cypress trees musukkannu trees and all kinds of trees grew tall and sent out shoots viii 40 The marshes thrived gre[atly Birds of the heavens heron(s whose home(s are far away made nest(s and wild boars and roe de er ga[ve birth in abundance,https://oracc.museum.upenn.edu/riao/Q003490?lang=en
viii 45,musukkannī šurmēni tarbīt ṣippat qan appārāte ša qerbeša agammē akšiṭ ana šipir hišehti ēkal bēlūssu lū epēssu iṣ nāš šīpāti baqāme amdahiṣ ṣubātiš,I cut down musukkannu trees and cypr]ess trees grown in the orchards and marsh reed]s from the swam[ps and I used them in the work required to build my lordly palatial halls viii 50 They picked cot]ton lit “[trees bearing wool” and wove it into clot]hing,https://oracc.museum.upenn.edu/riao/Q003490?lang=en
viii 52,ištu šipir ēkal iqtâ Aššur bēl rabâ il u ištar āšib māssu Aššur ina qerbeša aqre nīq tašrihte aqqâ šutlimšu kadrâ šaman serdi u hibišti ša kirâtešunu ṣēr šabburti uraqqâ ana rūšte ina tašrīt ēkal ša bahūlāte māssu ašqi muhha karān duššupat ṣurra amkir,After I had finished the work on my palace I invited inside it the god Aššur the great lord and the gods and goddesses living in Assyria viii 55 then I made splendid offerings and presented my gift(s I made fine oil from olives and ar]omatics from the orchards planted on newly tilled soil viii 60 At the inauguration of the pa[lace I had the heads of the subjects of my land drenched and I watered their insides with sweet wine,https://oracc.museum.upenn.edu/riao/Q003490?lang=en
viii 64,ana arkâssu ūm ina šar mār ša Aššur ana rēʾûssina māssu u nišī abbi siqiršin enūma dūr šâtu ilabbbiru ātanah anhūssa ēteneddišu mušarâ šiṭir šum amār šaman apšuš nīq aqqâ ana ašar atūra Aššur u Ištar ikrib ašmâ,In the future may one of the kings my descendants whom the god Aššur names for shepherding the land and people renovate its dilapidated section(s when that wall becomes old and dilapidated May he find an inscribed object bearing my name viii 70 anoint it with oil make an offering and return it to its place The god Aššur and the goddess Ištar will then hear his prayers,https://oracc.museum.upenn.edu/riao/Q003490?lang=en
viii 74A,Abu <data> līmi Aššur-belu-uṣur māssu Šahuppa,Abu V the third day eponymy of Aššur-bēlu-uṣur governor of the city Šaḫuppa 695,https://oracc.museum.upenn.edu/riao/Q003490?lang=en
viii 74B,Arahsamna <data> <data> līmi Šulmu-beli māssu Talmusa,Araḫsamna VIII the th day eponymy of Šulmu-[bēli governor of the city Talmu[su 696,https://oracc.museum.upenn.edu/riao/Q003490?lang=en
