﻿line,akkadian,english,source
2',<data> palâ haṭṭašu kussâšu šarrūssa <data> <data> <data> <data> <data> <data> <data> <data> <data> <data>,to change/remove his reign scepter and his royal thr[one,https://oracc.museum.upenn.edu/riao/Q006572?lang=en
3',<data> kišād marrat <data> <data> <data> <data> <data> lā īšâ <data> ,s]hore of the sea did not have,https://oracc.museum.upenn.edu/riao/Q006572?lang=en
4',<data> <data> ana idāka atūra <data> atkal <data> ,… he made hi]m side with him he put his trust,https://oracc.museum.upenn.edu/riao/Q006572?lang=en
5',<data> <data> mūt hitlup irassun <data> ,their clothed in death and the breast,https://oracc.museum.upenn.edu/riao/Q006572?lang=en
6',<data> <data> gimir Kaldaya lemnēte <data> <data> ,all the evil Chaldeans,https://oracc.museum.upenn.edu/riao/Q006572?lang=en
7',<data> <data> lirappiš <data> ,he extended,https://oracc.museum.upenn.edu/riao/Q006572?lang=en
8',<data> halṣānišu dunnina marṣiš <data> <data> ,he strengthened his fortress]es He had with great difficulty,https://oracc.museum.upenn.edu/riao/Q006572?lang=en
9',<data> ša <data> lemniš abēl bēlūssu māssu u nišī <data> ,who … ruled evil]ly and the lordship of the land and p[eople,https://oracc.museum.upenn.edu/riao/Q006572?lang=en
10',<data> gerra šupšuqāma <data> <data> ,the roads are very difficult and,https://oracc.museum.upenn.edu/riao/Q006572?lang=en
11',<data> <data> mê arti <data> <data> <data> ,he fixed its foundations in the dep]th of the water,https://oracc.museum.upenn.edu/riao/Q006572?lang=en
12',<data> kīma šupuk šad dannāku <data> ,as the base of a mighty mountain,https://oracc.museum.upenn.edu/riao/Q006572?lang=en
13',<data> <data> <data> ummān <data> <data> ,soldiers,https://oracc.museum.upenn.edu/riao/Q006572?lang=en
