﻿line,akkadian,english,source
1,ina ūm kummē <data> <data> ēkal Baltil šubāt šar ab ša ištu ūm ṣât ša Tukulti-apil-Ešarra mār Aššur-reša-iši šar māssu Aššur ātanah Aššur-naṣir-apli šar māssu Aššur mār Tukulti-Ninurta šar māssu Aššur anhūssa ēteneddišu kummē šâtu ana <data> <data> <data> <data> <data> <data> ul nukkulat epissun kiṣṣi šâtu anaqqar,At that time the private room of the palace of Baltil Aššur the seat of the kings my ancestors from distant days of Tiglath-pileser I son of Aššur-rēša-iši I king of Assyria became dilapidated Ashurnasirpal II king of Assyria son of Tukultī-Ninurta II king of Assyria renovated its dilapidated section(s That private room and its construction was inexpert and thus I tore down that cella,https://oracc.museum.upenn.edu/riao/Q003969?lang=en
7,kummē rabâ ana šubāt bēlūssu eššiš epēssu ina šipir šitimgalla enqu ištu uššē adi naburrēšu arṣip šuklul gušūrī erēnī ṣīrāte tarbīt Hamana atruṣma tarāni dalāt liāri šutāhāte arkus,I had a large private room constructed anew to be my lordly seat and through the craft of well-trained master builders I built and completed it from its foundations to its battlements I roofed it with magnificent beams of cedar grown on Mount Amanus I fastened metal bands on facing doors of white cedar and I installed them in its gate,https://oracc.museum.upenn.edu/riao/Q003969?lang=en
12b,arti bāb Aššur bēl rabâ il u ištar āšib Baltil ina qerbeša aqre rīmē bitrê šuʾē marê nīq tašrihte,I invited inside it the god Aššur the great lord and the gods and god desses living in Baltil Aššur and then I made splend[id offerings before them of enormous wild bul ls and fattened sheep,https://oracc.museum.upenn.edu/riao/Q003969?lang=en
15b,mahar aqqâ ina qibētī ṣīrāte ša Aššur bēl rabâ ab il mušīm šīmāt qerbeša ēkal <data> <data> <data> littūti alāk ša lā <data> <data> <data> išabbû buʾārī,By the exalted command of the god Aš šur the great lord the father of the gods the one who decrees fates inside the palace may I attain ol d age which without and be sated with happi ness,https://oracc.museum.upenn.edu/riao/Q003969?lang=en
