﻿line,akkadian,english,source
1,srgn šakin Enlil nêšak baʾʾīt Aššur nišīt ēna Anim u Dagan šar rabâ šar dannāku šar kiššat šar māssu Aššur šar kibrāt arbaʾi ,Sargon II appointee of the god Enlil nešakku-priest and desired object of the god Aššur chosen of the gods Anu and Dagān great king strong king king of the world king of Assyria king of the four quarters of the world favorite of the great gods,https://oracc.museum.upenn.edu/riao/Q006482?lang=en
2b,migir il rabâ rēʾi kēni ša Aššur Marduk šarrūssa lā išnunūšuma šutlimšu siqiršin šum aṣê ana rāšūʾa ,just shepherd one to whom the gods Aššur and Marduk granted a reign without eq]ual and whose reputation these gods exalt/exalted to the heights,https://oracc.museum.upenn.edu/riao/Q006482?lang=en
3,šākin šubarrâšun Sippar Nippur Babili hātin enši mušallim hibiltašina akṣur kidinnūssun Baltil baṭalu mušaššik tupšikki Deri mušapšihu nišī lēʾî kal malik ša el Harran andullaša atruṣma kī ṣāb,who re)-established the šubarrû-privileges of the cities Sippar Nippur and Babylon protects the weak among them lit “their weak ones” and made restitution for the wrongful damage suffered by them who re)-established the privileged status of the city Baltil Aššur that had lapsed who abolished corvée duty for the city Dēr and gave relief to their people most capable of all rulers who extended his prote]ction over the city Ḫarrān and recorded its exemption from obligations as if its people were people of the gods Anu and Dagān,https://oracc.museum.upenn.edu/riao/Q006482?lang=en
5b,Anim u Dagan alṭur zakûssunu zikar dannāku halip namurrat ša ana amqutma nakirēšu šutbû kak šar ša ištu ūm bēlūssu malik gabarâšu lā bašê ina qabal u tāhāz lā amār munehha māssu kal kīma haṣbatti udaqqaqu hammāʾē ša arbaʾi addâ ṣerrat hursānī bērūte ša nēreb ašṭu lā mīna aptâ amār durugšu,the strong man who is clad in awesome splendor and whose weapons are raised to strike down his enemies the king who since the first day of his reign has had no ruler who could equal him and has me]t no one who could overpo[wer him in war or battle who smashed all enemy lands as if they were pots and put halters on all rebels in the four quarters of the world who opened up in[numerable distant mountainous areas who]se pa]ss(es are difficult and visited their remotest region(s who traversed inaccessible difficult paths in terrifying location(s and crossed eve[ry swamp,https://oracc.museum.upenn.edu/riao/Q006482?lang=en
8b,ṭūdāt lā ʾāri pašqat ša ašar šugluddi ētattiqāāma ebēr nagab berâti ištu Raše miṣir Elamte Puqudaya Damuni Dur-Galzi Rapiqi sihir Kaldi adi nēbārte <data> <data> <data> ištu Hašmar adi Ṣibar patti Madaya rūqāti ša ṣīssun šamaš Namri Ellipi Bit-Hamban Parsua Mannaya Urarṭa Kasku Tabal adi Muski akšud rabâ qāssa šūt rāšūʾa,who ruled from the land Rāši on the border of the land Elam the Puqudu and Damūnu tribes the cities Dūr-Kurigalzu and Rapi]qu all of Chaldea as far as the other side of the sea who)se great hand con[quered from the land Ḫašmar to the city Ṣibar — which borders on the distant Medes in the east — the lands Namri Ellipi Bīt-Ḫamban Parsua(š Mannea Urarṭu Kask]u and Tabal as far as the land Musku who set eunuchs of his as governors over them and imposed upon them the same tribute and payment(s as if they were Ass]yrians —,https://oracc.museum.upenn.edu/riao/Q006482?lang=en
12b,šakin el altakan bilassun maddatta kī ša Aššur ēmid ina rāšūʾa šarrūssa ša ina kussâšu šarrūssa ašāb agâšu bēlūssu annapruma <data> Samerinaya <data> <data> mušakšid ernitti ittešunu amdahiṣ <data> <data> līm <data> mē <data> <data> nišī āšib libba ašallal <data> narkabat kiṣir šarrūssa ina libba akṣur <data> <data> <data> <data> <data> <data> Samerina atūra el ša pān ēmâ nišī māssu kišitte qāssa ina libba erēb šūt rāšūʾa,"At the be[ginning of my reign having ascended the royal throne and been crowned with the crown of lordship as for the peo]ple of the city Samar]ia who had come to an agreement with a king hostile to me not to do obeisance to me or to bring tribute to me and who had offered battle with the might of the god Aššur my lord who ma]kes me triumph I fought them and brought about their defeat I carried off as booty 27,280/27,290 people who lived there I conscripted 50 chariot(s from among them into my royal military contingent and re)settled the remainder of them in Assyria I res]tored the city Samaria and made it greater than before I brought there people from the lands that I had conquer[ed I set a eunuch of mine as provincial governor over them and imposed upon them the same tribute and payment(s as if they were Assyrians",https://oracc.museum.upenn.edu/riao/Q006482?lang=en
17b,bēl el altakan bilassun maddatta kī ša Aššur ēmid kār Muṣri kakku aptâ ,I opened up a sealed-off ha[rbor district of Egypt mingled together the people of Assyria and Egypt and allowed them to engage in trade,https://oracc.museum.upenn.edu/riao/Q006482?lang=en
18b,nišī māssu Aššur u Muṣri ittešunu ahāmeš ablul epēssu mahīri ina mahar palâ <data> <data> hīṭātišu ahṭima agrûšu ana qabal ana <data> <data>,I[n my first regnal year Ḫumbanigaš Ḫumban-nikaš I the Elamite committed a crime and became hostile to me wanting to do battle I brought about his def]eat on the outskirts of Dēr,https://oracc.museum.upenn.edu/riao/Q006482?lang=en
20b,<data> altakan dabdâšu Tuʾmuna nīr Aššur aṣlima nasīkāte ipīdūma ītarrê mahar šar Kaldi ša kī lā libba il šarrūssa Babili epēssu <data> <data> nišī adi maršīssunu assuh <data>,The Tuʾmūna tribe threw off the yoke of the god Aššur arrested their sheikh and brought him before the king of Chalde]a who exercised the kingship over Babylon against the will of the gods I deported 7 people together with their property and I re)settled them in the land Ḫ]atti Syria,https://oracc.museum.upenn.edu/riao/Q006482?lang=en
23b,<data> ina Hatti ašāb ina šanê palâ Ilu-biʾdi Amataya <data> <data> rapašti ina Qarqar ipahhurū māmīt il rabâ <data> <data> Arpadda Ṣimirra Dimašqa Samerina ittešunu attabalkat <data> <data>,In my second regnal year Ilu-b[iʾdī of the land Hamath assembled the troops of the wide land Amurru in the city Qarqar and transgressed against the oath sworn by the great gods he inc[ited the cities Arpad Ṣimirra Damascus and Samaria to rebel against me and,https://oracc.museum.upenn.edu/riao/Q006482?lang=en
53,<data> altakan Reʾe tartannu ana kitaršu addin ana epēssu qabal u tāhāz ana irassun itbâ ina siqiršin Aššur bēl dabdâšu amdahiṣ Reʾe kī rēʾi ša ṣēnašu habta ēdānuššu ipparaššidu elê Hanunu ina qāssa aṣabbata kamûssu ana āl Aššur ītarrê Rapihi anappal anaqqar ina išāti ašrup <data> līm <data> nišī adi makkūr maʾdê ašallal,"he/I est]ablished he gave him Rēʾe his field marshal to he[l]p him and he rose up against me to do war and battle At the command of the god Aššur my lord I inflicted a defeat on them R]ēʾe then fled off by himself like a shepherd whose flock had been stolen and got away I captured Ḫ]anūnu Ḫanno and brought him in bondage to my city Aššur I then destroyed demolished and burned down with fire the city Rap]ḫia I carried off as booty 9,033 people together with their numerous possessions",https://oracc.museum.upenn.edu/riao/Q006482?lang=en
58,ina šalši palâ Šuandahul Durdukka āl dannāku ittešunu Iransu Mannaya šar bēl šādid nīr šitnuntu adabbuba ana Metatti Zikirtaya atkal Metatti Zikirtaya ṣāb tidūkima adi pēthal addin altakan rēṣūssu ummān Aššur gapšāte adakkekama ana akšud āl šuātunu alāk ina ašibi dannāku dūr dunnunātma uparrir qaqqariš amna nišī adi maršīssunu ašallal āl šuātunu anappal anaqqar ina išāti ašrup,In my third regnal year the people of the cities Šuandaḫul and Durdukka fortified cities plotted resistance against Iranzi the Man]nean the king their lord one who pulls my yoke and put their trust i]n Mitatti of the land Zikirtu Mitatti of the land Zikirtu gave them his combat troops together with their cavalry and thus aid was provided to them I mustered the numerous troops of the god Aššur and marched forth to conquer those cit]ies I shatter]ed their very strong walls with a mighty battering ram leveling them to the ground I carried off as booty the peo]ple together with their property I de]stroyed demolished and burned down th]os[e cities with fire,https://oracc.museum.upenn.edu/riao/Q006482?lang=en
66,Sukkaya Balaya Abitiknaya milik lemnāti ša assuh šuršē māssu amtallikma ana Rusa Uarraṭaya addin pâ ina hīṭātišu ahṭima ištu ašar assuh ina Hatti ša māssu Amurre,The peo]ple of the cities S[ukkia Bāla and Abitikna conceived lit “deliberated” an e]vil plan that was to eradica[te lit “to tear out the ro[ot of]” their own land and g]ave their word to Ursâ Rusâ the Ura]rṭian to do obeisance to him Because of the crime that they had committed I deported them from their own places and re)settled them i]n the land Ḫatti Syria and lit “of” the land Amurru,https://oracc.museum.upenn.edu/riao/Q006482?lang=en
68b,ašāb ina rebê palâ Kiakki Šinuhtaya adê il rabâ amēsma ana lā aššânni bilassun aršâ nīd ah ana il bēl qāssa aššânni Šinuhti āl šarrūssa imbariš ashup šâšu adi mundahṣē <data> līm <data> mē <data> nišī alti mār mārassu u nišī ēkal adi būšašu maʾdê ana šallassin amna Šinuhti āl šarrūssa ana Kurti Atunaya addin sisê parê hurāṣ kasap el ša pān šūturi el altakan,"In my fourth regnal year Kiakki of the city Šinuḫtu disregarded the treaty sworn by the great gods and became di]latory about delivering his tribute I raised my hand(s in supplication to the gods my lords overwhelmed his royal city Šinuḫtu like a fog and counted him as booty together with his fight[ing men 7,350 people his wife his sons his daughters and the people of his palace together with abundant property of his I gave his royal city Šinuḫtu to Kurtî of the land Atuna Then I made larger than before the number/amount of horses mules gold and silver that he had to pay as tribute and I imposed this upon him",https://oracc.museum.upenn.edu/riao/Q006482?lang=en
72,ina hamši palâ Pisiri Gargamišaya ina adê il rabâ ahṭima ana Mita šar Muski zērāte māssu Aššur ašpur ana Aššur bēl qāssa aššânni šâšu adi qinna kamûssu aṣê hurāṣ kasap ittešunu būšašu ēkal u Gargamišaya bēl hīṭātišu ša ittešunu ittešunu makkūr ašallal ina qerbeša māssu Aššur ītarrê <data> narkabat <data> mē pēthal <data> līm zūk šēp ina libba akṣur ina muhha kiṣir šarrūssa arde,"In my fifth regnal year Pisīri(s the city Carchemish sinned against the treaty sworn by the great gods and repeatedly sent messages hostile to Assyria to Mitâ Midas k]ing of the land Musku I raised my hand(s in supplication to the god Aššur my lord and brought him together with his family out in bondage I then carried off as booty gold and silver along with the property of his palace and the guilty people of the city Carchemish who had sided with him along with their possessions 75 I brought them to Assyria I conscripted 50 chariots 200 cavalry and 3,000 foot soldiers from among them and added them to my royal military contingent I settled people of Assyria in the city Carchemish and imposed the yoke of the god Aššur my lord upon them",https://oracc.museum.upenn.edu/riao/Q006482?lang=en
76b,nišī māssu Aššur ina qerbeša Galgameš ašāb nīr Aššur bēl ēmid Pappaya Lalluknaya kalbi tarbīt ēkal ana Kakme adabbuba nabādiš ištu ašar assuh,The people of the cities Pāpa and Lalluknu dogs who had been brought up in my palace conspired with the land Kakmê for the purpose of sep]arating from Assyria I deported them from their own places and re)settled them i]n the city D]a[m]ascus o[f the lan]d A[murru,https://oracc.museum.upenn.edu/riao/Q006482?lang=en
78b,ana qerbeša Dimašqa ša māssu Amurre ašāb ina šadissu palâ Rusa Uarraṭaya ana Bag-datti Uišdaya KAR-x <data> <data> <data> <data> Zikirtaya māssu Mannaya rakbâšu ša dababti sarrāti ašpur ittešunu srgn ittešunu Aza mār bēl ikkirā ana idāka atūra ina Uauš šad marṣāti suhhurtašu Mannaya altakan pagar Aza bēl addâ ana Aššur bēl ana atūra gimil Mannaya ana miṣir māssu Aššur atūra qāssa aššânni ina Uauš šad ašar pagar Aza addâ,In my sixth regnal year Ur]sâ Rusâ the Ura]rṭian sent his mounted messenger with a mendacious message to Bag-dāti of the land Uišdiš and KAR of the land Z]ikirtu governor]s of the land Mann]e[a He made them hostile t[o me Sargon and to Azâ the son of their former lord and made them s[ide with him Rusâ They brought about the rout of the Manneans on Mount Uau[š a rug[ge]d mountain and threw down the cor[pse of Azâ their lord there I raised my hand(s in supplication to the god Ašš[ur my lord in order to ave]nge the Manneans and to make that area part of the territory of Assyria Then on Mount Uauš the mountain wh[ere they had thrown down the corpse of Azâ I flayed the skin from Bag-dāti and then showed it to the Manneans,https://oracc.museum.upenn.edu/riao/Q006482?lang=en
83b,mašak Bag-datti akūṣ Mannaya abrema Ullusuni ahašu ša ina kussâšu šarrūssa ašāb šibsāt Aššur el ana Rusa Uarraṭaya atkal Aššur-leʾi Karallaya Itti,As for Ullusunu his brother who had sat on the royal throne the wrath of the god Aššur was directed against him He Ullusunu then put his trust in Rusâ the Urarṭian He caused Aššur-lēʾi of the land Karalla and Ittî 85 of the land Allabria to rebel against me and per[suaded lit “spoke to” the]m to do obeisance to the land Urarṭu,https://oracc.museum.upenn.edu/riao/Q006482?lang=en
85b,Allabraya ittešunu attabalkat ardūssu Urarṭa epēssu attasqara ina šuhuṭ libba māssu šâtina kīma tebût aribî aktum Izirte āl šarrūssa ša Mannaya huhāriš ashup dīktaša maʾassi addūk Izirte ina išāti ašrup Izibia Armaet akšud Ullusuni Mannaya adi kullat māssu kī ištât ipahhurū šēp aṣabbata aršâ rēma ša Ullusuni hīṭātišu ābuk ina kussâšu šarrūssa ašāb maddatta amdahhar Itti Allabraya adi qinna assuh ša Aššur-leʾi Karallaya mašak akūṣ <data> <data> <data> <data> <data> <data> GanuGIŠ <data> <data> <data> <data> <data> āl ša Niksamma nagê akšud Šep-šarri āl ša Šurgadia ina qāssa aṣabbata āl šuātunu el pāhāt Parsua arde Bel-šarru-uṣur Kišesaya qāssa akšud šâšu adi būšašu ēkal ana māssu Aššur ītarrê šūt rāšūʾa bēl el āl altakan il ālik mahar ina qerbeša ašāb Kar-Nergal šum abbi ṣalam šarrūssa ina libba azziz Bit-Sagabi Bit-Hirmami Bit-Uargi Halhubarra,Furiously I enveloped those lands like a swa]rm of locusts and overwhelmed the city Izirtu the royal city of the land Man>nea as with a bird trap I inflicted a major defeat on them I burned down the city Izirtu with fire and conquered the city Zibia and the city Armaet As a result Ullusunu the Mannean together with his whole land gathered together and gras]ped hold of m[y feet I then h[ad pity on the]m and pardoned lit “overturned” U]llusunu’s crimes I had him sit again on his royal throne and rece]ived tribute from him I deported Ittî of the land Allabria 90 together with his family flayed the skin from Aššur-lēʾi of the land Karalla and the city GanuGIŠ I c[onquered in total six cities of the district Niksamm]a I s[eized Šēp-šarri the ci[ty ruler of the city Šurgadia and add]ed those citie]s to the province of P[arsua]š I personally cap[tur]ed Bēl-šarru-uṣur of the city Kiše[sim and brought him together with the property of his palace to Assyria I set a eunuch of mine as provincial governor over his city I installed the gods who go before me inside it the city Kišesim and re)named it the city Kišesim Kār-Ner<gal I erected a royal image of myself there I conquered the lands Bīt-Sagbat Bīt-Ḫirmami and Bīt-Umargi and the cities Ḫarḫubarban Kilambāti and Armangu and I added them to its province,https://oracc.museum.upenn.edu/riao/Q006482?lang=en
96b,Kilambate Armangu akšud el pāhāt arde Harharaya Kibaba āl ardussu ana Dalta Ellibaya ašpur epēssu ardūssu āl šatti akšud šallassin ašallal nišī māssu kišitte qāssa ina libba erēb šūt rāšūʾa bēl el altakan Narti elīte ša Aranzešu Nartu šaplî ša Bit-Ramatiya Uriqatu Sikris Šaparda Uriakki <data> nagê akšud el arde kak Aššur bēl ana ilūssa altakan Kar-Šarrukin šum abbi ša <data> āl ša Madaya dannāku maddatta amdahhar ṣalam šarrūssa ina Kar-Šarrukin azziz,The people of the city Ḫarḫar drove out Kibaba their city ruler and sent to Daltâ of the land Ellipi to do obeisance to him I conquered that city and plundered it I brought there people from the lands that I had conquered and set a eunuch of mi[ne as provincial governor over them I conquered the upper river(land of the land Aranzêšu the lower river(land of Bīt-Ramatua the land Uriqatu the land Sikris the land Šaparda and the land Uriakku a total of six districts and added them to them the people of the city Ḫarḫar I estab[lished the weapon of the god Aššur my lord to be their divinity I re)named it the city Ḫarḫar Kār-Šarrukīn I received tribute from twenty-eight city lords of the powerful Medes and erected a royal image of myself in the city Kār-Šarrukīn,https://oracc.museum.upenn.edu/riao/Q006482?lang=en
101,ina sebê palâ Rusa Uarraṭaya ittešunu Ullusuni Mannaya sarrāti adabbuba <data> birāte ekēm amât tašgerti ṭapilti Ullusuni ana Dayukka māssu Mannaya adabbuba mār ana līṭī amdahhar ana Aššur šar il qāssa aššânni <data> birāte šâtina alme akšud ana miṣir māssu Aššur atūra Dayukka adi kimtašunu assuh,In my seventh regnal year Rusâ the Urarṭian spoke deceitfully with Ullusunu the Mannean and took away from him twenty-two of his fortresses He spoke treacherous words libels against Ullusunu to Dayukku a governor of the land Mannea and received his son as a hostage I raised my hand(s in supplication to the god Aššur the king of the gods and then surrounded and conquered those twenty-two fortresses I ma]de them part of the territory of Ass]yria I depor[ted Dayukku together with his family and brought order to the disturbed land Mannea,https://oracc.museum.upenn.edu/riao/Q006482?lang=en
104b,Mannaya dalhāku tuqquni maddatta ša Ianzu šar Naʾiri ina Hubuškia āl amdahhar <data> birāte <data> ša <data> nagê ša Rusa Uarraṭaya adi maršīssunu <data> <data> <data> <data> <data> <data> <data> <data> <data> alap ṣēnašu ašallal <data> birāte adi āl ša libīt ša Tuayadi nagê ša Telusina Andiaya akšud <data> līm <data> mē nišī adi maršīssunu ašallal birāte šâtina anappal anaqqar ina išāti ašrup ṣalam šarrūssa epēssu lētu Aššur bēl el alṭur ina Izirte āl šarrūssa,"I received tribute from Ia[nz]û k[ing of the land Naʾi]ri in his city Ḫ]ubuškia 105 I conquered nine fo[rtresses I carried off as booty the people of five di]stricts of U]rsâ Rusâ the U[rarṭian together with their property their oxen and their sheep and goats I conquered eight for]tresses together with the settlements in the[ir enviro]ns that belonged to the land Tuāy[adi a district belonging to T]elusina of the land Andia I carried off as booty 4],2[00 peo[ple together with their property I des]troyed demolished and burned down with fire tho[se for[tress]es I made a royal im]age of myself and wrote upon it the victor(ies of the god Aššur m]y lo[rd I then erected it in the city Izirtu the royal city o]f the land Mannea",https://oracc.museum.upenn.edu/riao/Q006482?lang=en
109b,ša Mannaya azziz nišī Narti elīte u šaplî ša ina gerra mahar ittešunu nišī Harhar amna Bit-Sangibute Uriqatu Sikris Šaparda Upparia ana idāka atūra attabalkat ittešunu <data> nagê šatti ina kak amqutma šallassin ašallal Ka-x-na Kinzarbara Halbuknu <data> Šu-x <data> <data> <data> <data> <data> <data> Anzaria ša Narti elīte šaplî akšud <data> līm zīm pān qurādēšu <data> līm <data> mē <data> nišī adi maršīssunu ina ušmannātešunu amdahhar Kišešlu Qantayu Anzaria Bit-Bagaya ša akšud,"The people of the upper and lower river(lands whom in my previous campaign I had considered as people of the city Ḫarḫar made the lands Bīt-Sangib[uti Ur[iqatu Si]kris Šaparda and Upparia side with them and then revolted against m[e I struck down that dis[trict wi]th the sword and plundered them I conquered the cities Ka...na Kinzarbara Ḫalbuknu Š[u and Anzaria of the upper and lower river(lands and received in my military camp 4,000 fa[ce-(guards of their warriors as trophies and 4,820 peo]ple together with their property I re]built the cities Kišešlu Qindāu Anzaria and Bīt-Gabāya that I had conquered I then re)[na]med them Kār-Nabû Kār-Sîn Kār-Adad and Kār-Išt[ar",https://oracc.museum.upenn.edu/riao/Q006482?lang=en
114b,ana eššūte epēssu Kar-Nabu Kar-Sin Kar-Adad Kar-Ištar šum abbi ana iknuša Madaya libīt Kar-Šarrukin dunnina rikis ša <data> āl ša Madaya dannāku maddatta amdahhar <data> <data> <data> <data> <data> <data> <data> <data> <data> <data> <data> <data> Kimirra ša Bit-Hamban akšud <data> līm <data> mē <data> nišī adi maršīssunu ašallal,"In order to subjugate Media in the environs of the city Kār-Šarruk]īn I reinforced their the people of the riverlands de]fenses lit “[st]uctures” I received tribute from twenty-two city rulers of the powerful Med[e]s I conquered the ci]ty Kimirra of the land Bīt-Ḫamban I carried off as booty 1,530/1,630 people together with their property an[d",https://oracc.museum.upenn.edu/riao/Q006482?lang=en
117b,<data> ana akšud Yamanaya ša šubāt ina qabal tâmāti nadâ ša ištu ūm rūqāti nišī Ṣurri Que addūk <data> <data> <data> alāk <data> <data> <data> ina eleppa <data> <data> ana tâmāti arād ṣeher rab ina kak amqutma Harrua Ušnanis,In ord[er to conquer the Ionians whose abode is situated in the m[iddle of the s]ea and who from the dis[tant pa[st had killed pe[ople of the city Ty]re and of the land Que Cilicia and ed I went down to the sea in ship]s against them and struck them down with the sword both young and old 120 I conquer[ed the cities Ḫa[r]rua Ušnanis and Qumas[i of the land Que that Mitâ king of the land Musku had t[ak]en away and I plundered them,https://oracc.museum.upenn.edu/riao/Q006482?lang=en
120b,Qumasi ša Que ša Mita šar Muski ekēm akšud šallassin ašallal Tamudi Ibadidi Marsimani Hayappaya Arabi rūqāti āšib madbar ša akli šāpirī lā īdâma ša ana šar ayyimma bilassun lā aššânni ina kak Aššur bēl amqutma sitāt assuh,As for the Tamudu I]bādidi Marsī­ma­[ni and Ḫayappa tribes faraway Arabs who live in the desert did not know either overseer or commander and had never brought their tribute to any king I struck them down with the sword of the god Aššur my lord deported the remainder of them and re)settled them in the city Samaria,https://oracc.museum.upenn.edu/riao/Q006482?lang=en
123b,ina Samerina ašāb ša Pirʾi šar Muṣri Samsi šarrat Aribi Itʾamara Sabʾaya šar ša ah tâmāti u madbar hurāṣ eper šad nisiqte aban šinni pīri zēr ušî riqqī kalāma sisê,I received as tribute from Pirʾû Phar­aoh king of Egypt Sa[m]si queen of the Arabs and Itʾamar the Sabaean kings from the seashore and desert gold — ore from the mountain(s — precious stones elephant ivory seed(s from ebony tree(s every kind of aromatic horses and camels,https://oracc.museum.upenn.edu/riao/Q006482?lang=en
125b,ibilī maddatta amdahhar ša Mita šar Muski ina nagê rapašti adi šinīšu dabdâšu altakan Harrua Ušnanis birāte Que ša ištu ūm rūqāti ina danān ekēm ašar atūra,For a second time I brought about the def]eat of Mitâ king of the land Musku in his own wide district and I then restored to their former status the cities Ḫarrua and Ušnanis fortresses of the land Que Cilicia that he had taken away by force in the distant past,https://oracc.museum.upenn.edu/riao/Q006482?lang=en
127,ina samānê palâ ana Mannaya Madaya alāk maddatta ša Mannaya Ellibaya <data> <data> <data> <data> <data> <data> āl ša šad amdahhar Zizi Zala āl ša Gizilbundi nagê ša šar ālik mahar lā amdahhar bilassun maddatta amdahhar <data> <data> <data> <data> <data> <data> <data> <data> <data> <data> <data> <data> <data> <data> <data> <data> <data> <data> <data> <data> <data> <data> <data> <data> <data> <data> <data> <data> <data> <data> <data> <data> <data> <data> <data> <data> <data> <data> <data> ša Metatti Zikirtaya dīktaša addūk <data> āl dannāku adi <data> āl ša libīt <data> <data> <data> akšud šallassin ašallal Parda āl šarrūssa ina gīri aqmi u šū adi nišī māssu,In my eighth regnal year I marched to the lands Mannea and Media I received tribute from the people of the lands Mannea Ellipi and Media city lords of the mountains As for Zīzî and Zalâ the city lords of the distri]ct Giz[ilbunda from wh]om the kings who preceded me had never received tribute I received trib[ute from them an[d 130 lands I inflicted a defeat on Mitatti of the land Z]ikirtu I surrounded and conquer[ed three fortified cities together with twenty-four settlements in their environs I plundered them and burned down Parda his royal city with fire However that man Mitatti together with the people of his land fled and their whereabouts have never been discovered,https://oracc.museum.upenn.edu/riao/Q006482?lang=en
133b,innabidūma lā amār ašar dīktaša ša Rusa Uarraṭaya ana lā māni addūk <data> mē <data> zēr šarrūssa ša pēthal ina qāssa aṣabbata ana ētezib napištašu ina urâtu arkab šad elê <data> bēr qaqqar ištu Uauš adi Zimur ardūssu Uišdiš nagê ša Mannaya ekēm ana Ullusuni Mannaya addin Ušqaya birāte ša ina nēreb Zaranda nagê ina Mallau šad burāši raksatu adi <data> mē <data> āl akšud Aniaštania ša miṣir Bit-Sangibuti Tarui Tarmakisa ša Dalaya tamerāti Ulhi ša šēp Kišpal šad <data> āl dannāku adi <data> mē <data> āl ša libīt ša el Arzabia šad akšud ina išāti ašrup <data> <data> āl dannāku adi <data> āl ša libīt ša Armariyali ša ina šēp Ubianda šad akšud Arbu ašar Rusa <data> <data> <data> <data> Riyar āl ša Ištar-duri <data> <data> <data> <data> <data> <data> <data> <data> <data> <data> <data> <data> <data> <data> <data> <data> <data> akšud <data> āl dannāku ša Ayadi nagê ša ah tâmāti Argištiuna Qallania ša el Arṣidu Mahhaunnia šad rukkusā birini <data> birāte ša libīt Uayis,I defeated countless troops of Ursâ Rusâ the Urarṭian and captured two hundred and sixty members of his royal family and his cavalrymen In order to save 135 his li]fe he mounted a mare and took to the hill(s I pursued him over a distance of five leagues from Mount Uau[š as far as Mount Zimur I took away from him the land Uišdiš a district of the land Mannea and gave it t]o Ullusunu the Mannean I conque[red the city Ušqaya — a fortress that was constructed in the pass to the dis]trict Zaran[da and on Mount Mallāu a mountain with juniper tree(s — together with its one hundred and fifteen settlements I conquered and burned down with fire the city Aniaštania which is on the border of the land Bīt-Sangibuti the cities Tarui and Tarmakisa of the land Dalāy[a 140 the environs of the city Ulḫu which is located at the foot of Mount Kišpal and twenty-one fortified cities together with one hundred and forty settlements in their environs which are located on Mount Arzabia I conquered seven fortified ci[ti]es together with thirty settlements in their environs which belong to the land Armari[ya]l[î and are located at the foot of Mount Ubianda I ccon]quered the city Arbu where Rusâ the city Riyar a city belonging to Ištar-dūrī Sarduri I conquered and burned down with fire thirty 145 for]tified cities of the district Ayaid Ayādi which is located on the shore of the sea the cities Arg[išt]iun[a and Qallania — which were constructed upon and between the mountains Arṣi[du and M[a]ḫḫ[a]u[n]nia — and five fortresses in the environs of the land Uayi[s tog]et[her with f]orty settlements of the district Uayis,https://oracc.museum.upenn.edu/riao/Q006482?lang=en
147b,adi <data> āl ša Uayis nagê akšud ina išāti ašrup ša Ianzu šar Naʾiri ina Hubuškia āl dannīti sisê alap ṣēnašu maddatta amdahhar,I rece[ived horses oxen and sheep and goats as tribute from Ianzû ki]ng of the lan]d Naʾ[i]ri in his fortified city Ḫubuškia,https://oracc.museum.upenn.edu/riao/Q006482?lang=en
149,Urzana Muṣaṣiraya ša māmīt Aššur u Marduk ētattiqāāma el Rusa Uarraṭaya ašpur šāru Aššur bēl atkal ina <data> narkabat u <data> līm pēthal šēp šitmurti zūk šēp lēʾâku tāhāz Šeyak Ardikši Ulayu Alluria šad marṣāti eqel ṭāba ina rukūb sisê u marṣa ina šēp ētattiqāāma Urzana Muṣaṣiraya alāk gerra,As for U]rzana of the city Mu[ṣa]ṣir who had trangressed against the oath sworn by the gods Aššur and Marduk and sen[t to Ursâ Rusâ the Urarṭian the god Ašš[ur my lord encouraged me and so I constantly moved on with only my own single chariot and one thousand of my ferocious personal cavalry and foot soldiers who were ski[lled in ba]ttle advancing over Mounts Šiyak Šeyak Ardi[k]ši Ulāyû and Alluriu rugged mountains on horseback over easy terrain and on foot over difficult terrain Then when Urzana of the city Muṣaṣir he]ard of the advance of my expeditionary force he flew off like a bird and took to the rugged hill(s).ê,https://oracc.museum.upenn.edu/riao/Q006482?lang=en
153b,ašmâ iṣṣūriš ippariš šad marṣāti elê Muṣaṣir šubāt Haldia nīta alme alti Urzana mār mārassu <data> līm <data> mē <data> nišī <data> mē <data> parê imērī <data> mē <data> <data> alap <data> mē līm <data> mē <data> immer aṣê <data> bilassun <data> manê hurāṣ <data> mē <data> bilassun <data> <data> manê kasap erâ peṣât annaki nisiqte aban ana muʾuddê <data> <data> <data> <data> <data> <data> <data> ša <data> <data> <data> <data> <data> <data> lubulti birmē u kitê ana lā māni <data> <data> <data> <data> <data> <data> <data> ittešunu <data> <data> bilassun <data> manê hurāṣ <data> mē <data> bilassun <data> manê kasap <data> <data> <data> <data> <data> <data> udê erâ parzilla ša nība lā īšâ <data> <data> <data> <data> <data> <data> <data> <data> <data> <data> adi alap erâ arhū erâ būr erâ ašallal Haldia Bagbarti il adi <data> <data> <data>,"I surrounded the city Muṣaṣir the abode of the god Ḫaldi and brought out Urzana’s wife his sons his daughters 6,170 people 692 mules and donkeys 920 155 ox]en and 100,225 sheep I carried off as booty 34 talents and 18 minas of gold 160 tale[nts and 2 1/2 min[as of silver shining copper ti[n precio]us st[one]s in large qu[antitites with mountings s garme]nts with multi-colored trim and linen garments in countless numb[ers along wi[th 4 talents and 3 minas of gold 162 ta[le]nts and 20 m[in]a[s of si]lv[er 27 s objects of copper and iron in cou[nt]less numbers 160 together with an ox of copper a cow of coppe[r and a c]alf of co[pper I brought his deities Ḫaldi and Bagbartu into the temple of the god Aššur together with I distributed the remainder of their possessions to",https://oracc.museum.upenn.edu/riao/Q006482?lang=en
161b,<data> <data> <data> <data> <data> Aššur erēb sitāt makkūr ana <data> ina Urarṭa rapašti šad kalāma sipitti bašê ana Rusa šar ṣurtī naglaba quppê <data> <data> <data> <data> <data> <data> adi balṭi altakan nagê šatti ana miṣir māssu Aššur atūra ina qāssa šūt rāšūʾa nāgir ēkal amna Rusa Uarraṭaya namurrat Aššur bēl,I caused there to b[e lamenation in the wide land Ur[arṭu and in all the mount]ains and I made Ursâ Rusâ their king use flint blades raz]ors scalpels and to slash himself in mourning for as long as he li]ved I m]a[de that district Muṣaṣir part of the territory of Assyria and assigned it t]o the auth[ority of a eunuch of mi]ne the pala[ce herald The awesome splendor of the god Aššur m[y lord overwhelmed U]rsâ Rusâ the U]rar[ṭi]an and so with his own iro]n dagge]r he stabbed himself in the heart like a pig and put an en]d to his life,https://oracc.museum.upenn.edu/riao/Q006482?lang=en
165b,ashup ina patar parzilla ramānī kīma šah libba ashul napištašu iqtâ ina tišê palâ ana Ellipi Madaya u Karalla alāk nišī Karalla ša šūt rāšūʾa ardussu Amitašši ahašu Aššur-leʾi el arbâ ina Ana ubān šad ina kak amqutma <data> līm <data> mē zīm pān ina ušmannātešunu amdahhar arkīti Amitašši arde šâšu adi rēṣēšu ina Šurda šad <data> <data> <data> <data> <data> <data>,"In my ninth regnal year I marched to the lands Elli[pi M]edia and Karalla As for the people of the land Karalla w[ho had driven out my eun]uchs and elevated A]mitašši the brother of Aššur-lēʾi over them I st[ru]ck them down with the sw[ord on Mou]nt Ana a mounta]in peak and then receiv[ed i[n my military camp 2,200 of their face-(guards as trophies I pursued Amitašši and him together with his allies on Mount Šurda",https://oracc.museum.upenn.edu/riao/Q006482?lang=en
170b,<data> nišī Habhi <data> <data> ašmâ hatta ramānī amqutma <data>,The peo]ple of the land Ḫ[abḫu hear]d of the harsh deeds that I had done in the land Karalla their own fear(s then fell upon them and they sent their messenger to me to do obeisance to me I assigned th[em to the authority of a eunuch of mine the governor of the land Lulumû,https://oracc.museum.upenn.edu/riao/Q006482?lang=en
172b,<data> amna <data> <data> <data> <data> <data> <data> <data> <data> <data> <data> mimma mal <data> <data> <data> <data> alme <data> <data> kamûssu <data> <data> Ellipi alšu aṣabbata <data> <data> <data> <data> tēmēqi ištēniš ana Azuktu <data> <data> ṣullâ ašmâ siqiršin <data> <data> epēssu šarrūssa aqabbû libba Dalta iṭīb tuqquni dalhāti,As for Daltâ of the land Ellipi a submissive subject who pulled my yoke 175 everythi[ng I had him surrou]nded and their them in bondage 180 the land El]lipi because of the seizure of with entreaties at the same ti]me to Azuk[tu he besought me and I listened to his word(s I ordered him to continue to exer]cise his kingship made Daltâ happy and brought order to his disturbed land,https://oracc.museum.upenn.edu/riao/Q006482?lang=en
184b,māssu Baʾit-ili nagê ša Madaya ša miṣir Ellipi Absahutti Parnuatti Utirna Diristanu ša Uriakki Rimanuti nagê ša Upparia Uyadaue Bustis Agazi Ambanda Dananu <data> nagê rūqāti ša patti Aribi ša niphi šamaš u nagê ša Madaya dannāku ša nīr Aššur aṣlima šad u madbar irappudu šarrāqiš ana puhrišunu āl akukāti addâ gimir nagê,With regard to the land Baʾīt-ili a district of the land Media that is on the b[o]rder of the land Ellipi the lands Absaḫutti Parnuatti and Utirna the city Diristānu of the land Uriakku the land Rimanuti a district of the land Uppuriya the lands Uyadaue Bustis Agazi Ambanda and Dananu far]-off districts of the territory of the Arabs in the east and the district(s of the powerful Medes who had thr]own off the yoke of the god Aššur and roamed about the mountain(s and desert like thi]eves — I threw firebrands into all their settlements and tu]rned all their districts into forgotten ruin mounds,https://oracc.museum.upenn.edu/riao/Q006482?lang=en
191b,atūra ana tīl mašûti maddatta ša Ullusuni Mannaya Dalta Ellibaya Bel-aplu-iddina Allabraya ša <data> āl ša Madaya dannāku <data> līm <data> mē <data> sisê parê alap ṣēnašu,"I received 4,609 ho[rs]es mules oxen and sheep and goats i]n countless numbers as tribute from Ullusunu the Mannean D]altâ of the land Ellipi Bē[l]-aplu-iddina of the la[nd Allabria and from forty-five city lords of the powerful Medes",https://oracc.museum.upenn.edu/riao/Q006482?lang=en
194b,ana lā māni amdahhar Ambaris Tabalaya šar Bit-Puritiš ša rubâtu alāk pān kimtašunu Hulle ab adi šallassin māssu ana māssu Aššur ītarrê ina iṣ ūm il rabâ <data> <data> <data> kūn palâ ina unzāšu bašê Hulle ina kussâšu šarrūssa ašāb nišī Bit-Puritiš ipahhurū ana qāssa amna ina ūm Hulle ab <data>,As for Ambaris of the land T[abal king of the land Bīt-Pu]rutaš the fam]ily of who[se father Ḫull[î a ruler a predecessor of mine had bro]ught to Assyria together with booty from his land when the great gods determi ned the firm establishment of m[y reign they Ḫullî and his family were on my mind I had Ḫullî sit again on his royal throne I gathered together the people of the land Bīt]-P[u]rutaš and assigned them to his authority In the time of Ḫull[î his father I had granted him Ambaris gave him a daughter of mine along with the city Ḫilakku and thus ex[panded his land,https://oracc.museum.upenn.edu/riao/Q006482?lang=en
198b,<data> ašarrakšunūti bintī ittešunu Hilakki addin lirappiš māssu u šū Hatte lā nāṣir kināti ana Rusa šar Urarṭa Mita šar Muski u šar Tabal ekēm miṣir ašpur ummān Aššur adakkekama Tabal ana patti gimir aktum šētiš Ambaris šar Bit-Puritiš adi zēr bīssu ab ašarēd māssu kamûssu ittešunu <data> mē narkabat ana māssu Aššur alqâ Bit-Puritiš Hilakki aburriš irtabṣū <data> <data> <data> kerhē epēssu qerbeša nišī māssu kišitte Aššur bēl ašāb šūt rāšūʾa,However that man Ambaris a H]ittite who did not protect justice sent to Ursâ Rusâ king of the land Urarṭu Mit[â king of the land Musku 200 and the ki]ngs of the land Tabal about taking away territory of mine I mustered the troops of the god Aššur and overwhelmed the land Tabal to its fu]ll extent as if with a net Then I brought in bond]age to Assyria Ambaris king of the land Bīt-Purutaš toge[ther with the other offspring of his father’s house and the nobles of his land along with one hundred of his chariot(s I had the lands Bīt-P[ur]utaš and Ḫila[kku dwell as safely as in a meadow and had enclosure walls built in it I re)settled there people from the lands that the god Aššur my lor[d had conquered I set a eunuch of mine as provincial governor over the]m and imposed upon them the same corvée duty as if they were Assyrians,https://oracc.museum.upenn.edu/riao/Q006482?lang=en
204b,bēl el altakan tupšikki Aššur ēmid ina ešrê palâ Tarhun-azi Melidaya <data> lā ādir siqiršin il rabâ Kammani rapašti ša ina tuklāt Aššur bēl ekēm Gunzinanu šar attarad kamâtiš u šâšu ina kussâšu šarrūssa ašāb <data> <data> <data> <data> <data> <data> <data> <data> <data> <data> <data> epēssu ardūssu bēlūssu šad rapašti qāssa imlâ unzāšu <data> <data> <data> <data> ana Mita šar,In m]y tenth regnal year as for Tarḫun-[azi of the city Melid an evil Hittite who did not fear the words of the great go]ds and as for the wide land Kammanu which I had taken away with the support of the god Aššur my lord and who]se king Gunzinānu I had driven out and then had him Tarḫun-azi s[it on his Gunzinānu’s royal throne whom I made do obeisance to me to whom I handed over lo[rd]ship of wide lands and whose understanding he repeatedly sent to Mitâ king of the land Musku messages hostile to Assyria,https://oracc.museum.upenn.edu/riao/Q006482?lang=en
208b,Muski zērāte māssu Aššur ašpur ina uggat libba Kammani ana patti gimir <data> <data> <data> <data> akšud Melid āl šarrūssa karpāniš ahpi kullat nišī kī maršīssunu ṣēnašu amna u šū ana ētezib napištašu ana Til-garimme erēb āl šatti urpāniš aktum šalummat kak adāru aptâ bāb Tarhun-azi malik adi mundahṣē birâti parzilla addâ alti mār mārassu ittešunu <data> līm šallassin qurādēšu ana āl Aššur attabbal Til-garimme ana eššūte aṣabbata nišī kišitte qāssa ina libba erēb Kammani ana sihir aṣabbata ina qāssa šūt rāšūʾa amna ilki tupšikki kī ša Gunzinanu ēmid <data> birāte dannassu libīt addâ nišī šubāt nēhte,Angri[ly I conquered the land Kammanu to its full extent I smashed h[is royal city Melid like a pot and considered all his people as if they were flocks of sheep and goats 210 However that man Tarḫun-azi entered the city Tīl]-garimme in order to save his life I overwhelmed that city like a cloud They took fright at the awesome radiance of my weapons and op[en]ed th]eir city gate I threw in ir]on fetters Tarḫun-azi their ruler together with his fighting men and then brou]ght to my city Ašš[ur his wife his sons and his daughters along with five thousand of his captured warriors I reorganized the administration of the city Tīl-garimme and brought there people whom I had captured I had them occupy the land Kam]manu in its entirety 215 and assigned them to the authority of a eunuch of mine I imposed upon them the same state service and corvée duty a[s in the time of Gunzinānu I erected ten strong fortresses around it the land Kammanu a[nd allowed its people to live in peace,https://oracc.museum.upenn.edu/riao/Q006482?lang=en
217b,ašāb Luhsu Purṭir Anmurru Kiaka Anduarsalia el Urarṭa dunnina maṣṣarāti Usi Usian Uargin patti Muski addâ ša lā mūṣâšu aṣabbata bāb Ellibir Šindarara el nišī Kasku arkus Melid āl šarrūssa adi nagê <data> <data> <data> <data> <data> <data> <data> <data> <data> <data> Muttallu Kummuhaya addin,I strengthened the garrison(s of the cities Luḫsu Purṭir Anmurru Ki aka and Anduarsalia against the land Urarṭu I erected the cities Usi Usia[n and Uargin on the border of the land Musku and seized control of their entry point]s lit “ga[te]s” so that there should be no escape lit “exit” 220 Finally I constructed the cities Ellibir and Šindarara against the people of the land Kasku I g[ave his Tarḫun-azi’s royal city Meli]d as well as the district in its environs to Mut[al]lu of the land Kummuḫu,https://oracc.museum.upenn.edu/riao/Q006482?lang=en
222,ina ūm katim šad ša Hatti aptâ <data> ina ūm palâ attabbal akkuma būšašu Hatti <data> mesû simat ēkal Larisʾu Šuruman <data> binût Nudimmud siparrī namrāti ina Tušanira <data> <data> <data> Elikudurini abnâ parzilla Lammun ša birīt U-x-x <data> <data> <data> <data> <data> abāri munammir aruštišunu kullum Lammun ša pān <data> <data> <data> <data> gišnugalli ebba Ammun šad pān <data> <data> <data> <data> <data> <data> <data> <data> <data> <data> <data> <data> nasqi simat šarrūssa ša kīma zagiddurî peṣât <data> <data> <data> <data> <data> <data> <data> <data> Baʾali-ṣapuna šad rabâ siparrī ištēniš abnâ ša šad šunūte šipik eper ablul ana kīri <data> <data> <data> <data> arād bušul amār makkūr lā nība ša ab lā amdahhar ina qerbeša Dur-Šarrukin āl aqrunma mahīri kasap kīma siparrī,At that time everything that was hidden in the mountains of the land Ḫatti Syria was revealed to me They brought to me during my reign and I heaped up the property of the land Ḫatti On Mount was produced refined appropriate for a palace on Mounts Larisʾu Šuruman and was produced 225 the creation of the god Nudimm[u]d Ea shining copper on Mounts Tu[šanira durini and Elikudurini was produced iron the part of Mount Lammun that is located be[tw]een Mount U and Mount produced lead which whitens their dirty state the part of Mount Lammu]n that is located facing produced pure alabaster Mount Ammun a mountain that is located facing produced choice BAR.GÙN.GÙN.NU-(stone fit for royalty and as white as pale lapis lazuli 230 and Mount Baʾil-ṣapūna a great mountain produced at the s[ame time copper I then mixed mound(s of ore from those mountains depos[ited them into furnac[es and watch[ed their smelting I stored up inside my city Dūr-Šarrukīn countless possessions that my ancestors had never received as a result in Assyria the exchange rate for silver is fixed as if it were for bronze,https://oracc.museum.upenn.edu/riao/Q006482?lang=en
234b,ina qerbeša māssu Aššur išīm ina ištēnšerê palâ ,In m[y eleventh re]gnal year,https://oracc.museum.upenn.edu/riao/Q006482?lang=en
248,šūt rāšūʾa bēl el altakan ittešunu nišī māssu Aššur ,I reorganized the administration of the people of the land Gurgum to its full extent set a eunuch of mine as provincial governor over them and considered them as people of Assy]ria,https://oracc.museum.upenn.edu/riao/Q006482?lang=en
249b,amna Azuri šar Asdudi ana lā aššânni bilassun <data> <data> <data> akpud ana šar libīt zērāte māssu Aššur ašpur alšu lemnāti epēssu el nišī māssu bēlūssu ikkirā Ahi-Meti ahašu talīm ana šarrūssa el altakan Hatte dābib ṣalipte bēlūssu izerru Iadna lā bēl kussâšu ša kīma šâšun aplah bēlūssu lā idû arbâ el,Azūri king of the city Ashdod pl]otted so as to no longer have to de[liv]er tribute to me and sent messages hostile to Assyria to the kings in his enviro[ns Then because of the e[vi]l that he had done I di[d awa]y with his lordship o[ver the people of his land and se]t his favorite brother Aḫī-Mīti as king over them The Hittites who always speak treachery hated h]is rule and elevated over them I]a[dn]a Iāmānī who had no right to the throne and who like the[m did not kn[o]w how to respect any authority,https://oracc.museum.upenn.edu/riao/Q006482?lang=en
256,ina uggat libba ittešunu narkabat šēp u pēthal ša ašar salmē idāka lā ipparakkû ana Asdudi āl šarrūssa hitmuṭiš alāk Asdudi Gimtu Asdudimmu alme akšud il āšib libba šâšu adi nišī māssu hurāṣ kasap būšašu ēkal ana šallassin amna āl šunūte ana eššūte aṣabbata nišī māssu kišitte qāssa ina libba ašāb šūt rāšūʾa,Angrily with only my personal chariot and m]y cavalry who never leave my side even in friendly territory I quickly marched to his royal city Ashdod I then surrounded and conq]uered the cities Ashdod Ga[th and Ashdod-Yam I cou[nted as bo]oty both the gods who d[wel]t in them and th[at man Iāmāni 260 together with the people of his land gold silver and the possessions of his palace I reorganized the administration of those cities and settled there people from the lands that I had conquered I set a eunuch of mi[ne as provincial governor over them and considered them as people of Assyria they now pull my yoke,https://oracc.museum.upenn.edu/riao/Q006482?lang=en
262b,bēl el altakan ittešunu nišī māssu Aššur amna išâṭ abšānī ina šinšerê palâ Marduk-apla-iddina mār Bit-Yakin šar Kaldi ša ina aspun tâmāti ṣīssun šamaš šitkunā dadmē el marrat u gupuš edê atkal adê māmīt il rabâ ābukma akla tāmartašu Humbaigaš Alamu ana rēṣūssu ishur gimir Sute ṣāb ṣēr ittešunu ikkirā akṣur tāhāz arād ana ereṣēti māssu Šumeri u Akkad <data> šanat kī lā libba il Babili āl Enlil il abēl u ašpur Marduk bēl rabâ epissun Kaldi lemnēte ša izerru aṭṭula eṭēr haṭṭašu kussâšu šarrūssa altakan šapassu yâte srgn šar šahtu ina naphar malik kēniš tuttânnima elê rāšūʾa ina ereṣēti māssu Šumeri u Akkad ana šēp Kaldaya nakirēšu lemnēte aprus arbâ kak,In m[y twelfth regnal year Marduk-apla-iddina II Merodach-Baladan descendant of Yakīn king of Chaldea whose settlements are situated on the coastal plain of the Eastern Sea had put his trust in the sea and its surging waves He then broke lit “overturned” the treaty sworn by the great gods 265 and withheld his audience gift He turned to Ḫumbanigaš Ḫumban-nikaš I the Elamite for aid made all the Sutians the people of the steppe hostile to me and prepared for battle against me He came down to the territory of the land of Sumer and Akkad and against the will of the gods ruled and governed Babylon the city of the Enlil of the g[ods Marduk for twelve years However the god Marduk the great lord saw the evil deeds of Chaldea which he hated Then the order for the removal of his royal scepter and throne was set upon his lips He duly chose me Sargon the reve[rent king from among all rulers and exalted me He made my weapons prevail in order to bar the evil enemy Chaldeans from the territory of the land of Sumer and Akkad,https://oracc.museum.upenn.edu/riao/Q006482?lang=en
272,ina qibētī Bel rabâ Marduk ṣindā ešēr akṣur ušmannātešunu ana Kaldaya <data> <data> lemnēte alāk aqabbû u šū Marduk-apla-iddina alāk gerra ašmâ birāte dunnina ipahhurū kiṣir Gambulaya ana sihir ana Dur-Abi-hara erēb ana mēteq gerra dunnina maṣṣarāti <data> mē pēthal <data> līm ṣāb šūlūti ālik pān ummān addin arhuṣma libba dūr el ša pān usaqqiršu ištu libba Surappi butuqti abtuq kīma mīlêša kiššat ikpupū libīt āl šatti adi lā išlimma šamaš akšud <data> līm <data> mē <data> nišī adi maršīssunu,"At the command of the great divine lord the god Marduk I got my chariot teams ready prepared my military camp and ordered the march against the Ch[aldean a doer of evil deeds However when that man Marduk-ap[la-iddina II Merodach-Baladan heard of the ad]vance of my expeditionary force he strengthened his fortress[es and assembled his military contingents He brought the Gambulu tribe in its entirety 275 into Dūr-Abi-ḫāra and at the approach of my expeditionary force strengthened its garrison He gave them six hundred cavalry and four thousand garrison soldiers the vanguard of his army and thereby made them confident They raised their city wall higher than before cut a channel from the Surappu River and surrounded its environs as if with cresting flood waters I conquered that city before sunset I carried off as booty 18,[4]30 people together with their property horses oxen and sheep and goats",https://oracc.museum.upenn.edu/riao/Q006482?lang=en
280b,sisê alap ṣēnašu ašallal sitāt ša lapān kak ipparaššidu Uqne marṣāti u qan abī ana kidinnūssun <data> <data> <data> <data> <data> <data> <data> <data> akšud āl šatti ašmâ itarrakma libba kīma iṣṣūr ippariš <data> <data> <data> <data> <data> <data> <data> <data> āl šatti ana eššūte aṣabbata Dur-Nabu šum attasqara nišī šâtunu <data> <data> <data> <data> <data> <data> <data> <data> šūt rāšūʾa bēl el altakan <data> bilassun <data> manê kasap <data> līm uṭṭāssu ina muhha <data> alap ištât alap ina el <data> immer ištât immer addin šanat el ikūn ṣāb šâtunu Aššur <data> <data> <data> <data> <data> <data> <data> ṣāb <data> <data>,The remainder of them who had fle[d befor]e my weapons and the Uqnû River which was difficult to ford and reed thicket(s for their protection heard of my conquest of that city and as a result their hearts pounded They flew to me like a bird and I reorganized the administration of that city and re)named it Dūr-Nabû I ed those people I set a eunuch of mine as provincial governor over them I imposed upon them the annual payment of one talent thirty minas of silver two thousand gur of barley one ox out of every twenty oxen that they had and one sheep out of every twenty sh[eep that they had I mustered those soldiers and took one soldier of theirs o[ut of every three soldiers for my own army,https://oracc.museum.upenn.edu/riao/Q006482?lang=en
286b,aṣabbata Qarat-Nanni <data> āl ša Nabu-uṣalla <data> <data> <data> <data> <data> <data> <data> <data> <data> <data> <data> <data> <data> Mahiru <data> āl ša Hubaqanu nagê Qan-Raʾme-il āl ša Iadi <data> āl dannāku ša Timassina nagê āl ša Parasa āl ša Iannuqu <data> <data> <data> <data> <data> <data> <data> āl ša Hirite nagê āl ša Ṭabaya āl ša x <data> <data> <data> āl ša Asian birāte ša Mannu-Iašana āl ša Rahi-x <data> <data> <data> āl ša Ahhe-iddina <data> āl ša Hiltu āl ša Haza-il <data> <data> <data> <data> <data> <data> <data> āl ša Sabharri āl ša Hamadani āl ša x <data> <data> <data> <data> <data> āl ša Iašyanu <data> āl āl ša Saʾlani āl ša x <data> <data> <data> <data> āl ša Na-x <data> <data> āl ša Zaruti āl ša Saʾdani āl ša x <data> <data> <data> <data> x-sali <data> <data> <data> <data> āl ša ina birīt Nagiate u Tupliyaš tamerāti lā nība siqiršin Aya-Sammu x-x-x-x-pa-qa āl ša Dinaya āl ša Ibnaya āl ša Babile āl ša x-me āl ša Anda-il Siʾraya Patiyan Hu-la-x-x-su āl ša Samsi-yadaʾ Haʾilaya,The city Qarat-Nanni the city of Nabû-uṣalla and the city Maḫīru a total of five settlements of the district Ḫubaqā[n]u the city Qan-Raʾme-il and the city of Iadi Iadīʾ a total of two fort[ified settlements of the district Timass]ina the city of Parasa the city of Ian[nuqu and a total of three settlements of the Ḫirīte River 290 district the city of Ṭābāya Ṭābīya the city of the city of Asiān the fortress of Mannu-Iašana the city of Raḫi and the city of Aḫḫē-iddina a total of six settlements of the city Ḫilti the city of Ḫazā-[il the city of Sabḫarru the city of Ḫamadānu Ḫamdanu the city of and the city of Iašyanu a total of six settlements the city of Saʾlāni the city of the city of Na the city of Zārūtî 295 the city of Saʾdani the city of and the city of sal[i a total of seven settlements that are located between the land Nagia[tu Nagītu and the Tupliya]š River and whose environs are without special name designation the city Aya-Sammu the city paqa the city of Dīnāya the city of Ibnāya the city of Bābilê the city of me the city of Anda-il the city Siʾrāya the city Patiyān the city Ḫula[...]su the city of Samsi-yadaʾ the city Ḫaʾilāya,https://oracc.museum.upenn.edu/riao/Q006482?lang=en
313,<data> <data> <data> <data>,Not preserved,https://oracc.museum.upenn.edu/riao/Q006482?lang=en
317,Tupliyaš nār tuklāt ina šipik eper u qan aksir <data> birāte ah ana ah addâ laplapti aṣabbata ištu qerbeša Uqne aṣê aṣabbata šēp Iannuqu alāk pān ša Zame Nabu-uṣalla ša Abure Paššunu Haukanu ša Nuhani Saʾilu ša Ibuli <data> nasīkāte ša Puqudaya Ab-hata ša Ruʾuʾa Huninu Sameʾ Sabharri Rapiʾ <data> nasīkāte ša Hindari adi ṣāb ana Dur-Abi-hara alāk aṣabbata šēp līṭī aṣabbata bilassun maddatta kī ša Aššur ēmid ina qāssa šūt rāšūʾa māssu Gambuli amna ṣibit alap ṣēnašu,I dammed up the Tu[pliyaš River a river upon which they relied with p[ile(s of dirt and reeds I erected two f[ortresses side by side and 320 star[ved them out They then came out from the Uqnû River and grasped hold of my feet Iannuqu the leader o[f the city Zāmê Nabû-uṣalla of the city Abūrê Paš]šunu and Ḫaukānu of the city Nuḫānu and Saʾīlu of the city Ibūl[i a total of five sheikhs of 325 the Pu]qudu tribe Abi-ḫatâ of the Ruʾuʾa tribe and Ḫunīnu Sāmeʾ Sabḫarru and Rāpiʾ a total of four sheikhs of the Ḫindaru tribe together with their tribes)men came to me at the city Dūr-Abi-ḫāra and grasped hold of m[y feet I took hostages from them and 330 imposed upon them the same tribute and payments as if they were Assyrians I assigned them to the authority of a eunuch of mine the governor of Gambulu and imposed the annual ṣibtu tax on their oxen and their sheep for the gods Bēl Marduk and Son of Bēl Nabû,https://oracc.museum.upenn.edu/riao/Q006482?lang=en
332b,ana Bel mār Bel ikūn šattišam sitāt Arame akṣi āšib nagê ša el Marduk-apla-iddina u Ištar-Nanhundi lēssu addâ Uqne āhuz šubāt rūqāti dadmē abūbāniš aspun gišimmari tuklāt kirâtešunu baltašun nagê akkis u qirāte ummān akul ana Uqne ašar tapzertešunu qurādēšu ʾāri dabdâšu amdahiṣ,As for the rest of the dangerous Arameans who dwell in their district and who had paid attention lit “inclined their cheek” to Marduk-apla-iddina II Merodach-Baladan and Šutur-Naḫūndi and taken themselves to the Uqnû River a far-off place to live lit “a distant dwelling” I overwhelmed their settle[ments 335 like the Deluge cut down the date palm(s upon which they relied and the orchards that were the p]ride of their district and then fe]d my army the food in their granaries I sent my war]riors to the Uqnû River their hiding place and they my warriors inflicted a defeat on th]em They my warriors then carried off as booty those people together with their property,https://oracc.museum.upenn.edu/riao/Q006482?lang=en
339b,<data> Zame Abure <data> <data> Hayamanu <data>,The people of the cities Zām]ê Abū[rê Yaptiru Maḫīṣu Ḫilipanu KAL-KAL Pattiānu Ḫaya­mā­[nu,https://oracc.museum.upenn.edu/riao/Q006482?lang=en
341,<data> <data> <data> <data> <data> <data> <data> <data> <data>,Not preserved,https://oracc.museum.upenn.edu/riao/Q006482?lang=en
350,<data> sisê <data> <data> ana eššūte <data> <data> Aya-lunu Daiṣṣanu ša Lahira <data> <data> Sulaya <data> nasīkāte ša Dibirina sisê <data> <data> Lahira ša Dibirina Sulaya x <data> āl dannāku ša Dibirina Ahilimmu <data>,I carried off as booty wagons hors[es mules donkeys and camels together with their abundant property I re[organized the administration of the city Sam’ūna changed its name and gave it the name Enlil-iqīša Aya-[lūnu and Daiṣṣānu of the land La]ḫīru and of the city Sulā]ya — a total of five she[ikhs of the land Yadburu — brought horse[s mules oxen and sheep and goats into my military camp and grasped hold of my feet in order to do obeisance I considered the city Lahī[ru of the land Yadburu the cities Sulāya fortified cities of the land Yadburu the cities Ḫil[immu and Pillatu that are on the border of the land Elam together with the settlements in their environs that are located along the Naṭītu River as part of my territory,https://oracc.museum.upenn.edu/riao/Q006482?lang=en
356,<data> <data> <data> <data> <data> <data> <data> <data> <data>,Not preserved,https://oracc.museum.upenn.edu/riao/Q006482?lang=en
365,hatta ramānī amqutma šū adi rēṣēšu ṣāb tāhāz mūšiš aṣê ana Dibirina ša Elamte altakan pān anūt šarrūssa eršēt kussâšu nēmatti narmaktu šarrūssa tiqnī kišād ana atūra gimil ana Ištar-Nanhundi Alamu,As a result in the midst of his own palace his own fear(s fell upon him he then went out from Babylon during the night together with his alli[es and his battle troop]s and set out for the land Yadburu which is part of the land Ela[m He gave to Š]utur-Naḫūndi the Elamite his royal ut[ensils a bed a throne a chair a royal washbasin and his neck ornament as gifts from him in order to get his revenge on me,https://oracc.museum.upenn.edu/riao/Q006482?lang=en
368b,addin kadrâ ṣēni Alamu ṭaʾāti amdahhar adāru kak ipsil arah lā alāk aqabbû amât bēl gimil ašmâ qaqqariš ippalsih nahlapātešu išruta naglaba aššânni iṣruh bikīti šū adi rēṣēšu ṣāb tāhāz ištu qerbeša Dibirina assuh,That Elamite villain accepted his bribe but took fright at my weapon(s He turned away and told him Marduk-apla-iddina that he would not come to help him When he Marduk-apla-iddina II heard the words of the one who was to be his avenger he threw himself on the ground ripped his cloa]k wielded his razor and uttered cries of mourning Together with his allies and his bat[tle troops that man moved away from the land Yadburu entered int[o the city Iqbi-Bēl an[d stayed there in f]ear,https://oracc.museum.upenn.edu/riao/Q006482?lang=en
371b,ana Iqbi-Bel erēb adīriš ašāb mār Babili Barsipa ērib bīssu ummânī mūdê šipir ālik pān muʾerru šad ša adgul pān rēhāt Bel Zarpaniti Nabium Tašmeta ana Dur-Ladini adi mahar attabbal erēb Babili aqabbû,The citizens of Baby[lon and Bor]sippa the temple personnel the craftsmen who know their trade the lea[der]s and administrators of the land who up till then had been his su[bjects bro[ught before me in the city Dūr-Lad]inni the leftovers of the sacrifices to the deities Bēl Zarpanītu Nabû and Taš]mētu and invited lit “said to” me to en]ter into Babylon making my heart rejoice,https://oracc.museum.upenn.edu/riao/Q006482?lang=en
374b,elēṣ kabatsu ana Babili āl Enlil il hadîš erēb ana il āšib Esaggil Ezida amdahhar šagigurê ella mahar aqqâ ina qerbeša ēkal mūšab šarrūssa <data> Aramu Amukkani,Happily I entered Babylo[n the c]ity of the En[lil of the gods Marduk I prayed to the gods who dwelt in Esagil and Ezida and offered pure vol]u[ntary offerings bef]ore them Inside his palace his royal residence I received substantial from the land Aram the land Bīt-Amukkāni the land Bīt-Dakkūri,https://oracc.museum.upenn.edu/riao/Q006482?lang=en
377b,Bit-Dakkuri <data> <data> <data> <data> <data> <data> <data> <data> <data> <data> kabitta amdahhar nār Barsipa mahar ša šar ālik pān epēssu nār eššeti ana mašdah,With regard to the former Borsippa canal which k]ings who preceded me had co[ns]­truc­ted I dug a new ca]nal into Šuanna Babylon for the procession of the god Nabû my lord,https://oracc.museum.upenn.edu/riao/Q006482?lang=en
379b,Nabium bēl ana qerbeša Šuanna ahrâ Hamaranaya ša lapān kak ipparaššidu ana Sippar erēb alāk gerra mār Babili ahbut kayyān šūt rāšūʾa bēl el ašpur nīta alme ṣeher rab lā ipparaššidu anār ina kak,I sent eunuchs of mine provincial governors against the Ḫamarānu tribe who had fled from my weapons entered Sippar and were constantly repeatedly robbing caravan(s of the citizen(s of Babylon while they were en route They then surrounded them so that no one neither young nor old could escape and struck them down with the sword,https://oracc.museum.upenn.edu/riao/Q006482?lang=en
384,akšud Nisanni arah aṣê Bel il qāssa Bel rabâ Marduk Nabium šar kiššat šamê ereṣēti aṣabbata išlimma arah bīssu akīt gumāhī bitrê šuʾē marê kurkī paspasī ittešunu kadrâ lā narbâte,When the month Nis[annu ar[ri]ved the m]onth the lo[rd of the gods goes out from his temple I to[ok the hands of the great divine lord 385 the god M[ar]duk and of the god Nabû the king of the to]tality of heaven and earth and brought them safely along the roa[d to the akītu house I presented before them prize bulls in prime condition fattened sheep gee[se and ducks along with other innumerable gifts,https://oracc.museum.upenn.edu/riao/Q006482?lang=en
388b,atruṣma mahar ana il māhāz māssu Šumeri u Akkad nīq tašrihte aqqâ igisê <data>,I offered sacrific]es of hom[ag]e to the gods of the cult centers of the land of Sum[er and Ak[kad and presents,https://oracc.museum.upenn.edu/riao/Q006482?lang=en
404,<data> <data> <data> <data> Kissik Nemed-Laguda <data> <data> <data> ašallal ana Dur-Yakin erēb dunnina kerhē ašla lapān dūr rabâ unessima <data> mē ina ammat rupšu harīṣi altakan <data> <data> nindan išpiluma akšud mê nagab butuqti ištu qerbeša Puratte abtuq arde ṣēr ušalla āl ašar naqrabi mê imlâ abtuq titūri šū adi rēṣēšu ṣāb tāhāz ina birīt nār,Marduk-apla-iddina carried off the people of the cities Ur Kissik Nēmed-Laguda and and bro[ught them into the city Dūr-Yakīn He then stren]gth[ened its en]clo[sure walls and moving back a distance of one measuring rope from the front of its main wall he mad[e a moat two hundred cubits wide he made the moat one and a half nindanu deep and reached g[round water He cu]t a channel from the Euphrates River thereby making its water flow to it lit “against it” He thus filled the city’s fla[tlands wh]e[re bat]tles are fought with water and cut the bridges Together with his allies and his battle troops he pitched his royal tent in a be[nd of the river lit “bet[ween river]s” li]ke a cran]e and set up his military cam[p,https://oracc.museum.upenn.edu/riao/Q006482?lang=en
408b,kīma kumê kultār šarrūssa altakan akṣur ušmannātešunu ina qibētī Aššur Šamaš u Marduk mundahṣē nasqi el nār erê <data> <data> <data> ippariš altakan dahtê šâšu adi kiṣir šarrūssa nīta alme kīma aslī ina pān šēp unappiṣ qurādēšu sisê ṣimdat nīr ina uṣṣi ušaqqir u šâšu ina ziqit mulmullī rittāšin apṭur kīma šikkê hallālāniš abul āl erēb Puqudaya kitaršu Maršanaya adi Sute ša ittešunu ina pān abul akkis imat mūt asluh nišī kultār šarrūssa ša ṣillaša hurāṣ šarrūssa haṭṭašu hurāṣ eršēt hurāṣ nēmed hurāṣ udê hurāṣ kasap <data> <data> gangannišu tilli anūt tāhāz ekēm,At the command of the gods Aššur Šamaš and Marduk I had my c]ho[ice fighting men f]ly over its water channels like eag]le(s and they br]oug[ht about his defeat I surrounded him together with his royal military contingent 410 an]d slaughtered his wa[rriors like shee[p a]t his feet I pierced the horses trained to his yo]ke with ar]rows Then as for hi[m I pie]r[ced lit “loosened” his hand wi]th the point of an arro]w and he then entered the gate of his city ste[althfu]lly like a mongoose I cut down the Puqudians his allie(s and the Marša]nians together with the Sutians who were with him in fr[ont of the gat[e of his city and splattered his people with deadly ve]nom I took away from him his royal tent his royal go[ld para]sol gol]d scepter gold bed gold ch]air gold and silver objects his potstands equip]me[nt and bat]tle gear,https://oracc.museum.upenn.edu/riao/Q006482?lang=en
415,kullat nišī āšib dadmē sihir māssu ša ištu pān kak <data> <data> <data> <data> <data> <data> <data> <data> <data> <data> <data> <data> <data> <data> <data> <data>,As for a]ll his people the inhabitants of the settlements of all of his land whom he had from before my weapon]s,https://oracc.museum.upenn.edu/riao/Q006482?lang=en
443,ša mālak <data> bēr ina qabal tâmāti ša niphi šamaš kīma nūnī šitkunā narbāṣu danān bēlūssu ,Upēri king of Dilmun who(se l[a]ir is situated at a di]stance of th]irty leagues in the middle of the Ea]stern Sea like that of a fish hea]rd of my lordly might and brought me his audience gift,https://oracc.museum.upenn.edu/riao/Q006482?lang=en
444b,ašmâ aššânni tāmartašu adi anāku dabdâšu Kaldaya Arame ša tâmāti niphi šamaš altakan el nišī Elamte lišamrir kak šūt rāšūʾa māssu Que ša ina māssu <data> <data> <data> <data> <data> <data> <data> <data> <data> <data> išlimma šamaš altakan ʾāri tenēšet ša Mita Muskaya ina nagê adi <data> eqel ṭāba ina libba narkabat eqel namrāṣi ina šēp šilipu alāk <data> līm ṣāb tidūkima <data> <data> <data> <data> <data> <data> <data> <data> sisê tāhāz ekēm lā ētezib multahṭē <data> birāte tuklāt nagê ša ina šad marṣāti itâka <data> <data> <data> šupšuqāma ašar <data> <data> <data> akšud ṣāb šūlūti ēpissa tāhāz addūk abul birāte ana <data> <data> <data> <data> <data> <data> balāṭ <data> līm <data> mē ṣāb <data> <data> u aradka ištu māssu ašallal āl dannāku adi āl ša libīt anappal anaqqar ina išāti ašrup mār šipir ša amât damiqtim naṣû <data> līm zīm pān qurādēšu ana Samʾuna ša patti,While I was br[inging about the defeat of the Chaldeans and Arameans of the Eastern Sea and making my weapons prevail over the people of the land El]am a eunuch of mine the governor of the land Que Cilicia whom I had established in the land of the we]st and who governed the people there marched ly th]ree tim[es into the district of Mitâ Midas of the land Musku going in a chariot over easy terrain and on foot over difficult terrain and took away one thousand of his Mitâ’s com[bat troops and their war hors]es letting none escape He conquered two fortresses upon which his Mitâ’s district relied and which are located on a ru[gg]ed mountain ad[jace]nt to and whose location is very difficult to reach He then defeated his Mitâ’s garrison troops those who did battle and the gate(s of his fortresses to 450 He did no]t allow to live He brought to me as booty two thousand four hunded soldiers and slaves from his Mitâ’s land and then destroyed demol]ished and burned them down with fire his fort]ified cities together with the settlements in their environs His messenger who bore the good news brought me one thousand face-(guards taken from his Mitâ’s warriors as trophies to me in the city Samaʾūna which is located on the Elami]te border and thus made my heart rejoice,https://oracc.museum.upenn.edu/riao/Q006482?lang=en
452b,Elamte attabbal elēṣ libba u šū Mita Muskaya ša ana šar alāk pān lā iknuša lā išni ṭēm altakan lētu kišitte qāssa ša Aššur Marduk šutlimšu ina tâmāti ṣīssun šamaš epēssu tebût kak ahpi māssu ašallal nišī iknuša Uperi šar Dilmun ša qabal tâmāti <data> <data> ašmâ <data> <data> <data> <data> ina qerbeša māssu rūqāti šahurratu atbuk mār šipir <data> <data> <data> <data> <data> <data> <data> <data> <data> <data> <data> <data> <data> <data> <data>,Moreover that man Mitâ of the land Musku who had not submitted to the kings who preceded me and had never cha[nged his mind about doing so he]ard about the accomplishment of the victori(es and conquest(s that the gods Aššur and Marduk had granted me and that I had regularly car[ried out in the region of the Eastern Sea as well as of the onslaught of my weapon]s the destruction of its Bīt-Yakīn’s land the carrying off of its peo]ple and the subjugation of U[p]ē[r]i king of Dilmun which is located in the middle of the sea Then in his far-off land dea]th[ly quiet overwhelmed him and he sent his messenger before me a]t the Eastern Sea to do obeissance to me and to bring me tribute and presents,https://oracc.museum.upenn.edu/riao/Q006482?lang=en
456b,<data> <data> igisê ana tâmāti ša ṣīssun šamaš adi mahar ašpur Silṭa Ṣurraya nāš bilassun <data> <data> <data> <data> <data> ana māssu Aššur šar ša Yaʾ nagê ša Adnana ša mālak <data> ūm ina qabal tâmāti šitkunā šubāt ša ištu ūm ullê ana <data> <data> <data> <data> <data> <data> <data> <data> <data> <data> kadrâ mithāriš baṭāli akla bilassun u Silṭa maddatta kabitta aššânni ana iknuša <data> <data> <data> <data> <data> <data> <data> kitaršu šūt rāšūʾa pitqudu lā ādir tāhāz ittešunu kiṣir šarrūssa ašpur ana atūra gimil ʾāri <data> <data> <data> <data> <data> emūq Aššur gapšāte ašmâ ana siqiršin šum ašhut <data> irmâ idāka hurāṣ kasap anūt ušî taskarinni nēpešti māssu ana Babili ana mahar aššânni <data> <data> <data>,As for Silṭa of the city Tyre the brin[ging of tri]bute to Assyria seven kings of the land Y]āʾ a region of the land Adnana Cyprus — whose abode(s are situated at a distance of seven da[ys journey in the middle of the sea and who from the distant past until now 460 all together st]opp[ed the delivery of their gifts and wi]thhe[ld their tri]bute However Silṭa brought his substantial tribute to me and in order to subjugate he asked me for military aid I sent a trustworthy eunuch of mine who was fearless in battle with a royal military contingent of mine and ordered him to avenge him Silṭa they heard of the numerous forces of the god Ašš]ur Then they became afraid at the mere me[ntion of my name and their arms grew weak They brought before me in Babylon gold silver and utensils of eb]ony and boxwood product(s of their lan]d and so I considered them,https://oracc.museum.upenn.edu/riao/Q006482?lang=en
467b,<data> <data> <data> <data> amna Muttallu Kummuhaya Hatte lemnēte lā ādir siqiršin il <data>,Mutallu of the land Kummuḫu — an evil H[ittite who did not fear the words of the gods,https://oracc.museum.upenn.edu/riao/Q006482?lang=en
