﻿line,akkadian,english,source
1,Salmanu-ašared šar rab šar daʾʾat šar kiššat šar māssu Aššur šar kiššat nišē ša in rēṣūssu ša Šamaš Adad il tiklēšu lēʾîš alāk šad daʾʾat išdu ṣī Šamaš adi ereb Šamaš atmuh ana qāssa šar ekdi lā pādâ ša in addūak arkešu zāʾirīšu alāk nār šad marṣa,Shalmaneser III great king strong king king of the world king of Assyria king of all of the people the one who has always acted mightily with the support of the gods Šamaš and Adad the gods who support him and they have put under his control the mighty mountains from sunrise to sunset the fierce and merciless king who has defeated and gone after his enemies and victoriously swept over rivers and difficult mountains leaving them like ruin hill(s left by the Deluge,https://oracc.museum.upenn.edu/riao/Q004629?lang=en
5b,kīma tīl abūb akbus šaltiš kāšid išdu tâmāte ša Naʾiri adi tâmāte rab ša šulme Šamaš ša Hatta adi paʾaṭ gimer <data> Arṣašku āl šarrūssa ša Arrame Uarraṭaya Gilzani Hubuške Urarṭa išdu rāšūʾa ēna ša Diglat adi rāšūʾa ēna ša Purate išdu tâmāte ša Mazamua ša bētāni adi tâmāte ša Kaldi ana šēp iknuša,the conqueror from the Sea of the Naʾiri land(s to the Great Sea of the Setting Sun the land Ḫatti to its full extent the lands Melid Daiaeni Suḫnu the city Arṣaškun which is a royal city of Arrāmu of the land Urarṭu and the lands Gilzānu and Ḫubuškia I subdued the land Urarṭu from the source of the Tigris River to the source of the Euphrates River from the Sea of the interior of the land Zamua to the Sea of Chaldea,https://oracc.museum.upenn.edu/riao/Q004629?lang=en
11,ana Babili alāk nīq in Babili Barsipa Kute epāš ana Kaldi arād āl akšud maddanāti ša šar išdu Kaldi amdahar,I marched to Babylon and made sacrifices in Babylon Borsippa and Cutha I went down to Chaldea conquered their cities and received the payment of the kings of Chaldea Awe of my weapons overwhelmed them as far as the Bitter Sea,https://oracc.museum.upenn.edu/riao/Q004629?lang=en
14b,šurbat kak adi Marrate asahhap Adda-idri šar Ša-imarišu adi <data> šar ša Hatta ana irassun atbīma erbêšu issišunu amdahaṣ dabdâ altakan narkabat pēthal aṣēʾ anūt tāhāssu ekēm ana ētazbū napištašu elê,Hadad-ezer Adda-idrī the king of Damascus together with twelve kings of the land Ḫatti attacked me and I fought with them for a fourth time I defeated them I destroyed their chariotry and cavalry and took away their military equipment In order to save their own lives they ran away,https://oracc.museum.upenn.edu/riao/Q004629?lang=en
