﻿line,akkadian,english,source
i 1',šar māssu Aššur kallāt srgn šar kiššat šar māssu Aššur ummī Aššur-ahu-iddina šar kiššat šar māssu Aššur Aššur Sin Šamaš Nabium u Marduk Ištar ša Nina Ištar ša Arba-ili,I Zakūtu Naqīʾa wife of Sennacherib king of the world king of Assyria daug]hter-in-law of Sarg]on II king of the world king of Assyria i 5′ mother of Es[arh]addon king of the world and king of Assyria the gods Aššur Sî[n Šamaš Nabû and Marduk Ištar of Ninev]eh and Ištar of Arbela,https://oracc.museum.upenn.edu/riao/Q003405?lang=en
ii 1',<data> <data> <data> aspun šar ša kibrāt erbaʾi addâ ṣerrat,who flattened his foes and fastened lead-ropes on the kings of the four quarters —,https://oracc.museum.upenn.edu/riao/Q003405?lang=en
ii 6',nišī māssu kišitte nakirēšu hubti qašassu ša ana ešqī bēlūssu ašarrakšunūti alli tupšikki aššânni albin libittašin,He Esarhaddon gave to me as my lordly share the inhabitants of conquered lands foes plundered by his bow I made them carry hoe and basket and they made bricks,https://oracc.museum.upenn.edu/riao/Q003405?lang=en
ii 16',qaqqar puṣê ina qabal āl ša Nina kutal bīssu Sin u Šamaš ana mūšab šarrūssa ša Aššur-ahu-iddina mār narām libba <data> <data> <data> <data>,I a cleared tract of land in the citadel of the city of Nineveh be]hind the temple of the gods Sîn and Šamaš for a royal residence of Esarh]addon my beloved son,https://oracc.museum.upenn.edu/riao/Q003405?lang=en
iii 1',<data> <data> <data> <data> <data> <data> <data> <data> <data> atruṣma el dalāt šurmēni šutāhāte qīšāssu mār arti bāb bīssu šatti arṣip šuklul lulê imlâ,I roof[ed it with and I installed matching doors of cypress a gift for my son in its gates I built and completed that house and filled it with splendor,https://oracc.museum.upenn.edu/riao/Q003405?lang=en
iii 13',Aššur Ninurta Sin Šamaš Adad u Ištar Nabium u Marduk il āšib Nina ina qerbeša aqre nīq tašrihte ebba mahar,I invited the gods Aššur Ninurta Sîn Šamaš Adad and Ištar Nabû and Marduk and the gods who reside in Nineveh inside it and offered sumptuous pure offerings before them,https://oracc.museum.upenn.edu/riao/Q003405?lang=en
iv 1',šar <data> el <data> <data> mimma <data> <data> <data> <data> <data>,king over whatever,https://oracc.museum.upenn.edu/riao/Q003405?lang=en
iv 6',āšib <data> <data> ilabbbiru <data> šēd <data> <data> lamassāt mušallim qerbeša apqid ītarrê kayyān,who resides may endure The šēdu and the safeguarding lamassu took care of its interior and constantly looked after it,https://oracc.museum.upenn.edu/riao/Q003405?lang=en
iv 13',Aššur-ahu-iddina šar māssu Aššur mār narām libba ina qerbeša aqre altakan <data> <data>,I invited Esarhaddon king of Assyria my beloved son inside it and estab[lished,https://oracc.museum.upenn.edu/riao/Q003405?lang=en
v 1',<data> <data> <data> <data> <data> altakan mimma aqarte hišehti ēkal simat šarrūssa ana Aššur-ahu-iddina mār narām libba,I had instituted I for Esarh[addon my be[loved son anything of value that a palace requires and is befitting kingship,https://oracc.museum.upenn.edu/riao/Q003405?lang=en
