﻿line,akkadian,english,source
1',Budu-il Bit-Ammanaya Kammusu-nadbi Maʾabaya Aya-rammu Udummaya šar māssu Amurre kal igisê šadal tāmartašu kabitta adi erbêšu ana mahar aššânni inaššiquni šēp,Būdi-il of the land Bīt-Ammon Kammūsu-nadbi of the land Moab Aya-rāmu of the land Edom all of the king]s of the land Amurru they brought extensive gifts four times the normal amount as their substantial audience gift before me and kissed my feet,https://oracc.museum.upenn.edu/riao/Q003947?lang=en
4',u Ṣidqa šar Isqalluna ša lā iknuša ana nīr il bīssu ab šâšu alti mār mārassu ahašu zēr bīssu ab assuh ana māssu Aššur ītarrê,Moreover as for Ṣidqâ the king of the city Ashkel[on who had not bowed down to my yoke I forcibly removed the gods of his father’s house himself his wife his sons his daughters his brothers and other offspring of his father’s house and took him to Assyria,https://oracc.museum.upenn.edu/riao/Q003947?lang=en
6',Šarru-lu-dari mār Rukibti šar mahar el nišī Isqalluna altakan addin bilassun kadrâ bēlūssu ēmid išâṭ abšānī,I set Šarru]-lū-dāri son of Rūkibtu their former king over the people of the city Ashkelon and imposed upon him the pay]ment of tribute and gifts in recognition of my overlordship so that he now pulls my yoke,https://oracc.museum.upenn.edu/riao/Q003947?lang=en
8',ina mēteq gerra Bit-Daganna Yappu Banayabarqa Azuru āl ša Ṣidqa ša ana šēp arhiš lā iknuša alme akšud ašallal šallassin,I]n the course of my campaign I surrounded conquered and plundered the cities Bīt-[Daganna Joppa Banayabarqa and Azuru the citi]es of Ṣidqâ that had not submitted to m[e quickly,https://oracc.museum.upenn.edu/riao/Q003947?lang=en
10',šakkanak rubâtu u nišī Amqarruna ša Pade šar bēl adê u māmīt ša māssu Aššur birâti parzilla addâ ana Hazaqiyu Iaudaya addin nakriš ana anzillašu epēssu aplah libba šar Muṣri ṣāb qašassu narkabat sisê ša šar Emeluhha emūq lā nība iktera alāk rēṣūssu,As for the g]overnors the nobles and the people of the city Ekro[n who had thrown Padî their king who was bound by treaty and oaths to Assyria into iron fe]tters and who had handed him over to Hezekiah of the land Judah in a hostile manner they became frightened on account of the villainous acts they had committed They formed a confederation with the kings of Egypt and the archers chariots and horses of the king of the land Meluḫḫa forces without number and they came to their aid,https://oracc.museum.upenn.edu/riao/Q003947?lang=en
14',ina tamerāti Altaqu ellāmēšun sidir šitkunā ušaʾʾala kak ina tuklāt Aššur bēl ittešunu amdahiṣ altakan dabdâšu bēl narkabat u mār šar Muṣuraya adi bēl narkabat ša šar Emeluhha balṭūssa ina qabal tamhāra akšud qāssa,In the plain of the city Eltekeh they sharpened their weapons while drawing up in battleline before me With the support of the god Aššur my lord I fought with th[em and defeated them In the thick of battle I captured alive the Egyp[tian charioteers and princes lit “the sons of the kings” together with the charioteers of the king of the land Meluḫḫa,https://oracc.museum.upenn.edu/riao/Q003947?lang=en
18',Altaqu Tamna alme akšud ašallal šallassin ana Amqarruna aqribma šakkanak rubâtu ša hīṭātišu bašê addūk ina dimāte sihir āl ālul pagar  mār āl ēpissa anna u gillassun ana šallassin amna sittī lā bābil hiṭâte u gullultašun ša anna lā bašê mušširannâti aqabbû,I surrounded conquered and plundered the cities Eltekeh and Tamnâ I approached the city Ekron and I killed the governor[s and nobles who had com[mitted crime(s and hung their corpses on towers around the city I counted the citizens who had com[mitted the criminal acts as booty and I commanded that the rest of them those who were not guilty of crimes or wrongdoing to whom no penalty was due be allowed to go free,https://oracc.museum.upenn.edu/riao/Q003947?lang=en
r 3,Pade šar ištu qerbeša Ursalimma aṣê ina kussâšu bēlūssu el ašāb maddatta bēlūssu ikūn ṣēr,I brought out Padî their king from the city Jerusalem and placed him on the lordly throne over them and then I imposed upon him payment in recognition of my overlordship,https://oracc.museum.upenn.edu/riao/Q003947?lang=en
r 5,ša Hazaqiyu Iaudaya <data> āl bīssu dūr dannāku u āl ṣahri ša libīt ša nība lā īšâ ina akbus arammē u aqribma ašibi amdahiṣ zūk šēp pilši nikis u kalbānāte alme akšud <data> mē līm <data> mē <data> nišī ṣeher rab zikar u sinniš sisê parê imērī gammalī alap u ṣēnašu ša lā nība ištu qerbeša aṣê šallatiš amna,"As for Hezekiah of the land Judah I surrounded and conquered forty-six of his fortified walled cities and small(er settlements in their environs which were without number by having ramps trodden down and battering rams brought up the assault of foot soldiers sapping breaching and siege engines I brought out of them 200,150 people young and old male and female horses mules donkeys camels oxen and sheep and goats which were without number and I counted them as booty",https://oracc.museum.upenn.edu/riao/Q003947?lang=en
